ISO-10303-21;
HEADER;
/* Generated by software containing ST-Developer
 * from STEP Tools, Inc. (www.steptools.com) 
 */
/* OPTION: using custom renumber hook */

FILE_DESCRIPTION(
/* description */ ('STEP AP214'),
/* implementation_level */ '2;1');

FILE_NAME(
/* name */ '27 T5 _ 14-2',
/* time_stamp */ '2024-11-25T11:48:21+01:00',
/* author */ ('License CC BY-ND 4.0'),
/* organization */ ('CADENAS'),
/* preprocessor_version */ 'ST-DEVELOPER v19.3',
/* originating_system */ 'PARTsolutions',
/* authorisation */ '  ');

FILE_SCHEMA (('AUTOMOTIVE_DESIGN {1 0 10303 214 3 1 1}'));
ENDSEC;

DATA;
#10=PROPERTY_DEFINITION_REPRESENTATION(#14,#12);
#11=PROPERTY_DEFINITION_REPRESENTATION(#15,#13);
#12=REPRESENTATION('',(#16),#5097);
#13=REPRESENTATION('',(#17),#5097);
#14=PROPERTY_DEFINITION('pmi validation property','',#5102);
#15=PROPERTY_DEFINITION('pmi validation property','',#5102);
#16=VALUE_REPRESENTATION_ITEM('number of annotations',COUNT_MEASURE(0.));
#17=VALUE_REPRESENTATION_ITEM('number of views',COUNT_MEASURE(0.));
#18=SHAPE_REPRESENTATION_RELATIONSHIP('','',#2865,#19);
#19=ADVANCED_BREP_SHAPE_REPRESENTATION('',(#2863),#5097);
#20=CYLINDRICAL_SURFACE('',#2969,12.5);
#21=CYLINDRICAL_SURFACE('',#2975,6.5);
#22=CYLINDRICAL_SURFACE('',#2978,0.499999999999995);
#23=CYLINDRICAL_SURFACE('',#2980,0.499999999999996);
#24=CYLINDRICAL_SURFACE('',#2983,0.400000000000002);
#25=CYLINDRICAL_SURFACE('',#2986,0.399999999999991);
#26=CYLINDRICAL_SURFACE('',#2989,0.499999999999991);
#27=CYLINDRICAL_SURFACE('',#2991,0.500000000000003);
#28=CYLINDRICAL_SURFACE('',#2994,0.399999999999999);
#29=CYLINDRICAL_SURFACE('',#2997,0.4);
#30=CYLINDRICAL_SURFACE('',#3000,0.499999999999998);
#31=CYLINDRICAL_SURFACE('',#3002,0.500000000000003);
#32=CYLINDRICAL_SURFACE('',#3005,0.400000000000003);
#33=CYLINDRICAL_SURFACE('',#3008,0.399999999999997);
#34=CYLINDRICAL_SURFACE('',#3011,0.500000000000002);
#35=CYLINDRICAL_SURFACE('',#3013,0.499999999999998);
#36=CYLINDRICAL_SURFACE('',#3016,0.399999999999992);
#37=CYLINDRICAL_SURFACE('',#3019,0.399999999999996);
#38=CYLINDRICAL_SURFACE('',#3022,0.499999999999998);
#39=CYLINDRICAL_SURFACE('',#3024,0.499999999999999);
#40=CYLINDRICAL_SURFACE('',#3027,0.400000000000006);
#41=CYLINDRICAL_SURFACE('',#3030,0.399999999999995);
#42=CYLINDRICAL_SURFACE('',#3033,0.499999999999996);
#43=CYLINDRICAL_SURFACE('',#3035,0.499999999999997);
#44=CYLINDRICAL_SURFACE('',#3038,0.400000000000008);
#45=CYLINDRICAL_SURFACE('',#3041,0.4);
#46=CYLINDRICAL_SURFACE('',#3044,0.500000000000002);
#47=CYLINDRICAL_SURFACE('',#3046,0.499999999999998);
#48=CYLINDRICAL_SURFACE('',#3049,0.399999999999995);
#49=CYLINDRICAL_SURFACE('',#3052,0.400000000000006);
#50=CYLINDRICAL_SURFACE('',#3055,0.499999999999998);
#51=CYLINDRICAL_SURFACE('',#3057,0.499999999999994);
#52=CYLINDRICAL_SURFACE('',#3060,0.399999999999999);
#53=CYLINDRICAL_SURFACE('',#3063,0.399999999999991);
#54=CYLINDRICAL_SURFACE('',#3066,0.499999999999996);
#55=CYLINDRICAL_SURFACE('',#3068,0.500000000000003);
#56=CYLINDRICAL_SURFACE('',#3071,0.400000000000001);
#57=CYLINDRICAL_SURFACE('',#3074,0.399999999999997);
#58=CYLINDRICAL_SURFACE('',#3077,0.500000000000002);
#59=CYLINDRICAL_SURFACE('',#3079,0.500000000000001);
#60=CYLINDRICAL_SURFACE('',#3082,0.399999999999993);
#61=CYLINDRICAL_SURFACE('',#3085,0.400000000000002);
#62=CYLINDRICAL_SURFACE('',#3088,0.5);
#63=CYLINDRICAL_SURFACE('',#3090,0.500000000000004);
#64=CYLINDRICAL_SURFACE('',#3093,0.399999999999998);
#65=CYLINDRICAL_SURFACE('',#3096,0.399999999999998);
#66=CYLINDRICAL_SURFACE('',#3099,0.500000000000004);
#67=CYLINDRICAL_SURFACE('',#3101,0.499999999999999);
#68=CYLINDRICAL_SURFACE('',#3104,0.4);
#69=CYLINDRICAL_SURFACE('',#3107,0.399999999999996);
#70=CYLINDRICAL_SURFACE('',#3110,0.500000000000003);
#71=CYLINDRICAL_SURFACE('',#3112,0.499999999999998);
#72=CYLINDRICAL_SURFACE('',#3115,0.399999999999999);
#73=CYLINDRICAL_SURFACE('',#3118,0.400000000000003);
#74=CYLINDRICAL_SURFACE('',#3121,0.500000000000007);
#75=CYLINDRICAL_SURFACE('',#3123,0.499999999999997);
#76=CYLINDRICAL_SURFACE('',#3126,0.400000000000002);
#77=CYLINDRICAL_SURFACE('',#3129,0.399999999999998);
#78=CYLINDRICAL_SURFACE('',#3132,10.72);
#79=CYLINDRICAL_SURFACE('',#3134,10.7199999999985);
#80=CYLINDRICAL_SURFACE('',#3136,10.7199999999979);
#81=CYLINDRICAL_SURFACE('',#3138,10.7199999999992);
#82=CYLINDRICAL_SURFACE('',#3140,10.7200000000016);
#83=CYLINDRICAL_SURFACE('',#3142,10.719999999999);
#84=CYLINDRICAL_SURFACE('',#3144,10.7200000000003);
#85=CYLINDRICAL_SURFACE('',#3146,10.7200000000017);
#86=CYLINDRICAL_SURFACE('',#3148,10.7200000000004);
#87=CYLINDRICAL_SURFACE('',#3150,10.7199999999984);
#88=CYLINDRICAL_SURFACE('',#3152,10.7199999999981);
#89=CYLINDRICAL_SURFACE('',#3154,10.7199999999985);
#90=CYLINDRICAL_SURFACE('',#3156,10.7200000000003);
#91=CYLINDRICAL_SURFACE('',#3158,10.7200000000019);
#92=CYLINDRICAL_SURFACE('',#3160,12.5);
#93=CONICAL_SURFACE('',#2967,10.9481300951703,1.05894048436307);
#94=CONICAL_SURFACE('',#2971,12.5,1.05894048436311);
#95=CONICAL_SURFACE('',#3163,10.72,1.05894048436307);
#96=CONICAL_SURFACE('',#3165,12.5,1.05894048436307);
#97=LINE('',#4258,#293);
#98=LINE('',#4262,#294);
#99=LINE('',#4266,#295);
#100=LINE('',#4272,#296);
#101=LINE('',#4276,#297);
#102=LINE('',#4280,#298);
#103=LINE('',#4286,#299);
#104=LINE('',#4290,#300);
#105=LINE('',#4294,#301);
#106=LINE('',#4300,#302);
#107=LINE('',#4304,#303);
#108=LINE('',#4308,#304);
#109=LINE('',#4314,#305);
#110=LINE('',#4318,#306);
#111=LINE('',#4322,#307);
#112=LINE('',#4328,#308);
#113=LINE('',#4332,#309);
#114=LINE('',#4336,#310);
#115=LINE('',#4342,#311);
#116=LINE('',#4346,#312);
#117=LINE('',#4350,#313);
#118=LINE('',#4356,#314);
#119=LINE('',#4360,#315);
#120=LINE('',#4364,#316);
#121=LINE('',#4370,#317);
#122=LINE('',#4374,#318);
#123=LINE('',#4378,#319);
#124=LINE('',#4384,#320);
#125=LINE('',#4388,#321);
#126=LINE('',#4392,#322);
#127=LINE('',#4398,#323);
#128=LINE('',#4402,#324);
#129=LINE('',#4406,#325);
#130=LINE('',#4412,#326);
#131=LINE('',#4416,#327);
#132=LINE('',#4420,#328);
#133=LINE('',#4426,#329);
#134=LINE('',#4430,#330);
#135=LINE('',#4434,#331);
#136=LINE('',#4438,#332);
#137=LINE('',#4444,#333);
#138=LINE('',#4448,#334);
#139=LINE('',#4476,#335);
#140=LINE('',#4477,#336);
#141=LINE('',#4479,#337);
#142=LINE('',#4488,#338);
#143=LINE('',#4490,#339);
#144=LINE('',#4492,#340);
#145=LINE('',#4496,#341);
#146=LINE('',#4498,#342);
#147=LINE('',#4500,#343);
#148=LINE('',#4504,#344);
#149=LINE('',#4506,#345);
#150=LINE('',#4508,#346);
#151=LINE('',#4517,#347);
#152=LINE('',#4519,#348);
#153=LINE('',#4528,#349);
#154=LINE('',#4530,#350);
#155=LINE('',#4532,#351);
#156=LINE('',#4536,#352);
#157=LINE('',#4538,#353);
#158=LINE('',#4540,#354);
#159=LINE('',#4544,#355);
#160=LINE('',#4546,#356);
#161=LINE('',#4548,#357);
#162=LINE('',#4557,#358);
#163=LINE('',#4559,#359);
#164=LINE('',#4568,#360);
#165=LINE('',#4570,#361);
#166=LINE('',#4572,#362);
#167=LINE('',#4576,#363);
#168=LINE('',#4578,#364);
#169=LINE('',#4580,#365);
#170=LINE('',#4584,#366);
#171=LINE('',#4586,#367);
#172=LINE('',#4588,#368);
#173=LINE('',#4597,#369);
#174=LINE('',#4599,#370);
#175=LINE('',#4608,#371);
#176=LINE('',#4610,#372);
#177=LINE('',#4612,#373);
#178=LINE('',#4616,#374);
#179=LINE('',#4618,#375);
#180=LINE('',#4620,#376);
#181=LINE('',#4624,#377);
#182=LINE('',#4626,#378);
#183=LINE('',#4628,#379);
#184=LINE('',#4637,#380);
#185=LINE('',#4639,#381);
#186=LINE('',#4648,#382);
#187=LINE('',#4650,#383);
#188=LINE('',#4652,#384);
#189=LINE('',#4656,#385);
#190=LINE('',#4658,#386);
#191=LINE('',#4660,#387);
#192=LINE('',#4664,#388);
#193=LINE('',#4666,#389);
#194=LINE('',#4668,#390);
#195=LINE('',#4677,#391);
#196=LINE('',#4679,#392);
#197=LINE('',#4688,#393);
#198=LINE('',#4690,#394);
#199=LINE('',#4692,#395);
#200=LINE('',#4696,#396);
#201=LINE('',#4698,#397);
#202=LINE('',#4700,#398);
#203=LINE('',#4704,#399);
#204=LINE('',#4706,#400);
#205=LINE('',#4708,#401);
#206=LINE('',#4717,#402);
#207=LINE('',#4719,#403);
#208=LINE('',#4728,#404);
#209=LINE('',#4730,#405);
#210=LINE('',#4732,#406);
#211=LINE('',#4736,#407);
#212=LINE('',#4738,#408);
#213=LINE('',#4740,#409);
#214=LINE('',#4744,#410);
#215=LINE('',#4746,#411);
#216=LINE('',#4748,#412);
#217=LINE('',#4757,#413);
#218=LINE('',#4759,#414);
#219=LINE('',#4768,#415);
#220=LINE('',#4770,#416);
#221=LINE('',#4772,#417);
#222=LINE('',#4776,#418);
#223=LINE('',#4778,#419);
#224=LINE('',#4780,#420);
#225=LINE('',#4784,#421);
#226=LINE('',#4786,#422);
#227=LINE('',#4788,#423);
#228=LINE('',#4797,#424);
#229=LINE('',#4799,#425);
#230=LINE('',#4808,#426);
#231=LINE('',#4810,#427);
#232=LINE('',#4812,#428);
#233=LINE('',#4816,#429);
#234=LINE('',#4818,#430);
#235=LINE('',#4820,#431);
#236=LINE('',#4824,#432);
#237=LINE('',#4826,#433);
#238=LINE('',#4828,#434);
#239=LINE('',#4837,#435);
#240=LINE('',#4839,#436);
#241=LINE('',#4848,#437);
#242=LINE('',#4850,#438);
#243=LINE('',#4852,#439);
#244=LINE('',#4856,#440);
#245=LINE('',#4858,#441);
#246=LINE('',#4860,#442);
#247=LINE('',#4864,#443);
#248=LINE('',#4866,#444);
#249=LINE('',#4868,#445);
#250=LINE('',#4877,#446);
#251=LINE('',#4879,#447);
#252=LINE('',#4888,#448);
#253=LINE('',#4890,#449);
#254=LINE('',#4892,#450);
#255=LINE('',#4896,#451);
#256=LINE('',#4898,#452);
#257=LINE('',#4900,#453);
#258=LINE('',#4904,#454);
#259=LINE('',#4906,#455);
#260=LINE('',#4908,#456);
#261=LINE('',#4917,#457);
#262=LINE('',#4919,#458);
#263=LINE('',#4928,#459);
#264=LINE('',#4930,#460);
#265=LINE('',#4932,#461);
#266=LINE('',#4936,#462);
#267=LINE('',#4938,#463);
#268=LINE('',#4940,#464);
#269=LINE('',#4944,#465);
#270=LINE('',#4946,#466);
#271=LINE('',#4948,#467);
#272=LINE('',#4957,#468);
#273=LINE('',#4959,#469);
#274=LINE('',#4968,#470);
#275=LINE('',#4970,#471);
#276=LINE('',#4972,#472);
#277=LINE('',#4976,#473);
#278=LINE('',#4978,#474);
#279=LINE('',#4980,#475);
#280=LINE('',#4984,#476);
#281=LINE('',#4986,#477);
#282=LINE('',#4988,#478);
#283=LINE('',#4997,#479);
#284=LINE('',#4999,#480);
#285=LINE('',#5008,#481);
#286=LINE('',#5010,#482);
#287=LINE('',#5012,#483);
#288=LINE('',#5016,#484);
#289=LINE('',#5018,#485);
#290=LINE('',#5020,#486);
#291=LINE('',#5024,#487);
#292=LINE('',#5026,#488);
#293=VECTOR('',#3263,1000.);
#294=VECTOR('',#3266,1000.);
#295=VECTOR('',#3269,1000.);
#296=VECTOR('',#3276,1000.);
#297=VECTOR('',#3279,1000.);
#298=VECTOR('',#3282,1000.);
#299=VECTOR('',#3289,1000.);
#300=VECTOR('',#3292,1000.);
#301=VECTOR('',#3295,1000.);
#302=VECTOR('',#3302,1000.);
#303=VECTOR('',#3305,1000.);
#304=VECTOR('',#3308,1000.);
#305=VECTOR('',#3315,1000.);
#306=VECTOR('',#3318,1000.);
#307=VECTOR('',#3321,1000.);
#308=VECTOR('',#3328,1000.);
#309=VECTOR('',#3331,1000.);
#310=VECTOR('',#3334,1000.);
#311=VECTOR('',#3341,1000.);
#312=VECTOR('',#3344,1000.);
#313=VECTOR('',#3347,1000.);
#314=VECTOR('',#3354,1000.);
#315=VECTOR('',#3357,1000.);
#316=VECTOR('',#3360,1000.);
#317=VECTOR('',#3367,1000.);
#318=VECTOR('',#3370,1000.);
#319=VECTOR('',#3373,1000.);
#320=VECTOR('',#3380,1000.);
#321=VECTOR('',#3383,1000.);
#322=VECTOR('',#3386,1000.);
#323=VECTOR('',#3393,1000.);
#324=VECTOR('',#3396,1000.);
#325=VECTOR('',#3399,1000.);
#326=VECTOR('',#3406,1000.);
#327=VECTOR('',#3409,1000.);
#328=VECTOR('',#3412,1000.);
#329=VECTOR('',#3419,1000.);
#330=VECTOR('',#3422,1000.);
#331=VECTOR('',#3425,1000.);
#332=VECTOR('',#3430,1000.);
#333=VECTOR('',#3435,1000.);
#334=VECTOR('',#3438,1000.);
#335=VECTOR('',#3467,1000.);
#336=VECTOR('',#3468,1000.);
#337=VECTOR('',#3471,1000.);
#338=VECTOR('',#3474,1000.);
#339=VECTOR('',#3477,1000.);
#340=VECTOR('',#3478,1000.);
#341=VECTOR('',#3483,1000.);
#342=VECTOR('',#3486,1000.);
#343=VECTOR('',#3487,1000.);
#344=VECTOR('',#3492,1000.);
#345=VECTOR('',#3495,1000.);
#346=VECTOR('',#3496,1000.);
#347=VECTOR('',#3501,1000.);
#348=VECTOR('',#3504,1000.);
#349=VECTOR('',#3507,1000.);
#350=VECTOR('',#3510,1000.);
#351=VECTOR('',#3511,1000.);
#352=VECTOR('',#3516,1000.);
#353=VECTOR('',#3519,1000.);
#354=VECTOR('',#3520,1000.);
#355=VECTOR('',#3525,1000.);
#356=VECTOR('',#3528,1000.);
#357=VECTOR('',#3529,1000.);
#358=VECTOR('',#3534,1000.);
#359=VECTOR('',#3537,1000.);
#360=VECTOR('',#3540,1000.);
#361=VECTOR('',#3543,1000.);
#362=VECTOR('',#3544,1000.);
#363=VECTOR('',#3549,1000.);
#364=VECTOR('',#3552,1000.);
#365=VECTOR('',#3553,1000.);
#366=VECTOR('',#3558,1000.);
#367=VECTOR('',#3561,1000.);
#368=VECTOR('',#3562,1000.);
#369=VECTOR('',#3567,1000.);
#370=VECTOR('',#3570,1000.);
#371=VECTOR('',#3573,1000.);
#372=VECTOR('',#3576,1000.);
#373=VECTOR('',#3577,1000.);
#374=VECTOR('',#3582,1000.);
#375=VECTOR('',#3585,1000.);
#376=VECTOR('',#3586,1000.);
#377=VECTOR('',#3591,1000.);
#378=VECTOR('',#3594,1000.);
#379=VECTOR('',#3595,1000.);
#380=VECTOR('',#3600,1000.);
#381=VECTOR('',#3603,1000.);
#382=VECTOR('',#3606,1000.);
#383=VECTOR('',#3609,1000.);
#384=VECTOR('',#3610,1000.);
#385=VECTOR('',#3615,1000.);
#386=VECTOR('',#3618,1000.);
#387=VECTOR('',#3619,1000.);
#388=VECTOR('',#3624,1000.);
#389=VECTOR('',#3627,1000.);
#390=VECTOR('',#3628,1000.);
#391=VECTOR('',#3633,1000.);
#392=VECTOR('',#3636,1000.);
#393=VECTOR('',#3639,1000.);
#394=VECTOR('',#3642,1000.);
#395=VECTOR('',#3643,1000.);
#396=VECTOR('',#3648,1000.);
#397=VECTOR('',#3651,1000.);
#398=VECTOR('',#3652,1000.);
#399=VECTOR('',#3657,1000.);
#400=VECTOR('',#3660,1000.);
#401=VECTOR('',#3661,1000.);
#402=VECTOR('',#3666,1000.);
#403=VECTOR('',#3669,1000.);
#404=VECTOR('',#3672,1000.);
#405=VECTOR('',#3675,1000.);
#406=VECTOR('',#3676,1000.);
#407=VECTOR('',#3681,1000.);
#408=VECTOR('',#3684,1000.);
#409=VECTOR('',#3685,1000.);
#410=VECTOR('',#3690,1000.);
#411=VECTOR('',#3693,1000.);
#412=VECTOR('',#3694,1000.);
#413=VECTOR('',#3699,1000.);
#414=VECTOR('',#3702,1000.);
#415=VECTOR('',#3705,1000.);
#416=VECTOR('',#3708,1000.);
#417=VECTOR('',#3709,1000.);
#418=VECTOR('',#3714,1000.);
#419=VECTOR('',#3717,1000.);
#420=VECTOR('',#3718,1000.);
#421=VECTOR('',#3723,1000.);
#422=VECTOR('',#3726,1000.);
#423=VECTOR('',#3727,1000.);
#424=VECTOR('',#3732,1000.);
#425=VECTOR('',#3735,1000.);
#426=VECTOR('',#3738,1000.);
#427=VECTOR('',#3741,1000.);
#428=VECTOR('',#3742,1000.);
#429=VECTOR('',#3747,1000.);
#430=VECTOR('',#3750,1000.);
#431=VECTOR('',#3751,1000.);
#432=VECTOR('',#3756,1000.);
#433=VECTOR('',#3759,1000.);
#434=VECTOR('',#3760,1000.);
#435=VECTOR('',#3765,1000.);
#436=VECTOR('',#3768,1000.);
#437=VECTOR('',#3771,1000.);
#438=VECTOR('',#3774,1000.);
#439=VECTOR('',#3775,1000.);
#440=VECTOR('',#3780,1000.);
#441=VECTOR('',#3783,1000.);
#442=VECTOR('',#3784,1000.);
#443=VECTOR('',#3789,1000.);
#444=VECTOR('',#3792,1000.);
#445=VECTOR('',#3793,1000.);
#446=VECTOR('',#3798,1000.);
#447=VECTOR('',#3801,1000.);
#448=VECTOR('',#3804,1000.);
#449=VECTOR('',#3807,1000.);
#450=VECTOR('',#3808,1000.);
#451=VECTOR('',#3813,1000.);
#452=VECTOR('',#3816,1000.);
#453=VECTOR('',#3817,1000.);
#454=VECTOR('',#3822,1000.);
#455=VECTOR('',#3825,1000.);
#456=VECTOR('',#3826,1000.);
#457=VECTOR('',#3831,1000.);
#458=VECTOR('',#3834,1000.);
#459=VECTOR('',#3837,1000.);
#460=VECTOR('',#3840,1000.);
#461=VECTOR('',#3841,1000.);
#462=VECTOR('',#3846,1000.);
#463=VECTOR('',#3849,1000.);
#464=VECTOR('',#3850,1000.);
#465=VECTOR('',#3855,1000.);
#466=VECTOR('',#3858,1000.);
#467=VECTOR('',#3859,1000.);
#468=VECTOR('',#3864,1000.);
#469=VECTOR('',#3867,1000.);
#470=VECTOR('',#3870,1000.);
#471=VECTOR('',#3873,1000.);
#472=VECTOR('',#3874,1000.);
#473=VECTOR('',#3879,1000.);
#474=VECTOR('',#3882,1000.);
#475=VECTOR('',#3883,1000.);
#476=VECTOR('',#3888,1000.);
#477=VECTOR('',#3891,1000.);
#478=VECTOR('',#3892,1000.);
#479=VECTOR('',#3897,1000.);
#480=VECTOR('',#3900,1000.);
#481=VECTOR('',#3903,1000.);
#482=VECTOR('',#3906,1000.);
#483=VECTOR('',#3907,1000.);
#484=VECTOR('',#3912,1000.);
#485=VECTOR('',#3915,1000.);
#486=VECTOR('',#3916,1000.);
#487=VECTOR('',#3921,1000.);
#488=VECTOR('',#3924,1000.);
#489=PLANE('',#2897);
#490=PLANE('',#2902);
#491=PLANE('',#2907);
#492=PLANE('',#2912);
#493=PLANE('',#2917);
#494=PLANE('',#2922);
#495=PLANE('',#2927);
#496=PLANE('',#2932);
#497=PLANE('',#2937);
#498=PLANE('',#2942);
#499=PLANE('',#2947);
#500=PLANE('',#2952);
#501=PLANE('',#2957);
#502=PLANE('',#2962);
#503=PLANE('',#2973);
#504=PLANE('',#2977);
#505=PLANE('',#2982);
#506=PLANE('',#2985);
#507=PLANE('',#2988);
#508=PLANE('',#2993);
#509=PLANE('',#2996);
#510=PLANE('',#2999);
#511=PLANE('',#3004);
#512=PLANE('',#3007);
#513=PLANE('',#3010);
#514=PLANE('',#3015);
#515=PLANE('',#3018);
#516=PLANE('',#3021);
#517=PLANE('',#3026);
#518=PLANE('',#3029);
#519=PLANE('',#3032);
#520=PLANE('',#3037);
#521=PLANE('',#3040);
#522=PLANE('',#3043);
#523=PLANE('',#3048);
#524=PLANE('',#3051);
#525=PLANE('',#3054);
#526=PLANE('',#3059);
#527=PLANE('',#3062);
#528=PLANE('',#3065);
#529=PLANE('',#3070);
#530=PLANE('',#3073);
#531=PLANE('',#3076);
#532=PLANE('',#3081);
#533=PLANE('',#3084);
#534=PLANE('',#3087);
#535=PLANE('',#3092);
#536=PLANE('',#3095);
#537=PLANE('',#3098);
#538=PLANE('',#3103);
#539=PLANE('',#3106);
#540=PLANE('',#3109);
#541=PLANE('',#3114);
#542=PLANE('',#3117);
#543=PLANE('',#3120);
#544=PLANE('',#3125);
#545=PLANE('',#3128);
#546=PLANE('',#3131);
#547=PLANE('',#3167);
#548=PLANE('',#3183);
#549=PLANE('',#3184);
#550=PLANE('',#3185);
#551=PLANE('',#3186);
#552=PLANE('',#3187);
#553=PLANE('',#3188);
#554=PLANE('',#3189);
#555=PLANE('',#3190);
#556=PLANE('',#3191);
#557=PLANE('',#3192);
#558=PLANE('',#3193);
#559=PLANE('',#3194);
#560=PLANE('',#3195);
#561=PLANE('',#3196);
#562=B_SPLINE_CURVE_WITH_KNOTS('',3,(#4060,#4061,#4062,#4063),
 .UNSPECIFIED.,.F.,.F.,(4,4),(2.0057489610078E-7,0.000546390333712391),
 .UNSPECIFIED.);
#563=B_SPLINE_CURVE_WITH_KNOTS('',3,(#4067,#4068,#4069,#4070),
 .UNSPECIFIED.,.F.,.F.,(4,4),(0.000112778339524948,0.000659073217204246),
 .UNSPECIFIED.);
#564=B_SPLINE_CURVE_WITH_KNOTS('',3,(#4074,#4075,#4076,#4077),
 .UNSPECIFIED.,.F.,.F.,(4,4),(2.44912705119322E-7,0.000546435397239125),
 .UNSPECIFIED.);
#565=B_SPLINE_CURVE_WITH_KNOTS('',3,(#4081,#4082,#4083,#4084),
 .UNSPECIFIED.,.F.,.F.,(4,4),(0.000112801745285042,0.000659099079574614),
 .UNSPECIFIED.);
#566=B_SPLINE_CURVE_WITH_KNOTS('',3,(#4088,#4089,#4090,#4091),
 .UNSPECIFIED.,.F.,.F.,(4,4),(2.22952752929869E-7,0.000546412990496618),
 .UNSPECIFIED.);
#567=B_SPLINE_CURVE_WITH_KNOTS('',3,(#4095,#4096,#4097,#4098),
 .UNSPECIFIED.,.F.,.F.,(4,4),(0.000112831711278724,0.000659128274218659),
 .UNSPECIFIED.);
#568=B_SPLINE_CURVE_WITH_KNOTS('',3,(#4102,#4103,#4104,#4105),
 .UNSPECIFIED.,.F.,.F.,(4,4),(1.97228418995316E-7,0.000546386898532108),
 .UNSPECIFIED.);
#569=B_SPLINE_CURVE_WITH_KNOTS('',3,(#4109,#4110,#4111,#4112),
 .UNSPECIFIED.,.F.,.F.,(4,4),(0.000112782902491558,0.000659077663796196),
 .UNSPECIFIED.);
#570=B_SPLINE_CURVE_WITH_KNOTS('',3,(#4116,#4117,#4118,#4119),
 .UNSPECIFIED.,.F.,.F.,(4,4),(2.15006017586987E-7,0.000546405053124594),
 .UNSPECIFIED.);
#571=B_SPLINE_CURVE_WITH_KNOTS('',3,(#4123,#4124,#4125,#4126),
 .UNSPECIFIED.,.F.,.F.,(4,4),(0.000112784092142911,0.00065907974545547),
 .UNSPECIFIED.);
#572=B_SPLINE_CURVE_WITH_KNOTS('',3,(#4130,#4131,#4132,#4133),
 .UNSPECIFIED.,.F.,.F.,(4,4),(2.60072536430754E-7,0.000546450681778702),
 .UNSPECIFIED.);
#573=B_SPLINE_CURVE_WITH_KNOTS('',3,(#4137,#4138,#4139,#4140),
 .UNSPECIFIED.,.F.,.F.,(4,4),(0.000112836915703798,0.000659134610898848),
 .UNSPECIFIED.);
#574=B_SPLINE_CURVE_WITH_KNOTS('',3,(#4144,#4145,#4146,#4147),
 .UNSPECIFIED.,.F.,.F.,(4,4),(2.04056219344637E-7,0.000546393811411747),
 .UNSPECIFIED.);
#575=B_SPLINE_CURVE_WITH_KNOTS('',3,(#4151,#4152,#4153,#4154),
 .UNSPECIFIED.,.F.,.F.,(4,4),(0.000112799025481984,0.000659094296925657),
 .UNSPECIFIED.);
#576=B_SPLINE_CURVE_WITH_KNOTS('',3,(#4158,#4159,#4160,#4161),
 .UNSPECIFIED.,.F.,.F.,(4,4),(2.00574896067385E-7,0.000546390333712392),
 .UNSPECIFIED.);
#577=B_SPLINE_CURVE_WITH_KNOTS('',3,(#4165,#4166,#4167,#4168),
 .UNSPECIFIED.,.F.,.F.,(4,4),(0.00011277833952495,0.000659073217204259),
 .UNSPECIFIED.);
#578=B_SPLINE_CURVE_WITH_KNOTS('',3,(#4172,#4173,#4174,#4175),
 .UNSPECIFIED.,.F.,.F.,(4,4),(2.44912719398498E-7,0.000546435436657473),
 .UNSPECIFIED.);
#579=B_SPLINE_CURVE_WITH_KNOTS('',3,(#4179,#4180,#4181,#4182),
 .UNSPECIFIED.,.F.,.F.,(4,4),(0.000112801745285044,0.000659099079574623),
 .UNSPECIFIED.);
#580=B_SPLINE_CURVE_WITH_KNOTS('',3,(#4186,#4187,#4188,#4189),
 .UNSPECIFIED.,.F.,.F.,(4,4),(2.2295274366501E-7,0.000546413029890464),
 .UNSPECIFIED.);
#581=B_SPLINE_CURVE_WITH_KNOTS('',3,(#4193,#4194,#4195,#4196),
 .UNSPECIFIED.,.F.,.F.,(4,4),(0.000112831711278724,0.00065912827421866),
 .UNSPECIFIED.);
#582=B_SPLINE_CURVE_WITH_KNOTS('',3,(#4200,#4201,#4202,#4203),
 .UNSPECIFIED.,.F.,.F.,(4,4),(1.97228418089756E-7,0.000546386959482875),
 .UNSPECIFIED.);
#583=B_SPLINE_CURVE_WITH_KNOTS('',3,(#4207,#4208,#4209,#4210),
 .UNSPECIFIED.,.F.,.F.,(4,4),(0.000112782902491554,0.000659077663796201),
 .UNSPECIFIED.);
#584=B_SPLINE_CURVE_WITH_KNOTS('',3,(#4214,#4215,#4216,#4217),
 .UNSPECIFIED.,.F.,.F.,(4,4),(2.1500602902188E-7,0.000546405114088699),
 .UNSPECIFIED.);
#585=B_SPLINE_CURVE_WITH_KNOTS('',3,(#4221,#4222,#4223,#4224),
 .UNSPECIFIED.,.F.,.F.,(4,4),(0.000112784092142913,0.000659079745455468),
 .UNSPECIFIED.);
#586=B_SPLINE_CURVE_WITH_KNOTS('',3,(#4228,#4229,#4230,#4231),
 .UNSPECIFIED.,.F.,.F.,(4,4),(2.60072509145684E-7,0.000546450742704511),
 .UNSPECIFIED.);
#587=B_SPLINE_CURVE_WITH_KNOTS('',3,(#4235,#4236,#4237,#4238),
 .UNSPECIFIED.,.F.,.F.,(4,4),(0.000112836915703797,0.000659134610898842),
 .UNSPECIFIED.);
#588=B_SPLINE_CURVE_WITH_KNOTS('',3,(#4242,#4243,#4244,#4245),
 .UNSPECIFIED.,.F.,.F.,(4,4),(2.04056215054147E-7,0.000546393850810291),
 .UNSPECIFIED.);
#589=B_SPLINE_CURVE_WITH_KNOTS('',3,(#4249,#4250,#4251,#4252),
 .UNSPECIFIED.,.F.,.F.,(4,4),(0.000112799025481983,0.000659094296925647),
 .UNSPECIFIED.);
#590=B_SPLINE_CURVE_WITH_KNOTS('',3,(#4471,#4472,#4473,#4474),
 .UNSPECIFIED.,.F.,.F.,(4,4),(0.000112782902490118,0.000659077663796196),
 .UNSPECIFIED.);
#591=B_SPLINE_CURVE_WITH_KNOTS('',3,(#4481,#4482,#4483,#4484),
 .UNSPECIFIED.,.F.,.F.,(4,4),(1.97228418995859E-7,0.000546386898533673),
 .UNSPECIFIED.);
#592=B_SPLINE_CURVE_WITH_KNOTS('',3,(#4512,#4513,#4514,#4515),
 .UNSPECIFIED.,.F.,.F.,(4,4),(0.000112831711277299,0.00065912827421864),
 .UNSPECIFIED.);
#593=B_SPLINE_CURVE_WITH_KNOTS('',3,(#4521,#4522,#4523,#4524),
 .UNSPECIFIED.,.F.,.F.,(4,4),(2.22952752950324E-7,0.000546412990498194),
 .UNSPECIFIED.);
#594=B_SPLINE_CURVE_WITH_KNOTS('',3,(#4552,#4553,#4554,#4555),
 .UNSPECIFIED.,.F.,.F.,(4,4),(0.000112801745283612,0.000659099079574599),
 .UNSPECIFIED.);
#595=B_SPLINE_CURVE_WITH_KNOTS('',3,(#4561,#4562,#4563,#4564),
 .UNSPECIFIED.,.F.,.F.,(4,4),(2.44912705123202E-7,0.00054643539724071),
 .UNSPECIFIED.);
#596=B_SPLINE_CURVE_WITH_KNOTS('',3,(#4592,#4593,#4594,#4595),
 .UNSPECIFIED.,.F.,.F.,(4,4),(0.000112778339523511,0.000659073217204238),
 .UNSPECIFIED.);
#597=B_SPLINE_CURVE_WITH_KNOTS('',3,(#4601,#4602,#4603,#4604),
 .UNSPECIFIED.,.F.,.F.,(4,4),(2.00574896084772E-7,0.000546390333713963),
 .UNSPECIFIED.);
#598=B_SPLINE_CURVE_WITH_KNOTS('',3,(#4632,#4633,#4634,#4635),
 .UNSPECIFIED.,.F.,.F.,(4,4),(0.00011279902548055,0.000659094296925671),
 .UNSPECIFIED.);
#599=B_SPLINE_CURVE_WITH_KNOTS('',3,(#4641,#4642,#4643,#4644),
 .UNSPECIFIED.,.F.,.F.,(4,4),(2.04056219335357E-7,0.000546393811413324),
 .UNSPECIFIED.);
#600=B_SPLINE_CURVE_WITH_KNOTS('',3,(#4672,#4673,#4674,#4675),
 .UNSPECIFIED.,.F.,.F.,(4,4),(0.000112836915702372,0.000659134651058884),
 .UNSPECIFIED.);
#601=B_SPLINE_CURVE_WITH_KNOTS('',3,(#4681,#4682,#4683,#4684),
 .UNSPECIFIED.,.F.,.F.,(4,4),(2.60072536407945E-7,0.00054645068178029),
 .UNSPECIFIED.);
#602=B_SPLINE_CURVE_WITH_KNOTS('',3,(#4712,#4713,#4714,#4715),
 .UNSPECIFIED.,.F.,.F.,(4,4),(0.000112784092141474,0.000659079785613477),
 .UNSPECIFIED.);
#603=B_SPLINE_CURVE_WITH_KNOTS('',3,(#4721,#4722,#4723,#4724),
 .UNSPECIFIED.,.F.,.F.,(4,4),(2.15006017570618E-7,0.000546405053126166),
 .UNSPECIFIED.);
#604=B_SPLINE_CURVE_WITH_KNOTS('',3,(#4752,#4753,#4754,#4755),
 .UNSPECIFIED.,.F.,.F.,(4,4),(0.000112782902490118,0.000659077725915894),
 .UNSPECIFIED.);
#605=B_SPLINE_CURVE_WITH_KNOTS('',3,(#4761,#4762,#4763,#4764),
 .UNSPECIFIED.,.F.,.F.,(4,4),(1.97228418995859E-7,0.000546386898533681),
 .UNSPECIFIED.);
#606=B_SPLINE_CURVE_WITH_KNOTS('',3,(#4792,#4793,#4794,#4795),
 .UNSPECIFIED.,.F.,.F.,(4,4),(0.000112831711277297,0.000659128336340483),
 .UNSPECIFIED.);
#607=B_SPLINE_CURVE_WITH_KNOTS('',3,(#4801,#4802,#4803,#4804),
 .UNSPECIFIED.,.F.,.F.,(4,4),(2.22952752950324E-7,0.000546412990498192),
 .UNSPECIFIED.);
#608=B_SPLINE_CURVE_WITH_KNOTS('',3,(#4832,#4833,#4834,#4835),
 .UNSPECIFIED.,.F.,.F.,(4,4),(0.000112801745283609,0.000659099141695396),
 .UNSPECIFIED.);
#609=B_SPLINE_CURVE_WITH_KNOTS('',3,(#4841,#4842,#4843,#4844),
 .UNSPECIFIED.,.F.,.F.,(4,4),(2.44912705123207E-7,0.000546435397240708),
 .UNSPECIFIED.);
#610=B_SPLINE_CURVE_WITH_KNOTS('',3,(#4872,#4873,#4874,#4875),
 .UNSPECIFIED.,.F.,.F.,(4,4),(0.000112778339523509,0.000659073257362008),
 .UNSPECIFIED.);
#611=B_SPLINE_CURVE_WITH_KNOTS('',3,(#4881,#4882,#4883,#4884),
 .UNSPECIFIED.,.F.,.F.,(4,4),(2.00574896084339E-7,0.000546390333713953),
 .UNSPECIFIED.);
#612=B_SPLINE_CURVE_WITH_KNOTS('',3,(#4912,#4913,#4914,#4915),
 .UNSPECIFIED.,.F.,.F.,(4,4),(0.000112799025480555,0.000659094296925636),
 .UNSPECIFIED.);
#613=B_SPLINE_CURVE_WITH_KNOTS('',3,(#4921,#4922,#4923,#4924),
 .UNSPECIFIED.,.F.,.F.,(4,4),(2.04056219335357E-7,0.000546393811413311),
 .UNSPECIFIED.);
#614=B_SPLINE_CURVE_WITH_KNOTS('',3,(#4952,#4953,#4954,#4955),
 .UNSPECIFIED.,.F.,.F.,(4,4),(0.000112836915702376,0.000659134610898847),
 .UNSPECIFIED.);
#615=B_SPLINE_CURVE_WITH_KNOTS('',3,(#4961,#4962,#4963,#4964),
 .UNSPECIFIED.,.F.,.F.,(4,4),(2.60072536409836E-7,0.000546450681780283),
 .UNSPECIFIED.);
#616=B_SPLINE_CURVE_WITH_KNOTS('',3,(#4992,#4993,#4994,#4995),
 .UNSPECIFIED.,.F.,.F.,(4,4),(0.000112784092141479,0.000659079745455489),
 .UNSPECIFIED.);
#617=B_SPLINE_CURVE_WITH_KNOTS('',3,(#5001,#5002,#5003,#5004),
 .UNSPECIFIED.,.F.,.F.,(4,4),(2.15006017570618E-7,0.000546405053126167),
 .UNSPECIFIED.);
#618=ORIENTED_EDGE('',*,*,#1478,.T.);
#619=ORIENTED_EDGE('',*,*,#1479,.F.);
#620=ORIENTED_EDGE('',*,*,#1480,.F.);
#621=ORIENTED_EDGE('',*,*,#1481,.F.);
#622=ORIENTED_EDGE('',*,*,#1482,.T.);
#623=ORIENTED_EDGE('',*,*,#1483,.F.);
#624=ORIENTED_EDGE('',*,*,#1484,.F.);
#625=ORIENTED_EDGE('',*,*,#1485,.F.);
#626=ORIENTED_EDGE('',*,*,#1486,.T.);
#627=ORIENTED_EDGE('',*,*,#1487,.F.);
#628=ORIENTED_EDGE('',*,*,#1488,.F.);
#629=ORIENTED_EDGE('',*,*,#1489,.F.);
#630=ORIENTED_EDGE('',*,*,#1490,.T.);
#631=ORIENTED_EDGE('',*,*,#1491,.F.);
#632=ORIENTED_EDGE('',*,*,#1492,.F.);
#633=ORIENTED_EDGE('',*,*,#1493,.F.);
#634=ORIENTED_EDGE('',*,*,#1494,.T.);
#635=ORIENTED_EDGE('',*,*,#1495,.F.);
#636=ORIENTED_EDGE('',*,*,#1496,.F.);
#637=ORIENTED_EDGE('',*,*,#1497,.F.);
#638=ORIENTED_EDGE('',*,*,#1498,.T.);
#639=ORIENTED_EDGE('',*,*,#1499,.F.);
#640=ORIENTED_EDGE('',*,*,#1500,.F.);
#641=ORIENTED_EDGE('',*,*,#1501,.F.);
#642=ORIENTED_EDGE('',*,*,#1502,.T.);
#643=ORIENTED_EDGE('',*,*,#1503,.F.);
#644=ORIENTED_EDGE('',*,*,#1504,.F.);
#645=ORIENTED_EDGE('',*,*,#1505,.F.);
#646=ORIENTED_EDGE('',*,*,#1506,.T.);
#647=ORIENTED_EDGE('',*,*,#1507,.F.);
#648=ORIENTED_EDGE('',*,*,#1508,.F.);
#649=ORIENTED_EDGE('',*,*,#1509,.F.);
#650=ORIENTED_EDGE('',*,*,#1510,.T.);
#651=ORIENTED_EDGE('',*,*,#1511,.F.);
#652=ORIENTED_EDGE('',*,*,#1512,.F.);
#653=ORIENTED_EDGE('',*,*,#1513,.F.);
#654=ORIENTED_EDGE('',*,*,#1514,.T.);
#655=ORIENTED_EDGE('',*,*,#1515,.F.);
#656=ORIENTED_EDGE('',*,*,#1516,.F.);
#657=ORIENTED_EDGE('',*,*,#1517,.F.);
#658=ORIENTED_EDGE('',*,*,#1518,.T.);
#659=ORIENTED_EDGE('',*,*,#1519,.F.);
#660=ORIENTED_EDGE('',*,*,#1520,.F.);
#661=ORIENTED_EDGE('',*,*,#1521,.F.);
#662=ORIENTED_EDGE('',*,*,#1522,.T.);
#663=ORIENTED_EDGE('',*,*,#1523,.F.);
#664=ORIENTED_EDGE('',*,*,#1524,.F.);
#665=ORIENTED_EDGE('',*,*,#1525,.F.);
#666=ORIENTED_EDGE('',*,*,#1526,.T.);
#667=ORIENTED_EDGE('',*,*,#1527,.F.);
#668=ORIENTED_EDGE('',*,*,#1528,.F.);
#669=ORIENTED_EDGE('',*,*,#1529,.F.);
#670=ORIENTED_EDGE('',*,*,#1530,.T.);
#671=ORIENTED_EDGE('',*,*,#1531,.F.);
#672=ORIENTED_EDGE('',*,*,#1532,.F.);
#673=ORIENTED_EDGE('',*,*,#1533,.F.);
#674=ORIENTED_EDGE('',*,*,#1534,.F.);
#675=ORIENTED_EDGE('',*,*,#1494,.F.);
#676=ORIENTED_EDGE('',*,*,#1535,.T.);
#677=ORIENTED_EDGE('',*,*,#1536,.T.);
#678=ORIENTED_EDGE('',*,*,#1537,.F.);
#679=ORIENTED_EDGE('',*,*,#1538,.T.);
#680=ORIENTED_EDGE('',*,*,#1539,.F.);
#681=ORIENTED_EDGE('',*,*,#1540,.T.);
#682=ORIENTED_EDGE('',*,*,#1541,.T.);
#683=ORIENTED_EDGE('',*,*,#1498,.F.);
#684=ORIENTED_EDGE('',*,*,#1542,.T.);
#685=ORIENTED_EDGE('',*,*,#1543,.T.);
#686=ORIENTED_EDGE('',*,*,#1544,.F.);
#687=ORIENTED_EDGE('',*,*,#1545,.T.);
#688=ORIENTED_EDGE('',*,*,#1546,.F.);
#689=ORIENTED_EDGE('',*,*,#1547,.T.);
#690=ORIENTED_EDGE('',*,*,#1548,.T.);
#691=ORIENTED_EDGE('',*,*,#1502,.F.);
#692=ORIENTED_EDGE('',*,*,#1549,.T.);
#693=ORIENTED_EDGE('',*,*,#1550,.T.);
#694=ORIENTED_EDGE('',*,*,#1551,.F.);
#695=ORIENTED_EDGE('',*,*,#1552,.T.);
#696=ORIENTED_EDGE('',*,*,#1553,.F.);
#697=ORIENTED_EDGE('',*,*,#1554,.T.);
#698=ORIENTED_EDGE('',*,*,#1555,.T.);
#699=ORIENTED_EDGE('',*,*,#1506,.F.);
#700=ORIENTED_EDGE('',*,*,#1556,.T.);
#701=ORIENTED_EDGE('',*,*,#1557,.T.);
#702=ORIENTED_EDGE('',*,*,#1558,.F.);
#703=ORIENTED_EDGE('',*,*,#1559,.T.);
#704=ORIENTED_EDGE('',*,*,#1560,.F.);
#705=ORIENTED_EDGE('',*,*,#1561,.T.);
#706=ORIENTED_EDGE('',*,*,#1562,.T.);
#707=ORIENTED_EDGE('',*,*,#1510,.F.);
#708=ORIENTED_EDGE('',*,*,#1563,.T.);
#709=ORIENTED_EDGE('',*,*,#1564,.T.);
#710=ORIENTED_EDGE('',*,*,#1565,.F.);
#711=ORIENTED_EDGE('',*,*,#1566,.T.);
#712=ORIENTED_EDGE('',*,*,#1567,.F.);
#713=ORIENTED_EDGE('',*,*,#1568,.T.);
#714=ORIENTED_EDGE('',*,*,#1569,.T.);
#715=ORIENTED_EDGE('',*,*,#1514,.F.);
#716=ORIENTED_EDGE('',*,*,#1570,.T.);
#717=ORIENTED_EDGE('',*,*,#1571,.T.);
#718=ORIENTED_EDGE('',*,*,#1572,.F.);
#719=ORIENTED_EDGE('',*,*,#1573,.T.);
#720=ORIENTED_EDGE('',*,*,#1574,.F.);
#721=ORIENTED_EDGE('',*,*,#1575,.T.);
#722=ORIENTED_EDGE('',*,*,#1576,.T.);
#723=ORIENTED_EDGE('',*,*,#1518,.F.);
#724=ORIENTED_EDGE('',*,*,#1577,.T.);
#725=ORIENTED_EDGE('',*,*,#1578,.T.);
#726=ORIENTED_EDGE('',*,*,#1579,.F.);
#727=ORIENTED_EDGE('',*,*,#1580,.T.);
#728=ORIENTED_EDGE('',*,*,#1581,.F.);
#729=ORIENTED_EDGE('',*,*,#1582,.T.);
#730=ORIENTED_EDGE('',*,*,#1583,.T.);
#731=ORIENTED_EDGE('',*,*,#1522,.F.);
#732=ORIENTED_EDGE('',*,*,#1584,.T.);
#733=ORIENTED_EDGE('',*,*,#1585,.T.);
#734=ORIENTED_EDGE('',*,*,#1586,.F.);
#735=ORIENTED_EDGE('',*,*,#1587,.T.);
#736=ORIENTED_EDGE('',*,*,#1588,.F.);
#737=ORIENTED_EDGE('',*,*,#1589,.T.);
#738=ORIENTED_EDGE('',*,*,#1590,.T.);
#739=ORIENTED_EDGE('',*,*,#1526,.F.);
#740=ORIENTED_EDGE('',*,*,#1591,.T.);
#741=ORIENTED_EDGE('',*,*,#1592,.T.);
#742=ORIENTED_EDGE('',*,*,#1593,.F.);
#743=ORIENTED_EDGE('',*,*,#1594,.T.);
#744=ORIENTED_EDGE('',*,*,#1595,.F.);
#745=ORIENTED_EDGE('',*,*,#1596,.T.);
#746=ORIENTED_EDGE('',*,*,#1597,.T.);
#747=ORIENTED_EDGE('',*,*,#1530,.F.);
#748=ORIENTED_EDGE('',*,*,#1598,.T.);
#749=ORIENTED_EDGE('',*,*,#1599,.T.);
#750=ORIENTED_EDGE('',*,*,#1600,.F.);
#751=ORIENTED_EDGE('',*,*,#1601,.T.);
#752=ORIENTED_EDGE('',*,*,#1602,.F.);
#753=ORIENTED_EDGE('',*,*,#1603,.T.);
#754=ORIENTED_EDGE('',*,*,#1604,.T.);
#755=ORIENTED_EDGE('',*,*,#1478,.F.);
#756=ORIENTED_EDGE('',*,*,#1605,.T.);
#757=ORIENTED_EDGE('',*,*,#1606,.T.);
#758=ORIENTED_EDGE('',*,*,#1607,.F.);
#759=ORIENTED_EDGE('',*,*,#1608,.T.);
#760=ORIENTED_EDGE('',*,*,#1609,.F.);
#761=ORIENTED_EDGE('',*,*,#1610,.T.);
#762=ORIENTED_EDGE('',*,*,#1611,.T.);
#763=ORIENTED_EDGE('',*,*,#1482,.F.);
#764=ORIENTED_EDGE('',*,*,#1612,.T.);
#765=ORIENTED_EDGE('',*,*,#1613,.T.);
#766=ORIENTED_EDGE('',*,*,#1614,.F.);
#767=ORIENTED_EDGE('',*,*,#1615,.T.);
#768=ORIENTED_EDGE('',*,*,#1616,.F.);
#769=ORIENTED_EDGE('',*,*,#1617,.T.);
#770=ORIENTED_EDGE('',*,*,#1618,.T.);
#771=ORIENTED_EDGE('',*,*,#1486,.F.);
#772=ORIENTED_EDGE('',*,*,#1619,.T.);
#773=ORIENTED_EDGE('',*,*,#1620,.T.);
#774=ORIENTED_EDGE('',*,*,#1621,.F.);
#775=ORIENTED_EDGE('',*,*,#1622,.T.);
#776=ORIENTED_EDGE('',*,*,#1623,.F.);
#777=ORIENTED_EDGE('',*,*,#1624,.T.);
#778=ORIENTED_EDGE('',*,*,#1625,.T.);
#779=ORIENTED_EDGE('',*,*,#1626,.T.);
#780=ORIENTED_EDGE('',*,*,#1627,.T.);
#781=ORIENTED_EDGE('',*,*,#1490,.F.);
#782=ORIENTED_EDGE('',*,*,#1628,.T.);
#783=ORIENTED_EDGE('',*,*,#1629,.T.);
#784=ORIENTED_EDGE('',*,*,#1630,.F.);
#785=ORIENTED_EDGE('',*,*,#1631,.T.);
#786=ORIENTED_EDGE('',*,*,#1632,.F.);
#787=ORIENTED_EDGE('',*,*,#1633,.F.);
#788=ORIENTED_EDGE('',*,*,#1534,.T.);
#789=ORIENTED_EDGE('',*,*,#1634,.F.);
#790=ORIENTED_EDGE('',*,*,#1633,.T.);
#791=ORIENTED_EDGE('',*,*,#1635,.F.);
#792=ORIENTED_EDGE('',*,*,#1634,.T.);
#793=ORIENTED_EDGE('',*,*,#1636,.F.);
#794=ORIENTED_EDGE('',*,*,#1635,.T.);
#795=ORIENTED_EDGE('',*,*,#1637,.F.);
#796=ORIENTED_EDGE('',*,*,#1636,.T.);
#797=ORIENTED_EDGE('',*,*,#1637,.T.);
#798=ORIENTED_EDGE('',*,*,#1638,.F.);
#799=ORIENTED_EDGE('',*,*,#1639,.T.);
#800=ORIENTED_EDGE('',*,*,#1640,.F.);
#801=ORIENTED_EDGE('',*,*,#1491,.T.);
#802=ORIENTED_EDGE('',*,*,#1627,.F.);
#803=ORIENTED_EDGE('',*,*,#1641,.T.);
#804=ORIENTED_EDGE('',*,*,#1642,.T.);
#805=ORIENTED_EDGE('',*,*,#1643,.T.);
#806=ORIENTED_EDGE('',*,*,#1644,.F.);
#807=ORIENTED_EDGE('',*,*,#1645,.F.);
#808=ORIENTED_EDGE('',*,*,#1535,.F.);
#809=ORIENTED_EDGE('',*,*,#1493,.T.);
#810=ORIENTED_EDGE('',*,*,#1646,.F.);
#811=ORIENTED_EDGE('',*,*,#1647,.F.);
#812=ORIENTED_EDGE('',*,*,#1536,.F.);
#813=ORIENTED_EDGE('',*,*,#1645,.T.);
#814=ORIENTED_EDGE('',*,*,#1647,.T.);
#815=ORIENTED_EDGE('',*,*,#1648,.T.);
#816=ORIENTED_EDGE('',*,*,#1649,.F.);
#817=ORIENTED_EDGE('',*,*,#1537,.T.);
#818=ORIENTED_EDGE('',*,*,#1650,.F.);
#819=ORIENTED_EDGE('',*,*,#1651,.F.);
#820=ORIENTED_EDGE('',*,*,#1538,.F.);
#821=ORIENTED_EDGE('',*,*,#1649,.T.);
#822=ORIENTED_EDGE('',*,*,#1651,.T.);
#823=ORIENTED_EDGE('',*,*,#1652,.T.);
#824=ORIENTED_EDGE('',*,*,#1653,.F.);
#825=ORIENTED_EDGE('',*,*,#1539,.T.);
#826=ORIENTED_EDGE('',*,*,#1654,.F.);
#827=ORIENTED_EDGE('',*,*,#1655,.F.);
#828=ORIENTED_EDGE('',*,*,#1540,.F.);
#829=ORIENTED_EDGE('',*,*,#1653,.T.);
#830=ORIENTED_EDGE('',*,*,#1656,.F.);
#831=ORIENTED_EDGE('',*,*,#1657,.T.);
#832=ORIENTED_EDGE('',*,*,#1658,.F.);
#833=ORIENTED_EDGE('',*,*,#1495,.T.);
#834=ORIENTED_EDGE('',*,*,#1541,.F.);
#835=ORIENTED_EDGE('',*,*,#1655,.T.);
#836=ORIENTED_EDGE('',*,*,#1659,.T.);
#837=ORIENTED_EDGE('',*,*,#1660,.T.);
#838=ORIENTED_EDGE('',*,*,#1661,.F.);
#839=ORIENTED_EDGE('',*,*,#1662,.F.);
#840=ORIENTED_EDGE('',*,*,#1542,.F.);
#841=ORIENTED_EDGE('',*,*,#1497,.T.);
#842=ORIENTED_EDGE('',*,*,#1663,.F.);
#843=ORIENTED_EDGE('',*,*,#1664,.F.);
#844=ORIENTED_EDGE('',*,*,#1543,.F.);
#845=ORIENTED_EDGE('',*,*,#1662,.T.);
#846=ORIENTED_EDGE('',*,*,#1664,.T.);
#847=ORIENTED_EDGE('',*,*,#1665,.T.);
#848=ORIENTED_EDGE('',*,*,#1666,.F.);
#849=ORIENTED_EDGE('',*,*,#1544,.T.);
#850=ORIENTED_EDGE('',*,*,#1667,.F.);
#851=ORIENTED_EDGE('',*,*,#1668,.F.);
#852=ORIENTED_EDGE('',*,*,#1545,.F.);
#853=ORIENTED_EDGE('',*,*,#1666,.T.);
#854=ORIENTED_EDGE('',*,*,#1668,.T.);
#855=ORIENTED_EDGE('',*,*,#1669,.T.);
#856=ORIENTED_EDGE('',*,*,#1670,.F.);
#857=ORIENTED_EDGE('',*,*,#1546,.T.);
#858=ORIENTED_EDGE('',*,*,#1671,.F.);
#859=ORIENTED_EDGE('',*,*,#1672,.F.);
#860=ORIENTED_EDGE('',*,*,#1547,.F.);
#861=ORIENTED_EDGE('',*,*,#1670,.T.);
#862=ORIENTED_EDGE('',*,*,#1673,.F.);
#863=ORIENTED_EDGE('',*,*,#1674,.T.);
#864=ORIENTED_EDGE('',*,*,#1675,.F.);
#865=ORIENTED_EDGE('',*,*,#1499,.T.);
#866=ORIENTED_EDGE('',*,*,#1548,.F.);
#867=ORIENTED_EDGE('',*,*,#1672,.T.);
#868=ORIENTED_EDGE('',*,*,#1676,.T.);
#869=ORIENTED_EDGE('',*,*,#1677,.T.);
#870=ORIENTED_EDGE('',*,*,#1678,.F.);
#871=ORIENTED_EDGE('',*,*,#1679,.F.);
#872=ORIENTED_EDGE('',*,*,#1549,.F.);
#873=ORIENTED_EDGE('',*,*,#1501,.T.);
#874=ORIENTED_EDGE('',*,*,#1680,.F.);
#875=ORIENTED_EDGE('',*,*,#1681,.F.);
#876=ORIENTED_EDGE('',*,*,#1550,.F.);
#877=ORIENTED_EDGE('',*,*,#1679,.T.);
#878=ORIENTED_EDGE('',*,*,#1681,.T.);
#879=ORIENTED_EDGE('',*,*,#1682,.T.);
#880=ORIENTED_EDGE('',*,*,#1683,.F.);
#881=ORIENTED_EDGE('',*,*,#1551,.T.);
#882=ORIENTED_EDGE('',*,*,#1684,.F.);
#883=ORIENTED_EDGE('',*,*,#1685,.F.);
#884=ORIENTED_EDGE('',*,*,#1552,.F.);
#885=ORIENTED_EDGE('',*,*,#1683,.T.);
#886=ORIENTED_EDGE('',*,*,#1685,.T.);
#887=ORIENTED_EDGE('',*,*,#1686,.T.);
#888=ORIENTED_EDGE('',*,*,#1687,.F.);
#889=ORIENTED_EDGE('',*,*,#1553,.T.);
#890=ORIENTED_EDGE('',*,*,#1688,.F.);
#891=ORIENTED_EDGE('',*,*,#1689,.F.);
#892=ORIENTED_EDGE('',*,*,#1554,.F.);
#893=ORIENTED_EDGE('',*,*,#1687,.T.);
#894=ORIENTED_EDGE('',*,*,#1690,.F.);
#895=ORIENTED_EDGE('',*,*,#1691,.T.);
#896=ORIENTED_EDGE('',*,*,#1692,.F.);
#897=ORIENTED_EDGE('',*,*,#1503,.T.);
#898=ORIENTED_EDGE('',*,*,#1555,.F.);
#899=ORIENTED_EDGE('',*,*,#1689,.T.);
#900=ORIENTED_EDGE('',*,*,#1693,.T.);
#901=ORIENTED_EDGE('',*,*,#1694,.T.);
#902=ORIENTED_EDGE('',*,*,#1695,.F.);
#903=ORIENTED_EDGE('',*,*,#1696,.F.);
#904=ORIENTED_EDGE('',*,*,#1556,.F.);
#905=ORIENTED_EDGE('',*,*,#1505,.T.);
#906=ORIENTED_EDGE('',*,*,#1697,.F.);
#907=ORIENTED_EDGE('',*,*,#1698,.F.);
#908=ORIENTED_EDGE('',*,*,#1557,.F.);
#909=ORIENTED_EDGE('',*,*,#1696,.T.);
#910=ORIENTED_EDGE('',*,*,#1698,.T.);
#911=ORIENTED_EDGE('',*,*,#1699,.T.);
#912=ORIENTED_EDGE('',*,*,#1700,.F.);
#913=ORIENTED_EDGE('',*,*,#1558,.T.);
#914=ORIENTED_EDGE('',*,*,#1701,.F.);
#915=ORIENTED_EDGE('',*,*,#1702,.F.);
#916=ORIENTED_EDGE('',*,*,#1559,.F.);
#917=ORIENTED_EDGE('',*,*,#1700,.T.);
#918=ORIENTED_EDGE('',*,*,#1702,.T.);
#919=ORIENTED_EDGE('',*,*,#1703,.T.);
#920=ORIENTED_EDGE('',*,*,#1704,.F.);
#921=ORIENTED_EDGE('',*,*,#1560,.T.);
#922=ORIENTED_EDGE('',*,*,#1705,.F.);
#923=ORIENTED_EDGE('',*,*,#1706,.F.);
#924=ORIENTED_EDGE('',*,*,#1561,.F.);
#925=ORIENTED_EDGE('',*,*,#1704,.T.);
#926=ORIENTED_EDGE('',*,*,#1707,.F.);
#927=ORIENTED_EDGE('',*,*,#1708,.T.);
#928=ORIENTED_EDGE('',*,*,#1709,.F.);
#929=ORIENTED_EDGE('',*,*,#1507,.T.);
#930=ORIENTED_EDGE('',*,*,#1562,.F.);
#931=ORIENTED_EDGE('',*,*,#1706,.T.);
#932=ORIENTED_EDGE('',*,*,#1710,.T.);
#933=ORIENTED_EDGE('',*,*,#1711,.T.);
#934=ORIENTED_EDGE('',*,*,#1712,.F.);
#935=ORIENTED_EDGE('',*,*,#1713,.F.);
#936=ORIENTED_EDGE('',*,*,#1563,.F.);
#937=ORIENTED_EDGE('',*,*,#1509,.T.);
#938=ORIENTED_EDGE('',*,*,#1714,.F.);
#939=ORIENTED_EDGE('',*,*,#1715,.F.);
#940=ORIENTED_EDGE('',*,*,#1564,.F.);
#941=ORIENTED_EDGE('',*,*,#1713,.T.);
#942=ORIENTED_EDGE('',*,*,#1715,.T.);
#943=ORIENTED_EDGE('',*,*,#1716,.T.);
#944=ORIENTED_EDGE('',*,*,#1717,.F.);
#945=ORIENTED_EDGE('',*,*,#1565,.T.);
#946=ORIENTED_EDGE('',*,*,#1718,.F.);
#947=ORIENTED_EDGE('',*,*,#1719,.F.);
#948=ORIENTED_EDGE('',*,*,#1566,.F.);
#949=ORIENTED_EDGE('',*,*,#1717,.T.);
#950=ORIENTED_EDGE('',*,*,#1719,.T.);
#951=ORIENTED_EDGE('',*,*,#1720,.T.);
#952=ORIENTED_EDGE('',*,*,#1721,.F.);
#953=ORIENTED_EDGE('',*,*,#1567,.T.);
#954=ORIENTED_EDGE('',*,*,#1722,.F.);
#955=ORIENTED_EDGE('',*,*,#1723,.F.);
#956=ORIENTED_EDGE('',*,*,#1568,.F.);
#957=ORIENTED_EDGE('',*,*,#1721,.T.);
#958=ORIENTED_EDGE('',*,*,#1724,.F.);
#959=ORIENTED_EDGE('',*,*,#1725,.T.);
#960=ORIENTED_EDGE('',*,*,#1726,.F.);
#961=ORIENTED_EDGE('',*,*,#1511,.T.);
#962=ORIENTED_EDGE('',*,*,#1569,.F.);
#963=ORIENTED_EDGE('',*,*,#1723,.T.);
#964=ORIENTED_EDGE('',*,*,#1727,.T.);
#965=ORIENTED_EDGE('',*,*,#1728,.T.);
#966=ORIENTED_EDGE('',*,*,#1729,.F.);
#967=ORIENTED_EDGE('',*,*,#1730,.F.);
#968=ORIENTED_EDGE('',*,*,#1570,.F.);
#969=ORIENTED_EDGE('',*,*,#1513,.T.);
#970=ORIENTED_EDGE('',*,*,#1731,.F.);
#971=ORIENTED_EDGE('',*,*,#1732,.F.);
#972=ORIENTED_EDGE('',*,*,#1571,.F.);
#973=ORIENTED_EDGE('',*,*,#1730,.T.);
#974=ORIENTED_EDGE('',*,*,#1732,.T.);
#975=ORIENTED_EDGE('',*,*,#1733,.T.);
#976=ORIENTED_EDGE('',*,*,#1734,.F.);
#977=ORIENTED_EDGE('',*,*,#1572,.T.);
#978=ORIENTED_EDGE('',*,*,#1735,.F.);
#979=ORIENTED_EDGE('',*,*,#1736,.F.);
#980=ORIENTED_EDGE('',*,*,#1573,.F.);
#981=ORIENTED_EDGE('',*,*,#1734,.T.);
#982=ORIENTED_EDGE('',*,*,#1736,.T.);
#983=ORIENTED_EDGE('',*,*,#1737,.T.);
#984=ORIENTED_EDGE('',*,*,#1738,.F.);
#985=ORIENTED_EDGE('',*,*,#1574,.T.);
#986=ORIENTED_EDGE('',*,*,#1739,.F.);
#987=ORIENTED_EDGE('',*,*,#1740,.F.);
#988=ORIENTED_EDGE('',*,*,#1575,.F.);
#989=ORIENTED_EDGE('',*,*,#1738,.T.);
#990=ORIENTED_EDGE('',*,*,#1741,.F.);
#991=ORIENTED_EDGE('',*,*,#1742,.T.);
#992=ORIENTED_EDGE('',*,*,#1743,.F.);
#993=ORIENTED_EDGE('',*,*,#1515,.T.);
#994=ORIENTED_EDGE('',*,*,#1576,.F.);
#995=ORIENTED_EDGE('',*,*,#1740,.T.);
#996=ORIENTED_EDGE('',*,*,#1744,.T.);
#997=ORIENTED_EDGE('',*,*,#1745,.T.);
#998=ORIENTED_EDGE('',*,*,#1746,.F.);
#999=ORIENTED_EDGE('',*,*,#1747,.F.);
#1000=ORIENTED_EDGE('',*,*,#1577,.F.);
#1001=ORIENTED_EDGE('',*,*,#1517,.T.);
#1002=ORIENTED_EDGE('',*,*,#1748,.F.);
#1003=ORIENTED_EDGE('',*,*,#1749,.F.);
#1004=ORIENTED_EDGE('',*,*,#1578,.F.);
#1005=ORIENTED_EDGE('',*,*,#1747,.T.);
#1006=ORIENTED_EDGE('',*,*,#1749,.T.);
#1007=ORIENTED_EDGE('',*,*,#1750,.T.);
#1008=ORIENTED_EDGE('',*,*,#1751,.F.);
#1009=ORIENTED_EDGE('',*,*,#1579,.T.);
#1010=ORIENTED_EDGE('',*,*,#1752,.F.);
#1011=ORIENTED_EDGE('',*,*,#1753,.F.);
#1012=ORIENTED_EDGE('',*,*,#1580,.F.);
#1013=ORIENTED_EDGE('',*,*,#1751,.T.);
#1014=ORIENTED_EDGE('',*,*,#1753,.T.);
#1015=ORIENTED_EDGE('',*,*,#1754,.T.);
#1016=ORIENTED_EDGE('',*,*,#1755,.F.);
#1017=ORIENTED_EDGE('',*,*,#1581,.T.);
#1018=ORIENTED_EDGE('',*,*,#1756,.F.);
#1019=ORIENTED_EDGE('',*,*,#1757,.F.);
#1020=ORIENTED_EDGE('',*,*,#1582,.F.);
#1021=ORIENTED_EDGE('',*,*,#1755,.T.);
#1022=ORIENTED_EDGE('',*,*,#1758,.F.);
#1023=ORIENTED_EDGE('',*,*,#1759,.T.);
#1024=ORIENTED_EDGE('',*,*,#1760,.F.);
#1025=ORIENTED_EDGE('',*,*,#1519,.T.);
#1026=ORIENTED_EDGE('',*,*,#1583,.F.);
#1027=ORIENTED_EDGE('',*,*,#1757,.T.);
#1028=ORIENTED_EDGE('',*,*,#1761,.T.);
#1029=ORIENTED_EDGE('',*,*,#1762,.T.);
#1030=ORIENTED_EDGE('',*,*,#1763,.F.);
#1031=ORIENTED_EDGE('',*,*,#1764,.F.);
#1032=ORIENTED_EDGE('',*,*,#1584,.F.);
#1033=ORIENTED_EDGE('',*,*,#1521,.T.);
#1034=ORIENTED_EDGE('',*,*,#1765,.F.);
#1035=ORIENTED_EDGE('',*,*,#1766,.F.);
#1036=ORIENTED_EDGE('',*,*,#1585,.F.);
#1037=ORIENTED_EDGE('',*,*,#1764,.T.);
#1038=ORIENTED_EDGE('',*,*,#1766,.T.);
#1039=ORIENTED_EDGE('',*,*,#1767,.T.);
#1040=ORIENTED_EDGE('',*,*,#1768,.F.);
#1041=ORIENTED_EDGE('',*,*,#1586,.T.);
#1042=ORIENTED_EDGE('',*,*,#1769,.F.);
#1043=ORIENTED_EDGE('',*,*,#1770,.F.);
#1044=ORIENTED_EDGE('',*,*,#1587,.F.);
#1045=ORIENTED_EDGE('',*,*,#1768,.T.);
#1046=ORIENTED_EDGE('',*,*,#1770,.T.);
#1047=ORIENTED_EDGE('',*,*,#1771,.T.);
#1048=ORIENTED_EDGE('',*,*,#1772,.F.);
#1049=ORIENTED_EDGE('',*,*,#1588,.T.);
#1050=ORIENTED_EDGE('',*,*,#1773,.F.);
#1051=ORIENTED_EDGE('',*,*,#1774,.F.);
#1052=ORIENTED_EDGE('',*,*,#1589,.F.);
#1053=ORIENTED_EDGE('',*,*,#1772,.T.);
#1054=ORIENTED_EDGE('',*,*,#1775,.F.);
#1055=ORIENTED_EDGE('',*,*,#1776,.T.);
#1056=ORIENTED_EDGE('',*,*,#1777,.F.);
#1057=ORIENTED_EDGE('',*,*,#1523,.T.);
#1058=ORIENTED_EDGE('',*,*,#1590,.F.);
#1059=ORIENTED_EDGE('',*,*,#1774,.T.);
#1060=ORIENTED_EDGE('',*,*,#1778,.T.);
#1061=ORIENTED_EDGE('',*,*,#1779,.T.);
#1062=ORIENTED_EDGE('',*,*,#1780,.F.);
#1063=ORIENTED_EDGE('',*,*,#1781,.F.);
#1064=ORIENTED_EDGE('',*,*,#1591,.F.);
#1065=ORIENTED_EDGE('',*,*,#1525,.T.);
#1066=ORIENTED_EDGE('',*,*,#1782,.F.);
#1067=ORIENTED_EDGE('',*,*,#1783,.F.);
#1068=ORIENTED_EDGE('',*,*,#1592,.F.);
#1069=ORIENTED_EDGE('',*,*,#1781,.T.);
#1070=ORIENTED_EDGE('',*,*,#1783,.T.);
#1071=ORIENTED_EDGE('',*,*,#1784,.T.);
#1072=ORIENTED_EDGE('',*,*,#1785,.F.);
#1073=ORIENTED_EDGE('',*,*,#1593,.T.);
#1074=ORIENTED_EDGE('',*,*,#1786,.F.);
#1075=ORIENTED_EDGE('',*,*,#1787,.F.);
#1076=ORIENTED_EDGE('',*,*,#1594,.F.);
#1077=ORIENTED_EDGE('',*,*,#1785,.T.);
#1078=ORIENTED_EDGE('',*,*,#1787,.T.);
#1079=ORIENTED_EDGE('',*,*,#1788,.T.);
#1080=ORIENTED_EDGE('',*,*,#1789,.F.);
#1081=ORIENTED_EDGE('',*,*,#1595,.T.);
#1082=ORIENTED_EDGE('',*,*,#1790,.F.);
#1083=ORIENTED_EDGE('',*,*,#1791,.F.);
#1084=ORIENTED_EDGE('',*,*,#1596,.F.);
#1085=ORIENTED_EDGE('',*,*,#1789,.T.);
#1086=ORIENTED_EDGE('',*,*,#1792,.F.);
#1087=ORIENTED_EDGE('',*,*,#1793,.T.);
#1088=ORIENTED_EDGE('',*,*,#1794,.F.);
#1089=ORIENTED_EDGE('',*,*,#1527,.T.);
#1090=ORIENTED_EDGE('',*,*,#1597,.F.);
#1091=ORIENTED_EDGE('',*,*,#1791,.T.);
#1092=ORIENTED_EDGE('',*,*,#1795,.T.);
#1093=ORIENTED_EDGE('',*,*,#1796,.T.);
#1094=ORIENTED_EDGE('',*,*,#1797,.F.);
#1095=ORIENTED_EDGE('',*,*,#1798,.F.);
#1096=ORIENTED_EDGE('',*,*,#1598,.F.);
#1097=ORIENTED_EDGE('',*,*,#1529,.T.);
#1098=ORIENTED_EDGE('',*,*,#1799,.F.);
#1099=ORIENTED_EDGE('',*,*,#1800,.F.);
#1100=ORIENTED_EDGE('',*,*,#1599,.F.);
#1101=ORIENTED_EDGE('',*,*,#1798,.T.);
#1102=ORIENTED_EDGE('',*,*,#1800,.T.);
#1103=ORIENTED_EDGE('',*,*,#1801,.T.);
#1104=ORIENTED_EDGE('',*,*,#1802,.F.);
#1105=ORIENTED_EDGE('',*,*,#1600,.T.);
#1106=ORIENTED_EDGE('',*,*,#1803,.F.);
#1107=ORIENTED_EDGE('',*,*,#1804,.F.);
#1108=ORIENTED_EDGE('',*,*,#1601,.F.);
#1109=ORIENTED_EDGE('',*,*,#1802,.T.);
#1110=ORIENTED_EDGE('',*,*,#1804,.T.);
#1111=ORIENTED_EDGE('',*,*,#1805,.T.);
#1112=ORIENTED_EDGE('',*,*,#1806,.F.);
#1113=ORIENTED_EDGE('',*,*,#1602,.T.);
#1114=ORIENTED_EDGE('',*,*,#1807,.F.);
#1115=ORIENTED_EDGE('',*,*,#1808,.F.);
#1116=ORIENTED_EDGE('',*,*,#1603,.F.);
#1117=ORIENTED_EDGE('',*,*,#1806,.T.);
#1118=ORIENTED_EDGE('',*,*,#1809,.F.);
#1119=ORIENTED_EDGE('',*,*,#1810,.T.);
#1120=ORIENTED_EDGE('',*,*,#1811,.F.);
#1121=ORIENTED_EDGE('',*,*,#1531,.T.);
#1122=ORIENTED_EDGE('',*,*,#1604,.F.);
#1123=ORIENTED_EDGE('',*,*,#1808,.T.);
#1124=ORIENTED_EDGE('',*,*,#1812,.T.);
#1125=ORIENTED_EDGE('',*,*,#1813,.T.);
#1126=ORIENTED_EDGE('',*,*,#1814,.F.);
#1127=ORIENTED_EDGE('',*,*,#1815,.F.);
#1128=ORIENTED_EDGE('',*,*,#1605,.F.);
#1129=ORIENTED_EDGE('',*,*,#1533,.T.);
#1130=ORIENTED_EDGE('',*,*,#1816,.F.);
#1131=ORIENTED_EDGE('',*,*,#1817,.F.);
#1132=ORIENTED_EDGE('',*,*,#1606,.F.);
#1133=ORIENTED_EDGE('',*,*,#1815,.T.);
#1134=ORIENTED_EDGE('',*,*,#1817,.T.);
#1135=ORIENTED_EDGE('',*,*,#1818,.T.);
#1136=ORIENTED_EDGE('',*,*,#1819,.F.);
#1137=ORIENTED_EDGE('',*,*,#1607,.T.);
#1138=ORIENTED_EDGE('',*,*,#1820,.F.);
#1139=ORIENTED_EDGE('',*,*,#1821,.F.);
#1140=ORIENTED_EDGE('',*,*,#1608,.F.);
#1141=ORIENTED_EDGE('',*,*,#1819,.T.);
#1142=ORIENTED_EDGE('',*,*,#1821,.T.);
#1143=ORIENTED_EDGE('',*,*,#1822,.T.);
#1144=ORIENTED_EDGE('',*,*,#1823,.F.);
#1145=ORIENTED_EDGE('',*,*,#1609,.T.);
#1146=ORIENTED_EDGE('',*,*,#1824,.F.);
#1147=ORIENTED_EDGE('',*,*,#1825,.F.);
#1148=ORIENTED_EDGE('',*,*,#1610,.F.);
#1149=ORIENTED_EDGE('',*,*,#1823,.T.);
#1150=ORIENTED_EDGE('',*,*,#1826,.F.);
#1151=ORIENTED_EDGE('',*,*,#1827,.T.);
#1152=ORIENTED_EDGE('',*,*,#1828,.F.);
#1153=ORIENTED_EDGE('',*,*,#1479,.T.);
#1154=ORIENTED_EDGE('',*,*,#1611,.F.);
#1155=ORIENTED_EDGE('',*,*,#1825,.T.);
#1156=ORIENTED_EDGE('',*,*,#1829,.T.);
#1157=ORIENTED_EDGE('',*,*,#1830,.T.);
#1158=ORIENTED_EDGE('',*,*,#1831,.F.);
#1159=ORIENTED_EDGE('',*,*,#1832,.F.);
#1160=ORIENTED_EDGE('',*,*,#1612,.F.);
#1161=ORIENTED_EDGE('',*,*,#1481,.T.);
#1162=ORIENTED_EDGE('',*,*,#1833,.F.);
#1163=ORIENTED_EDGE('',*,*,#1834,.F.);
#1164=ORIENTED_EDGE('',*,*,#1613,.F.);
#1165=ORIENTED_EDGE('',*,*,#1832,.T.);
#1166=ORIENTED_EDGE('',*,*,#1834,.T.);
#1167=ORIENTED_EDGE('',*,*,#1835,.T.);
#1168=ORIENTED_EDGE('',*,*,#1836,.F.);
#1169=ORIENTED_EDGE('',*,*,#1614,.T.);
#1170=ORIENTED_EDGE('',*,*,#1837,.F.);
#1171=ORIENTED_EDGE('',*,*,#1838,.F.);
#1172=ORIENTED_EDGE('',*,*,#1615,.F.);
#1173=ORIENTED_EDGE('',*,*,#1836,.T.);
#1174=ORIENTED_EDGE('',*,*,#1838,.T.);
#1175=ORIENTED_EDGE('',*,*,#1839,.T.);
#1176=ORIENTED_EDGE('',*,*,#1840,.F.);
#1177=ORIENTED_EDGE('',*,*,#1616,.T.);
#1178=ORIENTED_EDGE('',*,*,#1841,.F.);
#1179=ORIENTED_EDGE('',*,*,#1842,.F.);
#1180=ORIENTED_EDGE('',*,*,#1617,.F.);
#1181=ORIENTED_EDGE('',*,*,#1840,.T.);
#1182=ORIENTED_EDGE('',*,*,#1843,.F.);
#1183=ORIENTED_EDGE('',*,*,#1844,.T.);
#1184=ORIENTED_EDGE('',*,*,#1845,.F.);
#1185=ORIENTED_EDGE('',*,*,#1483,.T.);
#1186=ORIENTED_EDGE('',*,*,#1618,.F.);
#1187=ORIENTED_EDGE('',*,*,#1842,.T.);
#1188=ORIENTED_EDGE('',*,*,#1846,.T.);
#1189=ORIENTED_EDGE('',*,*,#1847,.T.);
#1190=ORIENTED_EDGE('',*,*,#1848,.F.);
#1191=ORIENTED_EDGE('',*,*,#1849,.F.);
#1192=ORIENTED_EDGE('',*,*,#1619,.F.);
#1193=ORIENTED_EDGE('',*,*,#1485,.T.);
#1194=ORIENTED_EDGE('',*,*,#1850,.F.);
#1195=ORIENTED_EDGE('',*,*,#1851,.F.);
#1196=ORIENTED_EDGE('',*,*,#1620,.F.);
#1197=ORIENTED_EDGE('',*,*,#1849,.T.);
#1198=ORIENTED_EDGE('',*,*,#1851,.T.);
#1199=ORIENTED_EDGE('',*,*,#1852,.T.);
#1200=ORIENTED_EDGE('',*,*,#1853,.F.);
#1201=ORIENTED_EDGE('',*,*,#1621,.T.);
#1202=ORIENTED_EDGE('',*,*,#1854,.F.);
#1203=ORIENTED_EDGE('',*,*,#1855,.F.);
#1204=ORIENTED_EDGE('',*,*,#1622,.F.);
#1205=ORIENTED_EDGE('',*,*,#1853,.T.);
#1206=ORIENTED_EDGE('',*,*,#1855,.T.);
#1207=ORIENTED_EDGE('',*,*,#1856,.T.);
#1208=ORIENTED_EDGE('',*,*,#1857,.F.);
#1209=ORIENTED_EDGE('',*,*,#1623,.T.);
#1210=ORIENTED_EDGE('',*,*,#1858,.F.);
#1211=ORIENTED_EDGE('',*,*,#1859,.F.);
#1212=ORIENTED_EDGE('',*,*,#1624,.F.);
#1213=ORIENTED_EDGE('',*,*,#1857,.T.);
#1214=ORIENTED_EDGE('',*,*,#1860,.F.);
#1215=ORIENTED_EDGE('',*,*,#1861,.T.);
#1216=ORIENTED_EDGE('',*,*,#1862,.F.);
#1217=ORIENTED_EDGE('',*,*,#1487,.T.);
#1218=ORIENTED_EDGE('',*,*,#1625,.F.);
#1219=ORIENTED_EDGE('',*,*,#1859,.T.);
#1220=ORIENTED_EDGE('',*,*,#1863,.T.);
#1221=ORIENTED_EDGE('',*,*,#1864,.T.);
#1222=ORIENTED_EDGE('',*,*,#1865,.F.);
#1223=ORIENTED_EDGE('',*,*,#1866,.F.);
#1224=ORIENTED_EDGE('',*,*,#1628,.F.);
#1225=ORIENTED_EDGE('',*,*,#1489,.T.);
#1226=ORIENTED_EDGE('',*,*,#1867,.F.);
#1227=ORIENTED_EDGE('',*,*,#1868,.F.);
#1228=ORIENTED_EDGE('',*,*,#1629,.F.);
#1229=ORIENTED_EDGE('',*,*,#1866,.T.);
#1230=ORIENTED_EDGE('',*,*,#1868,.T.);
#1231=ORIENTED_EDGE('',*,*,#1869,.T.);
#1232=ORIENTED_EDGE('',*,*,#1870,.F.);
#1233=ORIENTED_EDGE('',*,*,#1630,.T.);
#1234=ORIENTED_EDGE('',*,*,#1871,.F.);
#1235=ORIENTED_EDGE('',*,*,#1872,.F.);
#1236=ORIENTED_EDGE('',*,*,#1631,.F.);
#1237=ORIENTED_EDGE('',*,*,#1870,.T.);
#1238=ORIENTED_EDGE('',*,*,#1872,.T.);
#1239=ORIENTED_EDGE('',*,*,#1873,.T.);
#1240=ORIENTED_EDGE('',*,*,#1874,.F.);
#1241=ORIENTED_EDGE('',*,*,#1632,.T.);
#1242=ORIENTED_EDGE('',*,*,#1875,.F.);
#1243=ORIENTED_EDGE('',*,*,#1641,.F.);
#1244=ORIENTED_EDGE('',*,*,#1626,.F.);
#1245=ORIENTED_EDGE('',*,*,#1874,.T.);
#1246=ORIENTED_EDGE('',*,*,#1640,.T.);
#1247=ORIENTED_EDGE('',*,*,#1876,.T.);
#1248=ORIENTED_EDGE('',*,*,#1642,.F.);
#1249=ORIENTED_EDGE('',*,*,#1492,.T.);
#1250=ORIENTED_EDGE('',*,*,#1658,.T.);
#1251=ORIENTED_EDGE('',*,*,#1877,.T.);
#1252=ORIENTED_EDGE('',*,*,#1659,.F.);
#1253=ORIENTED_EDGE('',*,*,#1496,.T.);
#1254=ORIENTED_EDGE('',*,*,#1675,.T.);
#1255=ORIENTED_EDGE('',*,*,#1878,.T.);
#1256=ORIENTED_EDGE('',*,*,#1676,.F.);
#1257=ORIENTED_EDGE('',*,*,#1500,.T.);
#1258=ORIENTED_EDGE('',*,*,#1692,.T.);
#1259=ORIENTED_EDGE('',*,*,#1879,.T.);
#1260=ORIENTED_EDGE('',*,*,#1693,.F.);
#1261=ORIENTED_EDGE('',*,*,#1504,.T.);
#1262=ORIENTED_EDGE('',*,*,#1709,.T.);
#1263=ORIENTED_EDGE('',*,*,#1880,.T.);
#1264=ORIENTED_EDGE('',*,*,#1710,.F.);
#1265=ORIENTED_EDGE('',*,*,#1508,.T.);
#1266=ORIENTED_EDGE('',*,*,#1726,.T.);
#1267=ORIENTED_EDGE('',*,*,#1881,.T.);
#1268=ORIENTED_EDGE('',*,*,#1727,.F.);
#1269=ORIENTED_EDGE('',*,*,#1512,.T.);
#1270=ORIENTED_EDGE('',*,*,#1743,.T.);
#1271=ORIENTED_EDGE('',*,*,#1882,.T.);
#1272=ORIENTED_EDGE('',*,*,#1744,.F.);
#1273=ORIENTED_EDGE('',*,*,#1516,.T.);
#1274=ORIENTED_EDGE('',*,*,#1760,.T.);
#1275=ORIENTED_EDGE('',*,*,#1883,.T.);
#1276=ORIENTED_EDGE('',*,*,#1761,.F.);
#1277=ORIENTED_EDGE('',*,*,#1520,.T.);
#1278=ORIENTED_EDGE('',*,*,#1777,.T.);
#1279=ORIENTED_EDGE('',*,*,#1884,.T.);
#1280=ORIENTED_EDGE('',*,*,#1778,.F.);
#1281=ORIENTED_EDGE('',*,*,#1524,.T.);
#1282=ORIENTED_EDGE('',*,*,#1794,.T.);
#1283=ORIENTED_EDGE('',*,*,#1885,.T.);
#1284=ORIENTED_EDGE('',*,*,#1795,.F.);
#1285=ORIENTED_EDGE('',*,*,#1528,.T.);
#1286=ORIENTED_EDGE('',*,*,#1811,.T.);
#1287=ORIENTED_EDGE('',*,*,#1886,.T.);
#1288=ORIENTED_EDGE('',*,*,#1812,.F.);
#1289=ORIENTED_EDGE('',*,*,#1532,.T.);
#1290=ORIENTED_EDGE('',*,*,#1828,.T.);
#1291=ORIENTED_EDGE('',*,*,#1887,.T.);
#1292=ORIENTED_EDGE('',*,*,#1829,.F.);
#1293=ORIENTED_EDGE('',*,*,#1480,.T.);
#1294=ORIENTED_EDGE('',*,*,#1845,.T.);
#1295=ORIENTED_EDGE('',*,*,#1888,.T.);
#1296=ORIENTED_EDGE('',*,*,#1846,.F.);
#1297=ORIENTED_EDGE('',*,*,#1484,.T.);
#1298=ORIENTED_EDGE('',*,*,#1862,.T.);
#1299=ORIENTED_EDGE('',*,*,#1889,.T.);
#1300=ORIENTED_EDGE('',*,*,#1863,.F.);
#1301=ORIENTED_EDGE('',*,*,#1488,.T.);
#1302=ORIENTED_EDGE('',*,*,#1890,.F.);
#1303=ORIENTED_EDGE('',*,*,#1891,.T.);
#1304=ORIENTED_EDGE('',*,*,#1891,.F.);
#1305=ORIENTED_EDGE('',*,*,#1892,.T.);
#1306=ORIENTED_EDGE('',*,*,#1893,.F.);
#1307=ORIENTED_EDGE('',*,*,#1890,.T.);
#1308=ORIENTED_EDGE('',*,*,#1894,.T.);
#1309=ORIENTED_EDGE('',*,*,#1638,.T.);
#1310=ORIENTED_EDGE('',*,*,#1875,.T.);
#1311=ORIENTED_EDGE('',*,*,#1873,.F.);
#1312=ORIENTED_EDGE('',*,*,#1871,.T.);
#1313=ORIENTED_EDGE('',*,*,#1869,.F.);
#1314=ORIENTED_EDGE('',*,*,#1867,.T.);
#1315=ORIENTED_EDGE('',*,*,#1865,.T.);
#1316=ORIENTED_EDGE('',*,*,#1893,.T.);
#1317=ORIENTED_EDGE('',*,*,#1639,.F.);
#1318=ORIENTED_EDGE('',*,*,#1894,.F.);
#1319=ORIENTED_EDGE('',*,*,#1864,.F.);
#1320=ORIENTED_EDGE('',*,*,#1889,.F.);
#1321=ORIENTED_EDGE('',*,*,#1861,.F.);
#1322=ORIENTED_EDGE('',*,*,#1895,.F.);
#1323=ORIENTED_EDGE('',*,*,#1847,.F.);
#1324=ORIENTED_EDGE('',*,*,#1888,.F.);
#1325=ORIENTED_EDGE('',*,*,#1844,.F.);
#1326=ORIENTED_EDGE('',*,*,#1896,.F.);
#1327=ORIENTED_EDGE('',*,*,#1830,.F.);
#1328=ORIENTED_EDGE('',*,*,#1887,.F.);
#1329=ORIENTED_EDGE('',*,*,#1827,.F.);
#1330=ORIENTED_EDGE('',*,*,#1897,.F.);
#1331=ORIENTED_EDGE('',*,*,#1813,.F.);
#1332=ORIENTED_EDGE('',*,*,#1886,.F.);
#1333=ORIENTED_EDGE('',*,*,#1810,.F.);
#1334=ORIENTED_EDGE('',*,*,#1898,.F.);
#1335=ORIENTED_EDGE('',*,*,#1796,.F.);
#1336=ORIENTED_EDGE('',*,*,#1885,.F.);
#1337=ORIENTED_EDGE('',*,*,#1793,.F.);
#1338=ORIENTED_EDGE('',*,*,#1899,.F.);
#1339=ORIENTED_EDGE('',*,*,#1779,.F.);
#1340=ORIENTED_EDGE('',*,*,#1884,.F.);
#1341=ORIENTED_EDGE('',*,*,#1776,.F.);
#1342=ORIENTED_EDGE('',*,*,#1900,.F.);
#1343=ORIENTED_EDGE('',*,*,#1762,.F.);
#1344=ORIENTED_EDGE('',*,*,#1883,.F.);
#1345=ORIENTED_EDGE('',*,*,#1759,.F.);
#1346=ORIENTED_EDGE('',*,*,#1901,.F.);
#1347=ORIENTED_EDGE('',*,*,#1745,.F.);
#1348=ORIENTED_EDGE('',*,*,#1882,.F.);
#1349=ORIENTED_EDGE('',*,*,#1742,.F.);
#1350=ORIENTED_EDGE('',*,*,#1902,.F.);
#1351=ORIENTED_EDGE('',*,*,#1728,.F.);
#1352=ORIENTED_EDGE('',*,*,#1881,.F.);
#1353=ORIENTED_EDGE('',*,*,#1725,.F.);
#1354=ORIENTED_EDGE('',*,*,#1903,.F.);
#1355=ORIENTED_EDGE('',*,*,#1711,.F.);
#1356=ORIENTED_EDGE('',*,*,#1880,.F.);
#1357=ORIENTED_EDGE('',*,*,#1708,.F.);
#1358=ORIENTED_EDGE('',*,*,#1904,.F.);
#1359=ORIENTED_EDGE('',*,*,#1694,.F.);
#1360=ORIENTED_EDGE('',*,*,#1879,.F.);
#1361=ORIENTED_EDGE('',*,*,#1691,.F.);
#1362=ORIENTED_EDGE('',*,*,#1905,.F.);
#1363=ORIENTED_EDGE('',*,*,#1677,.F.);
#1364=ORIENTED_EDGE('',*,*,#1878,.F.);
#1365=ORIENTED_EDGE('',*,*,#1674,.F.);
#1366=ORIENTED_EDGE('',*,*,#1906,.F.);
#1367=ORIENTED_EDGE('',*,*,#1660,.F.);
#1368=ORIENTED_EDGE('',*,*,#1877,.F.);
#1369=ORIENTED_EDGE('',*,*,#1657,.F.);
#1370=ORIENTED_EDGE('',*,*,#1907,.F.);
#1371=ORIENTED_EDGE('',*,*,#1643,.F.);
#1372=ORIENTED_EDGE('',*,*,#1876,.F.);
#1373=ORIENTED_EDGE('',*,*,#1850,.T.);
#1374=ORIENTED_EDGE('',*,*,#1848,.T.);
#1375=ORIENTED_EDGE('',*,*,#1895,.T.);
#1376=ORIENTED_EDGE('',*,*,#1860,.T.);
#1377=ORIENTED_EDGE('',*,*,#1858,.T.);
#1378=ORIENTED_EDGE('',*,*,#1856,.F.);
#1379=ORIENTED_EDGE('',*,*,#1854,.T.);
#1380=ORIENTED_EDGE('',*,*,#1852,.F.);
#1381=ORIENTED_EDGE('',*,*,#1833,.T.);
#1382=ORIENTED_EDGE('',*,*,#1831,.T.);
#1383=ORIENTED_EDGE('',*,*,#1896,.T.);
#1384=ORIENTED_EDGE('',*,*,#1843,.T.);
#1385=ORIENTED_EDGE('',*,*,#1841,.T.);
#1386=ORIENTED_EDGE('',*,*,#1839,.F.);
#1387=ORIENTED_EDGE('',*,*,#1837,.T.);
#1388=ORIENTED_EDGE('',*,*,#1835,.F.);
#1389=ORIENTED_EDGE('',*,*,#1816,.T.);
#1390=ORIENTED_EDGE('',*,*,#1814,.T.);
#1391=ORIENTED_EDGE('',*,*,#1897,.T.);
#1392=ORIENTED_EDGE('',*,*,#1826,.T.);
#1393=ORIENTED_EDGE('',*,*,#1824,.T.);
#1394=ORIENTED_EDGE('',*,*,#1822,.F.);
#1395=ORIENTED_EDGE('',*,*,#1820,.T.);
#1396=ORIENTED_EDGE('',*,*,#1818,.F.);
#1397=ORIENTED_EDGE('',*,*,#1799,.T.);
#1398=ORIENTED_EDGE('',*,*,#1797,.T.);
#1399=ORIENTED_EDGE('',*,*,#1898,.T.);
#1400=ORIENTED_EDGE('',*,*,#1809,.T.);
#1401=ORIENTED_EDGE('',*,*,#1807,.T.);
#1402=ORIENTED_EDGE('',*,*,#1805,.F.);
#1403=ORIENTED_EDGE('',*,*,#1803,.T.);
#1404=ORIENTED_EDGE('',*,*,#1801,.F.);
#1405=ORIENTED_EDGE('',*,*,#1782,.T.);
#1406=ORIENTED_EDGE('',*,*,#1780,.T.);
#1407=ORIENTED_EDGE('',*,*,#1899,.T.);
#1408=ORIENTED_EDGE('',*,*,#1792,.T.);
#1409=ORIENTED_EDGE('',*,*,#1790,.T.);
#1410=ORIENTED_EDGE('',*,*,#1788,.F.);
#1411=ORIENTED_EDGE('',*,*,#1786,.T.);
#1412=ORIENTED_EDGE('',*,*,#1784,.F.);
#1413=ORIENTED_EDGE('',*,*,#1765,.T.);
#1414=ORIENTED_EDGE('',*,*,#1763,.T.);
#1415=ORIENTED_EDGE('',*,*,#1900,.T.);
#1416=ORIENTED_EDGE('',*,*,#1775,.T.);
#1417=ORIENTED_EDGE('',*,*,#1773,.T.);
#1418=ORIENTED_EDGE('',*,*,#1771,.F.);
#1419=ORIENTED_EDGE('',*,*,#1769,.T.);
#1420=ORIENTED_EDGE('',*,*,#1767,.F.);
#1421=ORIENTED_EDGE('',*,*,#1748,.T.);
#1422=ORIENTED_EDGE('',*,*,#1746,.T.);
#1423=ORIENTED_EDGE('',*,*,#1901,.T.);
#1424=ORIENTED_EDGE('',*,*,#1758,.T.);
#1425=ORIENTED_EDGE('',*,*,#1756,.T.);
#1426=ORIENTED_EDGE('',*,*,#1754,.F.);
#1427=ORIENTED_EDGE('',*,*,#1752,.T.);
#1428=ORIENTED_EDGE('',*,*,#1750,.F.);
#1429=ORIENTED_EDGE('',*,*,#1731,.T.);
#1430=ORIENTED_EDGE('',*,*,#1729,.T.);
#1431=ORIENTED_EDGE('',*,*,#1902,.T.);
#1432=ORIENTED_EDGE('',*,*,#1741,.T.);
#1433=ORIENTED_EDGE('',*,*,#1739,.T.);
#1434=ORIENTED_EDGE('',*,*,#1737,.F.);
#1435=ORIENTED_EDGE('',*,*,#1735,.T.);
#1436=ORIENTED_EDGE('',*,*,#1733,.F.);
#1437=ORIENTED_EDGE('',*,*,#1714,.T.);
#1438=ORIENTED_EDGE('',*,*,#1712,.T.);
#1439=ORIENTED_EDGE('',*,*,#1903,.T.);
#1440=ORIENTED_EDGE('',*,*,#1724,.T.);
#1441=ORIENTED_EDGE('',*,*,#1722,.T.);
#1442=ORIENTED_EDGE('',*,*,#1720,.F.);
#1443=ORIENTED_EDGE('',*,*,#1718,.T.);
#1444=ORIENTED_EDGE('',*,*,#1716,.F.);
#1445=ORIENTED_EDGE('',*,*,#1697,.T.);
#1446=ORIENTED_EDGE('',*,*,#1695,.T.);
#1447=ORIENTED_EDGE('',*,*,#1904,.T.);
#1448=ORIENTED_EDGE('',*,*,#1707,.T.);
#1449=ORIENTED_EDGE('',*,*,#1705,.T.);
#1450=ORIENTED_EDGE('',*,*,#1703,.F.);
#1451=ORIENTED_EDGE('',*,*,#1701,.T.);
#1452=ORIENTED_EDGE('',*,*,#1699,.F.);
#1453=ORIENTED_EDGE('',*,*,#1680,.T.);
#1454=ORIENTED_EDGE('',*,*,#1678,.T.);
#1455=ORIENTED_EDGE('',*,*,#1905,.T.);
#1456=ORIENTED_EDGE('',*,*,#1690,.T.);
#1457=ORIENTED_EDGE('',*,*,#1688,.T.);
#1458=ORIENTED_EDGE('',*,*,#1686,.F.);
#1459=ORIENTED_EDGE('',*,*,#1684,.T.);
#1460=ORIENTED_EDGE('',*,*,#1682,.F.);
#1461=ORIENTED_EDGE('',*,*,#1663,.T.);
#1462=ORIENTED_EDGE('',*,*,#1661,.T.);
#1463=ORIENTED_EDGE('',*,*,#1906,.T.);
#1464=ORIENTED_EDGE('',*,*,#1673,.T.);
#1465=ORIENTED_EDGE('',*,*,#1671,.T.);
#1466=ORIENTED_EDGE('',*,*,#1669,.F.);
#1467=ORIENTED_EDGE('',*,*,#1667,.T.);
#1468=ORIENTED_EDGE('',*,*,#1665,.F.);
#1469=ORIENTED_EDGE('',*,*,#1646,.T.);
#1470=ORIENTED_EDGE('',*,*,#1644,.T.);
#1471=ORIENTED_EDGE('',*,*,#1907,.T.);
#1472=ORIENTED_EDGE('',*,*,#1656,.T.);
#1473=ORIENTED_EDGE('',*,*,#1654,.T.);
#1474=ORIENTED_EDGE('',*,*,#1652,.F.);
#1475=ORIENTED_EDGE('',*,*,#1650,.T.);
#1476=ORIENTED_EDGE('',*,*,#1648,.F.);
#1477=ORIENTED_EDGE('',*,*,#1892,.F.);
#1478=EDGE_CURVE('',#1908,#1909,#2198,.T.);
#1479=EDGE_CURVE('',#1910,#1909,#562,.T.);
#1480=EDGE_CURVE('',#1911,#1910,#2199,.F.);
#1481=EDGE_CURVE('',#1912,#1911,#563,.T.);
#1482=EDGE_CURVE('',#1912,#1913,#2200,.T.);
#1483=EDGE_CURVE('',#1914,#1913,#564,.T.);
#1484=EDGE_CURVE('',#1915,#1914,#2201,.F.);
#1485=EDGE_CURVE('',#1916,#1915,#565,.T.);
#1486=EDGE_CURVE('',#1916,#1917,#2202,.T.);
#1487=EDGE_CURVE('',#1918,#1917,#566,.T.);
#1488=EDGE_CURVE('',#1919,#1918,#2203,.F.);
#1489=EDGE_CURVE('',#1920,#1919,#567,.T.);
#1490=EDGE_CURVE('',#1920,#1921,#2204,.T.);
#1491=EDGE_CURVE('',#1922,#1921,#568,.T.);
#1492=EDGE_CURVE('',#1923,#1922,#2205,.F.);
#1493=EDGE_CURVE('',#1924,#1923,#569,.T.);
#1494=EDGE_CURVE('',#1924,#1925,#2206,.T.);
#1495=EDGE_CURVE('',#1926,#1925,#570,.T.);
#1496=EDGE_CURVE('',#1927,#1926,#2207,.F.);
#1497=EDGE_CURVE('',#1928,#1927,#571,.T.);
#1498=EDGE_CURVE('',#1928,#1929,#2208,.T.);
#1499=EDGE_CURVE('',#1930,#1929,#572,.T.);
#1500=EDGE_CURVE('',#1931,#1930,#2209,.F.);
#1501=EDGE_CURVE('',#1932,#1931,#573,.T.);
#1502=EDGE_CURVE('',#1932,#1933,#2210,.T.);
#1503=EDGE_CURVE('',#1934,#1933,#574,.T.);
#1504=EDGE_CURVE('',#1935,#1934,#2211,.F.);
#1505=EDGE_CURVE('',#1936,#1935,#575,.T.);
#1506=EDGE_CURVE('',#1936,#1937,#2212,.T.);
#1507=EDGE_CURVE('',#1938,#1937,#576,.T.);
#1508=EDGE_CURVE('',#1939,#1938,#2213,.F.);
#1509=EDGE_CURVE('',#1940,#1939,#577,.T.);
#1510=EDGE_CURVE('',#1940,#1941,#2214,.T.);
#1511=EDGE_CURVE('',#1942,#1941,#578,.T.);
#1512=EDGE_CURVE('',#1943,#1942,#2215,.F.);
#1513=EDGE_CURVE('',#1944,#1943,#579,.T.);
#1514=EDGE_CURVE('',#1944,#1945,#2216,.T.);
#1515=EDGE_CURVE('',#1946,#1945,#580,.T.);
#1516=EDGE_CURVE('',#1947,#1946,#2217,.F.);
#1517=EDGE_CURVE('',#1948,#1947,#581,.T.);
#1518=EDGE_CURVE('',#1948,#1949,#2218,.T.);
#1519=EDGE_CURVE('',#1950,#1949,#582,.T.);
#1520=EDGE_CURVE('',#1951,#1950,#2219,.F.);
#1521=EDGE_CURVE('',#1952,#1951,#583,.T.);
#1522=EDGE_CURVE('',#1952,#1953,#2220,.T.);
#1523=EDGE_CURVE('',#1954,#1953,#584,.T.);
#1524=EDGE_CURVE('',#1955,#1954,#2221,.F.);
#1525=EDGE_CURVE('',#1956,#1955,#585,.T.);
#1526=EDGE_CURVE('',#1956,#1957,#2222,.T.);
#1527=EDGE_CURVE('',#1958,#1957,#586,.T.);
#1528=EDGE_CURVE('',#1959,#1958,#2223,.F.);
#1529=EDGE_CURVE('',#1960,#1959,#587,.T.);
#1530=EDGE_CURVE('',#1960,#1961,#2224,.T.);
#1531=EDGE_CURVE('',#1962,#1961,#588,.T.);
#1532=EDGE_CURVE('',#1963,#1962,#2225,.F.);
#1533=EDGE_CURVE('',#1908,#1963,#589,.T.);
#1534=EDGE_CURVE('',#1964,#1964,#2226,.T.);
#1535=EDGE_CURVE('',#1924,#1965,#2227,.T.);
#1536=EDGE_CURVE('',#1965,#1966,#97,.T.);
#1537=EDGE_CURVE('',#1967,#1966,#2228,.T.);
#1538=EDGE_CURVE('',#1967,#1968,#98,.T.);
#1539=EDGE_CURVE('',#1969,#1968,#2229,.T.);
#1540=EDGE_CURVE('',#1969,#1970,#99,.T.);
#1541=EDGE_CURVE('',#1970,#1925,#2230,.T.);
#1542=EDGE_CURVE('',#1928,#1971,#2231,.T.);
#1543=EDGE_CURVE('',#1971,#1972,#100,.T.);
#1544=EDGE_CURVE('',#1973,#1972,#2232,.T.);
#1545=EDGE_CURVE('',#1973,#1974,#101,.T.);
#1546=EDGE_CURVE('',#1975,#1974,#2233,.T.);
#1547=EDGE_CURVE('',#1975,#1976,#102,.T.);
#1548=EDGE_CURVE('',#1976,#1929,#2234,.T.);
#1549=EDGE_CURVE('',#1932,#1977,#2235,.T.);
#1550=EDGE_CURVE('',#1977,#1978,#103,.T.);
#1551=EDGE_CURVE('',#1979,#1978,#2236,.T.);
#1552=EDGE_CURVE('',#1979,#1980,#104,.T.);
#1553=EDGE_CURVE('',#1981,#1980,#2237,.T.);
#1554=EDGE_CURVE('',#1981,#1982,#105,.T.);
#1555=EDGE_CURVE('',#1982,#1933,#2238,.T.);
#1556=EDGE_CURVE('',#1936,#1983,#2239,.T.);
#1557=EDGE_CURVE('',#1983,#1984,#106,.T.);
#1558=EDGE_CURVE('',#1985,#1984,#2240,.T.);
#1559=EDGE_CURVE('',#1985,#1986,#107,.T.);
#1560=EDGE_CURVE('',#1987,#1986,#2241,.T.);
#1561=EDGE_CURVE('',#1987,#1988,#108,.T.);
#1562=EDGE_CURVE('',#1988,#1937,#2242,.T.);
#1563=EDGE_CURVE('',#1940,#1989,#2243,.T.);
#1564=EDGE_CURVE('',#1989,#1990,#109,.T.);
#1565=EDGE_CURVE('',#1991,#1990,#2244,.T.);
#1566=EDGE_CURVE('',#1991,#1992,#110,.T.);
#1567=EDGE_CURVE('',#1993,#1992,#2245,.T.);
#1568=EDGE_CURVE('',#1993,#1994,#111,.T.);
#1569=EDGE_CURVE('',#1994,#1941,#2246,.T.);
#1570=EDGE_CURVE('',#1944,#1995,#2247,.T.);
#1571=EDGE_CURVE('',#1995,#1996,#112,.T.);
#1572=EDGE_CURVE('',#1997,#1996,#2248,.T.);
#1573=EDGE_CURVE('',#1997,#1998,#113,.T.);
#1574=EDGE_CURVE('',#1999,#1998,#2249,.T.);
#1575=EDGE_CURVE('',#1999,#2000,#114,.T.);
#1576=EDGE_CURVE('',#2000,#1945,#2250,.T.);
#1577=EDGE_CURVE('',#1948,#2001,#2251,.T.);
#1578=EDGE_CURVE('',#2001,#2002,#115,.T.);
#1579=EDGE_CURVE('',#2003,#2002,#2252,.T.);
#1580=EDGE_CURVE('',#2003,#2004,#116,.T.);
#1581=EDGE_CURVE('',#2005,#2004,#2253,.T.);
#1582=EDGE_CURVE('',#2005,#2006,#117,.T.);
#1583=EDGE_CURVE('',#2006,#1949,#2254,.T.);
#1584=EDGE_CURVE('',#1952,#2007,#2255,.T.);
#1585=EDGE_CURVE('',#2007,#2008,#118,.T.);
#1586=EDGE_CURVE('',#2009,#2008,#2256,.T.);
#1587=EDGE_CURVE('',#2009,#2010,#119,.T.);
#1588=EDGE_CURVE('',#2011,#2010,#2257,.T.);
#1589=EDGE_CURVE('',#2011,#2012,#120,.T.);
#1590=EDGE_CURVE('',#2012,#1953,#2258,.T.);
#1591=EDGE_CURVE('',#1956,#2013,#2259,.T.);
#1592=EDGE_CURVE('',#2013,#2014,#121,.T.);
#1593=EDGE_CURVE('',#2015,#2014,#2260,.T.);
#1594=EDGE_CURVE('',#2015,#2016,#122,.T.);
#1595=EDGE_CURVE('',#2017,#2016,#2261,.T.);
#1596=EDGE_CURVE('',#2017,#2018,#123,.T.);
#1597=EDGE_CURVE('',#2018,#1957,#2262,.T.);
#1598=EDGE_CURVE('',#1960,#2019,#2263,.T.);
#1599=EDGE_CURVE('',#2019,#2020,#124,.T.);
#1600=EDGE_CURVE('',#2021,#2020,#2264,.T.);
#1601=EDGE_CURVE('',#2021,#2022,#125,.T.);
#1602=EDGE_CURVE('',#2023,#2022,#2265,.T.);
#1603=EDGE_CURVE('',#2023,#2024,#126,.T.);
#1604=EDGE_CURVE('',#2024,#1961,#2266,.T.);
#1605=EDGE_CURVE('',#1908,#2025,#2267,.T.);
#1606=EDGE_CURVE('',#2025,#2026,#127,.T.);
#1607=EDGE_CURVE('',#2027,#2026,#2268,.T.);
#1608=EDGE_CURVE('',#2027,#2028,#128,.T.);
#1609=EDGE_CURVE('',#2029,#2028,#2269,.T.);
#1610=EDGE_CURVE('',#2029,#2030,#129,.T.);
#1611=EDGE_CURVE('',#2030,#1909,#2270,.T.);
#1612=EDGE_CURVE('',#1912,#2031,#2271,.T.);
#1613=EDGE_CURVE('',#2031,#2032,#130,.T.);
#1614=EDGE_CURVE('',#2033,#2032,#2272,.T.);
#1615=EDGE_CURVE('',#2033,#2034,#131,.T.);
#1616=EDGE_CURVE('',#2035,#2034,#2273,.T.);
#1617=EDGE_CURVE('',#2035,#2036,#132,.T.);
#1618=EDGE_CURVE('',#2036,#1913,#2274,.T.);
#1619=EDGE_CURVE('',#1916,#2037,#2275,.T.);
#1620=EDGE_CURVE('',#2037,#2038,#133,.T.);
#1621=EDGE_CURVE('',#2039,#2038,#2276,.T.);
#1622=EDGE_CURVE('',#2039,#2040,#134,.T.);
#1623=EDGE_CURVE('',#2041,#2040,#2277,.T.);
#1624=EDGE_CURVE('',#2041,#2042,#135,.T.);
#1625=EDGE_CURVE('',#2042,#1917,#2278,.T.);
#1626=EDGE_CURVE('',#2043,#2044,#136,.T.);
#1627=EDGE_CURVE('',#2044,#1921,#2279,.T.);
#1628=EDGE_CURVE('',#1920,#2045,#2280,.T.);
#1629=EDGE_CURVE('',#2045,#2046,#137,.T.);
#1630=EDGE_CURVE('',#2047,#2046,#2281,.T.);
#1631=EDGE_CURVE('',#2047,#2048,#138,.T.);
#1632=EDGE_CURVE('',#2043,#2048,#2282,.T.);
#1633=EDGE_CURVE('',#2049,#2049,#2283,.T.);
#1634=EDGE_CURVE('',#2050,#2050,#2284,.T.);
#1635=EDGE_CURVE('',#2051,#2051,#2285,.T.);
#1636=EDGE_CURVE('',#2052,#2052,#2286,.T.);
#1637=EDGE_CURVE('',#2053,#2053,#2287,.T.);
#1638=EDGE_CURVE('',#2054,#2055,#2288,.T.);
#1639=EDGE_CURVE('',#2054,#2056,#590,.T.);
#1640=EDGE_CURVE('',#1922,#2056,#139,.T.);
#1641=EDGE_CURVE('',#2044,#2055,#140,.T.);
#1642=EDGE_CURVE('',#1923,#2057,#141,.T.);
#1643=EDGE_CURVE('',#2057,#2058,#591,.T.);
#1644=EDGE_CURVE('',#2059,#2058,#2289,.T.);
#1645=EDGE_CURVE('',#1965,#2059,#142,.T.);
#1646=EDGE_CURVE('',#2060,#2059,#143,.T.);
#1647=EDGE_CURVE('',#1966,#2060,#144,.T.);
#1648=EDGE_CURVE('',#2060,#2061,#2290,.T.);
#1649=EDGE_CURVE('',#1967,#2061,#145,.T.);
#1650=EDGE_CURVE('',#2062,#2061,#146,.T.);
#1651=EDGE_CURVE('',#1968,#2062,#147,.T.);
#1652=EDGE_CURVE('',#2062,#2063,#2291,.T.);
#1653=EDGE_CURVE('',#1969,#2063,#148,.T.);
#1654=EDGE_CURVE('',#2064,#2063,#149,.T.);
#1655=EDGE_CURVE('',#1970,#2064,#150,.T.);
#1656=EDGE_CURVE('',#2065,#2064,#2292,.T.);
#1657=EDGE_CURVE('',#2065,#2066,#592,.T.);
#1658=EDGE_CURVE('',#1926,#2066,#151,.T.);
#1659=EDGE_CURVE('',#1927,#2067,#152,.T.);
#1660=EDGE_CURVE('',#2067,#2068,#593,.T.);
#1661=EDGE_CURVE('',#2069,#2068,#2293,.T.);
#1662=EDGE_CURVE('',#1971,#2069,#153,.T.);
#1663=EDGE_CURVE('',#2070,#2069,#154,.T.);
#1664=EDGE_CURVE('',#1972,#2070,#155,.T.);
#1665=EDGE_CURVE('',#2070,#2071,#2294,.T.);
#1666=EDGE_CURVE('',#1973,#2071,#156,.T.);
#1667=EDGE_CURVE('',#2072,#2071,#157,.T.);
#1668=EDGE_CURVE('',#1974,#2072,#158,.T.);
#1669=EDGE_CURVE('',#2072,#2073,#2295,.T.);
#1670=EDGE_CURVE('',#1975,#2073,#159,.T.);
#1671=EDGE_CURVE('',#2074,#2073,#160,.T.);
#1672=EDGE_CURVE('',#1976,#2074,#161,.T.);
#1673=EDGE_CURVE('',#2075,#2074,#2296,.T.);
#1674=EDGE_CURVE('',#2075,#2076,#594,.T.);
#1675=EDGE_CURVE('',#1930,#2076,#162,.T.);
#1676=EDGE_CURVE('',#1931,#2077,#163,.T.);
#1677=EDGE_CURVE('',#2077,#2078,#595,.T.);
#1678=EDGE_CURVE('',#2079,#2078,#2297,.T.);
#1679=EDGE_CURVE('',#1977,#2079,#164,.T.);
#1680=EDGE_CURVE('',#2080,#2079,#165,.T.);
#1681=EDGE_CURVE('',#1978,#2080,#166,.T.);
#1682=EDGE_CURVE('',#2080,#2081,#2298,.T.);
#1683=EDGE_CURVE('',#1979,#2081,#167,.T.);
#1684=EDGE_CURVE('',#2082,#2081,#168,.T.);
#1685=EDGE_CURVE('',#1980,#2082,#169,.T.);
#1686=EDGE_CURVE('',#2082,#2083,#2299,.T.);
#1687=EDGE_CURVE('',#1981,#2083,#170,.T.);
#1688=EDGE_CURVE('',#2084,#2083,#171,.T.);
#1689=EDGE_CURVE('',#1982,#2084,#172,.T.);
#1690=EDGE_CURVE('',#2085,#2084,#2300,.T.);
#1691=EDGE_CURVE('',#2085,#2086,#596,.T.);
#1692=EDGE_CURVE('',#1934,#2086,#173,.T.);
#1693=EDGE_CURVE('',#1935,#2087,#174,.T.);
#1694=EDGE_CURVE('',#2087,#2088,#597,.T.);
#1695=EDGE_CURVE('',#2089,#2088,#2301,.T.);
#1696=EDGE_CURVE('',#1983,#2089,#175,.T.);
#1697=EDGE_CURVE('',#2090,#2089,#176,.T.);
#1698=EDGE_CURVE('',#1984,#2090,#177,.T.);
#1699=EDGE_CURVE('',#2090,#2091,#2302,.T.);
#1700=EDGE_CURVE('',#1985,#2091,#178,.T.);
#1701=EDGE_CURVE('',#2092,#2091,#179,.T.);
#1702=EDGE_CURVE('',#1986,#2092,#180,.T.);
#1703=EDGE_CURVE('',#2092,#2093,#2303,.T.);
#1704=EDGE_CURVE('',#1987,#2093,#181,.T.);
#1705=EDGE_CURVE('',#2094,#2093,#182,.T.);
#1706=EDGE_CURVE('',#1988,#2094,#183,.T.);
#1707=EDGE_CURVE('',#2095,#2094,#2304,.T.);
#1708=EDGE_CURVE('',#2095,#2096,#598,.T.);
#1709=EDGE_CURVE('',#1938,#2096,#184,.T.);
#1710=EDGE_CURVE('',#1939,#2097,#185,.T.);
#1711=EDGE_CURVE('',#2097,#2098,#599,.T.);
#1712=EDGE_CURVE('',#2099,#2098,#2305,.T.);
#1713=EDGE_CURVE('',#1989,#2099,#186,.T.);
#1714=EDGE_CURVE('',#2100,#2099,#187,.T.);
#1715=EDGE_CURVE('',#1990,#2100,#188,.T.);
#1716=EDGE_CURVE('',#2100,#2101,#2306,.T.);
#1717=EDGE_CURVE('',#1991,#2101,#189,.T.);
#1718=EDGE_CURVE('',#2102,#2101,#190,.T.);
#1719=EDGE_CURVE('',#1992,#2102,#191,.T.);
#1720=EDGE_CURVE('',#2102,#2103,#2307,.T.);
#1721=EDGE_CURVE('',#1993,#2103,#192,.T.);
#1722=EDGE_CURVE('',#2104,#2103,#193,.T.);
#1723=EDGE_CURVE('',#1994,#2104,#194,.T.);
#1724=EDGE_CURVE('',#2105,#2104,#2308,.T.);
#1725=EDGE_CURVE('',#2105,#2106,#600,.T.);
#1726=EDGE_CURVE('',#1942,#2106,#195,.T.);
#1727=EDGE_CURVE('',#1943,#2107,#196,.T.);
#1728=EDGE_CURVE('',#2107,#2108,#601,.T.);
#1729=EDGE_CURVE('',#2109,#2108,#2309,.T.);
#1730=EDGE_CURVE('',#1995,#2109,#197,.T.);
#1731=EDGE_CURVE('',#2110,#2109,#198,.T.);
#1732=EDGE_CURVE('',#1996,#2110,#199,.T.);
#1733=EDGE_CURVE('',#2110,#2111,#2310,.T.);
#1734=EDGE_CURVE('',#1997,#2111,#200,.T.);
#1735=EDGE_CURVE('',#2112,#2111,#201,.T.);
#1736=EDGE_CURVE('',#1998,#2112,#202,.T.);
#1737=EDGE_CURVE('',#2112,#2113,#2311,.T.);
#1738=EDGE_CURVE('',#1999,#2113,#203,.T.);
#1739=EDGE_CURVE('',#2114,#2113,#204,.T.);
#1740=EDGE_CURVE('',#2000,#2114,#205,.T.);
#1741=EDGE_CURVE('',#2115,#2114,#2312,.T.);
#1742=EDGE_CURVE('',#2115,#2116,#602,.T.);
#1743=EDGE_CURVE('',#1946,#2116,#206,.T.);
#1744=EDGE_CURVE('',#1947,#2117,#207,.T.);
#1745=EDGE_CURVE('',#2117,#2118,#603,.T.);
#1746=EDGE_CURVE('',#2119,#2118,#2313,.T.);
#1747=EDGE_CURVE('',#2001,#2119,#208,.T.);
#1748=EDGE_CURVE('',#2120,#2119,#209,.T.);
#1749=EDGE_CURVE('',#2002,#2120,#210,.T.);
#1750=EDGE_CURVE('',#2120,#2121,#2314,.T.);
#1751=EDGE_CURVE('',#2003,#2121,#211,.T.);
#1752=EDGE_CURVE('',#2122,#2121,#212,.T.);
#1753=EDGE_CURVE('',#2004,#2122,#213,.T.);
#1754=EDGE_CURVE('',#2122,#2123,#2315,.T.);
#1755=EDGE_CURVE('',#2005,#2123,#214,.T.);
#1756=EDGE_CURVE('',#2124,#2123,#215,.T.);
#1757=EDGE_CURVE('',#2006,#2124,#216,.T.);
#1758=EDGE_CURVE('',#2125,#2124,#2316,.T.);
#1759=EDGE_CURVE('',#2125,#2126,#604,.T.);
#1760=EDGE_CURVE('',#1950,#2126,#217,.T.);
#1761=EDGE_CURVE('',#1951,#2127,#218,.T.);
#1762=EDGE_CURVE('',#2127,#2128,#605,.T.);
#1763=EDGE_CURVE('',#2129,#2128,#2317,.T.);
#1764=EDGE_CURVE('',#2007,#2129,#219,.T.);
#1765=EDGE_CURVE('',#2130,#2129,#220,.T.);
#1766=EDGE_CURVE('',#2008,#2130,#221,.T.);
#1767=EDGE_CURVE('',#2130,#2131,#2318,.T.);
#1768=EDGE_CURVE('',#2009,#2131,#222,.T.);
#1769=EDGE_CURVE('',#2132,#2131,#223,.T.);
#1770=EDGE_CURVE('',#2010,#2132,#224,.T.);
#1771=EDGE_CURVE('',#2132,#2133,#2319,.T.);
#1772=EDGE_CURVE('',#2011,#2133,#225,.T.);
#1773=EDGE_CURVE('',#2134,#2133,#226,.T.);
#1774=EDGE_CURVE('',#2012,#2134,#227,.T.);
#1775=EDGE_CURVE('',#2135,#2134,#2320,.T.);
#1776=EDGE_CURVE('',#2135,#2136,#606,.T.);
#1777=EDGE_CURVE('',#1954,#2136,#228,.T.);
#1778=EDGE_CURVE('',#1955,#2137,#229,.T.);
#1779=EDGE_CURVE('',#2137,#2138,#607,.T.);
#1780=EDGE_CURVE('',#2139,#2138,#2321,.T.);
#1781=EDGE_CURVE('',#2013,#2139,#230,.T.);
#1782=EDGE_CURVE('',#2140,#2139,#231,.T.);
#1783=EDGE_CURVE('',#2014,#2140,#232,.T.);
#1784=EDGE_CURVE('',#2140,#2141,#2322,.T.);
#1785=EDGE_CURVE('',#2015,#2141,#233,.T.);
#1786=EDGE_CURVE('',#2142,#2141,#234,.T.);
#1787=EDGE_CURVE('',#2016,#2142,#235,.T.);
#1788=EDGE_CURVE('',#2142,#2143,#2323,.T.);
#1789=EDGE_CURVE('',#2017,#2143,#236,.T.);
#1790=EDGE_CURVE('',#2144,#2143,#237,.T.);
#1791=EDGE_CURVE('',#2018,#2144,#238,.T.);
#1792=EDGE_CURVE('',#2145,#2144,#2324,.T.);
#1793=EDGE_CURVE('',#2145,#2146,#608,.T.);
#1794=EDGE_CURVE('',#1958,#2146,#239,.T.);
#1795=EDGE_CURVE('',#1959,#2147,#240,.T.);
#1796=EDGE_CURVE('',#2147,#2148,#609,.T.);
#1797=EDGE_CURVE('',#2149,#2148,#2325,.T.);
#1798=EDGE_CURVE('',#2019,#2149,#241,.T.);
#1799=EDGE_CURVE('',#2150,#2149,#242,.T.);
#1800=EDGE_CURVE('',#2020,#2150,#243,.T.);
#1801=EDGE_CURVE('',#2150,#2151,#2326,.T.);
#1802=EDGE_CURVE('',#2021,#2151,#244,.T.);
#1803=EDGE_CURVE('',#2152,#2151,#245,.T.);
#1804=EDGE_CURVE('',#2022,#2152,#246,.T.);
#1805=EDGE_CURVE('',#2152,#2153,#2327,.T.);
#1806=EDGE_CURVE('',#2023,#2153,#247,.T.);
#1807=EDGE_CURVE('',#2154,#2153,#248,.T.);
#1808=EDGE_CURVE('',#2024,#2154,#249,.T.);
#1809=EDGE_CURVE('',#2155,#2154,#2328,.T.);
#1810=EDGE_CURVE('',#2155,#2156,#610,.T.);
#1811=EDGE_CURVE('',#1962,#2156,#250,.T.);
#1812=EDGE_CURVE('',#1963,#2157,#251,.T.);
#1813=EDGE_CURVE('',#2157,#2158,#611,.T.);
#1814=EDGE_CURVE('',#2159,#2158,#2329,.T.);
#1815=EDGE_CURVE('',#2025,#2159,#252,.T.);
#1816=EDGE_CURVE('',#2160,#2159,#253,.T.);
#1817=EDGE_CURVE('',#2026,#2160,#254,.T.);
#1818=EDGE_CURVE('',#2160,#2161,#2330,.T.);
#1819=EDGE_CURVE('',#2027,#2161,#255,.T.);
#1820=EDGE_CURVE('',#2162,#2161,#256,.T.);
#1821=EDGE_CURVE('',#2028,#2162,#257,.T.);
#1822=EDGE_CURVE('',#2162,#2163,#2331,.T.);
#1823=EDGE_CURVE('',#2029,#2163,#258,.T.);
#1824=EDGE_CURVE('',#2164,#2163,#259,.T.);
#1825=EDGE_CURVE('',#2030,#2164,#260,.T.);
#1826=EDGE_CURVE('',#2165,#2164,#2332,.T.);
#1827=EDGE_CURVE('',#2165,#2166,#612,.T.);
#1828=EDGE_CURVE('',#1910,#2166,#261,.T.);
#1829=EDGE_CURVE('',#1911,#2167,#262,.T.);
#1830=EDGE_CURVE('',#2167,#2168,#613,.T.);
#1831=EDGE_CURVE('',#2169,#2168,#2333,.T.);
#1832=EDGE_CURVE('',#2031,#2169,#263,.T.);
#1833=EDGE_CURVE('',#2170,#2169,#264,.T.);
#1834=EDGE_CURVE('',#2032,#2170,#265,.T.);
#1835=EDGE_CURVE('',#2170,#2171,#2334,.T.);
#1836=EDGE_CURVE('',#2033,#2171,#266,.T.);
#1837=EDGE_CURVE('',#2172,#2171,#267,.T.);
#1838=EDGE_CURVE('',#2034,#2172,#268,.T.);
#1839=EDGE_CURVE('',#2172,#2173,#2335,.T.);
#1840=EDGE_CURVE('',#2035,#2173,#269,.T.);
#1841=EDGE_CURVE('',#2174,#2173,#270,.T.);
#1842=EDGE_CURVE('',#2036,#2174,#271,.T.);
#1843=EDGE_CURVE('',#2175,#2174,#2336,.T.);
#1844=EDGE_CURVE('',#2175,#2176,#614,.T.);
#1845=EDGE_CURVE('',#1914,#2176,#272,.T.);
#1846=EDGE_CURVE('',#1915,#2177,#273,.T.);
#1847=EDGE_CURVE('',#2177,#2178,#615,.T.);
#1848=EDGE_CURVE('',#2179,#2178,#2337,.T.);
#1849=EDGE_CURVE('',#2037,#2179,#274,.T.);
#1850=EDGE_CURVE('',#2180,#2179,#275,.T.);
#1851=EDGE_CURVE('',#2038,#2180,#276,.T.);
#1852=EDGE_CURVE('',#2180,#2181,#2338,.T.);
#1853=EDGE_CURVE('',#2039,#2181,#277,.T.);
#1854=EDGE_CURVE('',#2182,#2181,#278,.T.);
#1855=EDGE_CURVE('',#2040,#2182,#279,.T.);
#1856=EDGE_CURVE('',#2182,#2183,#2339,.T.);
#1857=EDGE_CURVE('',#2041,#2183,#280,.T.);
#1858=EDGE_CURVE('',#2184,#2183,#281,.T.);
#1859=EDGE_CURVE('',#2042,#2184,#282,.T.);
#1860=EDGE_CURVE('',#2185,#2184,#2340,.T.);
#1861=EDGE_CURVE('',#2185,#2186,#616,.T.);
#1862=EDGE_CURVE('',#1918,#2186,#283,.T.);
#1863=EDGE_CURVE('',#1919,#2187,#284,.T.);
#1864=EDGE_CURVE('',#2187,#2188,#617,.T.);
#1865=EDGE_CURVE('',#2189,#2188,#2341,.T.);
#1866=EDGE_CURVE('',#2045,#2189,#285,.T.);
#1867=EDGE_CURVE('',#2190,#2189,#286,.T.);
#1868=EDGE_CURVE('',#2046,#2190,#287,.T.);
#1869=EDGE_CURVE('',#2190,#2191,#2342,.T.);
#1870=EDGE_CURVE('',#2047,#2191,#288,.T.);
#1871=EDGE_CURVE('',#2192,#2191,#289,.T.);
#1872=EDGE_CURVE('',#2048,#2192,#290,.T.);
#1873=EDGE_CURVE('',#2192,#2193,#2343,.T.);
#1874=EDGE_CURVE('',#2043,#2193,#291,.T.);
#1875=EDGE_CURVE('',#2055,#2193,#292,.T.);
#1876=EDGE_CURVE('',#2056,#2057,#2344,.F.);
#1877=EDGE_CURVE('',#2066,#2067,#2345,.F.);
#1878=EDGE_CURVE('',#2076,#2077,#2346,.F.);
#1879=EDGE_CURVE('',#2086,#2087,#2347,.F.);
#1880=EDGE_CURVE('',#2096,#2097,#2348,.F.);
#1881=EDGE_CURVE('',#2106,#2107,#2349,.F.);
#1882=EDGE_CURVE('',#2116,#2117,#2350,.F.);
#1883=EDGE_CURVE('',#2126,#2127,#2351,.F.);
#1884=EDGE_CURVE('',#2136,#2137,#2352,.F.);
#1885=EDGE_CURVE('',#2146,#2147,#2353,.F.);
#1886=EDGE_CURVE('',#2156,#2157,#2354,.F.);
#1887=EDGE_CURVE('',#2166,#2167,#2355,.F.);
#1888=EDGE_CURVE('',#2176,#2177,#2356,.F.);
#1889=EDGE_CURVE('',#2186,#2187,#2357,.F.);
#1890=EDGE_CURVE('',#2194,#2194,#2358,.T.);
#1891=EDGE_CURVE('',#2195,#2195,#2359,.T.);
#1892=EDGE_CURVE('',#2196,#2196,#2360,.T.);
#1893=EDGE_CURVE('',#2197,#2197,#2361,.T.);
#1894=EDGE_CURVE('',#2188,#2054,#2362,.T.);
#1895=EDGE_CURVE('',#2178,#2185,#2363,.T.);
#1896=EDGE_CURVE('',#2168,#2175,#2364,.T.);
#1897=EDGE_CURVE('',#2158,#2165,#2365,.T.);
#1898=EDGE_CURVE('',#2148,#2155,#2366,.T.);
#1899=EDGE_CURVE('',#2138,#2145,#2367,.T.);
#1900=EDGE_CURVE('',#2128,#2135,#2368,.T.);
#1901=EDGE_CURVE('',#2118,#2125,#2369,.T.);
#1902=EDGE_CURVE('',#2108,#2115,#2370,.T.);
#1903=EDGE_CURVE('',#2098,#2105,#2371,.T.);
#1904=EDGE_CURVE('',#2088,#2095,#2372,.T.);
#1905=EDGE_CURVE('',#2078,#2085,#2373,.T.);
#1906=EDGE_CURVE('',#2068,#2075,#2374,.T.);
#1907=EDGE_CURVE('',#2058,#2065,#2375,.T.);
#1908=VERTEX_POINT('',#4058);
#1909=VERTEX_POINT('',#4059);
#1910=VERTEX_POINT('',#4064);
#1911=VERTEX_POINT('',#4066);
#1912=VERTEX_POINT('',#4071);
#1913=VERTEX_POINT('',#4073);
#1914=VERTEX_POINT('',#4078);
#1915=VERTEX_POINT('',#4080);
#1916=VERTEX_POINT('',#4085);
#1917=VERTEX_POINT('',#4087);
#1918=VERTEX_POINT('',#4092);
#1919=VERTEX_POINT('',#4094);
#1920=VERTEX_POINT('',#4099);
#1921=VERTEX_POINT('',#4101);
#1922=VERTEX_POINT('',#4106);
#1923=VERTEX_POINT('',#4108);
#1924=VERTEX_POINT('',#4113);
#1925=VERTEX_POINT('',#4115);
#1926=VERTEX_POINT('',#4120);
#1927=VERTEX_POINT('',#4122);
#1928=VERTEX_POINT('',#4127);
#1929=VERTEX_POINT('',#4129);
#1930=VERTEX_POINT('',#4134);
#1931=VERTEX_POINT('',#4136);
#1932=VERTEX_POINT('',#4141);
#1933=VERTEX_POINT('',#4143);
#1934=VERTEX_POINT('',#4148);
#1935=VERTEX_POINT('',#4150);
#1936=VERTEX_POINT('',#4155);
#1937=VERTEX_POINT('',#4157);
#1938=VERTEX_POINT('',#4162);
#1939=VERTEX_POINT('',#4164);
#1940=VERTEX_POINT('',#4169);
#1941=VERTEX_POINT('',#4171);
#1942=VERTEX_POINT('',#4176);
#1943=VERTEX_POINT('',#4178);
#1944=VERTEX_POINT('',#4183);
#1945=VERTEX_POINT('',#4185);
#1946=VERTEX_POINT('',#4190);
#1947=VERTEX_POINT('',#4192);
#1948=VERTEX_POINT('',#4197);
#1949=VERTEX_POINT('',#4199);
#1950=VERTEX_POINT('',#4204);
#1951=VERTEX_POINT('',#4206);
#1952=VERTEX_POINT('',#4211);
#1953=VERTEX_POINT('',#4213);
#1954=VERTEX_POINT('',#4218);
#1955=VERTEX_POINT('',#4220);
#1956=VERTEX_POINT('',#4225);
#1957=VERTEX_POINT('',#4227);
#1958=VERTEX_POINT('',#4232);
#1959=VERTEX_POINT('',#4234);
#1960=VERTEX_POINT('',#4239);
#1961=VERTEX_POINT('',#4241);
#1962=VERTEX_POINT('',#4246);
#1963=VERTEX_POINT('',#4248);
#1964=VERTEX_POINT('',#4254);
#1965=VERTEX_POINT('',#4257);
#1966=VERTEX_POINT('',#4259);
#1967=VERTEX_POINT('',#4261);
#1968=VERTEX_POINT('',#4263);
#1969=VERTEX_POINT('',#4265);
#1970=VERTEX_POINT('',#4267);
#1971=VERTEX_POINT('',#4271);
#1972=VERTEX_POINT('',#4273);
#1973=VERTEX_POINT('',#4275);
#1974=VERTEX_POINT('',#4277);
#1975=VERTEX_POINT('',#4279);
#1976=VERTEX_POINT('',#4281);
#1977=VERTEX_POINT('',#4285);
#1978=VERTEX_POINT('',#4287);
#1979=VERTEX_POINT('',#4289);
#1980=VERTEX_POINT('',#4291);
#1981=VERTEX_POINT('',#4293);
#1982=VERTEX_POINT('',#4295);
#1983=VERTEX_POINT('',#4299);
#1984=VERTEX_POINT('',#4301);
#1985=VERTEX_POINT('',#4303);
#1986=VERTEX_POINT('',#4305);
#1987=VERTEX_POINT('',#4307);
#1988=VERTEX_POINT('',#4309);
#1989=VERTEX_POINT('',#4313);
#1990=VERTEX_POINT('',#4315);
#1991=VERTEX_POINT('',#4317);
#1992=VERTEX_POINT('',#4319);
#1993=VERTEX_POINT('',#4321);
#1994=VERTEX_POINT('',#4323);
#1995=VERTEX_POINT('',#4327);
#1996=VERTEX_POINT('',#4329);
#1997=VERTEX_POINT('',#4331);
#1998=VERTEX_POINT('',#4333);
#1999=VERTEX_POINT('',#4335);
#2000=VERTEX_POINT('',#4337);
#2001=VERTEX_POINT('',#4341);
#2002=VERTEX_POINT('',#4343);
#2003=VERTEX_POINT('',#4345);
#2004=VERTEX_POINT('',#4347);
#2005=VERTEX_POINT('',#4349);
#2006=VERTEX_POINT('',#4351);
#2007=VERTEX_POINT('',#4355);
#2008=VERTEX_POINT('',#4357);
#2009=VERTEX_POINT('',#4359);
#2010=VERTEX_POINT('',#4361);
#2011=VERTEX_POINT('',#4363);
#2012=VERTEX_POINT('',#4365);
#2013=VERTEX_POINT('',#4369);
#2014=VERTEX_POINT('',#4371);
#2015=VERTEX_POINT('',#4373);
#2016=VERTEX_POINT('',#4375);
#2017=VERTEX_POINT('',#4377);
#2018=VERTEX_POINT('',#4379);
#2019=VERTEX_POINT('',#4383);
#2020=VERTEX_POINT('',#4385);
#2021=VERTEX_POINT('',#4387);
#2022=VERTEX_POINT('',#4389);
#2023=VERTEX_POINT('',#4391);
#2024=VERTEX_POINT('',#4393);
#2025=VERTEX_POINT('',#4397);
#2026=VERTEX_POINT('',#4399);
#2027=VERTEX_POINT('',#4401);
#2028=VERTEX_POINT('',#4403);
#2029=VERTEX_POINT('',#4405);
#2030=VERTEX_POINT('',#4407);
#2031=VERTEX_POINT('',#4411);
#2032=VERTEX_POINT('',#4413);
#2033=VERTEX_POINT('',#4415);
#2034=VERTEX_POINT('',#4417);
#2035=VERTEX_POINT('',#4419);
#2036=VERTEX_POINT('',#4421);
#2037=VERTEX_POINT('',#4425);
#2038=VERTEX_POINT('',#4427);
#2039=VERTEX_POINT('',#4429);
#2040=VERTEX_POINT('',#4431);
#2041=VERTEX_POINT('',#4433);
#2042=VERTEX_POINT('',#4435);
#2043=VERTEX_POINT('',#4439);
#2044=VERTEX_POINT('',#4440);
#2045=VERTEX_POINT('',#4443);
#2046=VERTEX_POINT('',#4445);
#2047=VERTEX_POINT('',#4447);
#2048=VERTEX_POINT('',#4449);
#2049=VERTEX_POINT('',#4453);
#2050=VERTEX_POINT('',#4456);
#2051=VERTEX_POINT('',#4459);
#2052=VERTEX_POINT('',#4462);
#2053=VERTEX_POINT('',#4465);
#2054=VERTEX_POINT('',#4469);
#2055=VERTEX_POINT('',#4470);
#2056=VERTEX_POINT('',#4475);
#2057=VERTEX_POINT('',#4480);
#2058=VERTEX_POINT('',#4485);
#2059=VERTEX_POINT('',#4487);
#2060=VERTEX_POINT('',#4491);
#2061=VERTEX_POINT('',#4495);
#2062=VERTEX_POINT('',#4499);
#2063=VERTEX_POINT('',#4503);
#2064=VERTEX_POINT('',#4507);
#2065=VERTEX_POINT('',#4511);
#2066=VERTEX_POINT('',#4516);
#2067=VERTEX_POINT('',#4520);
#2068=VERTEX_POINT('',#4525);
#2069=VERTEX_POINT('',#4527);
#2070=VERTEX_POINT('',#4531);
#2071=VERTEX_POINT('',#4535);
#2072=VERTEX_POINT('',#4539);
#2073=VERTEX_POINT('',#4543);
#2074=VERTEX_POINT('',#4547);
#2075=VERTEX_POINT('',#4551);
#2076=VERTEX_POINT('',#4556);
#2077=VERTEX_POINT('',#4560);
#2078=VERTEX_POINT('',#4565);
#2079=VERTEX_POINT('',#4567);
#2080=VERTEX_POINT('',#4571);
#2081=VERTEX_POINT('',#4575);
#2082=VERTEX_POINT('',#4579);
#2083=VERTEX_POINT('',#4583);
#2084=VERTEX_POINT('',#4587);
#2085=VERTEX_POINT('',#4591);
#2086=VERTEX_POINT('',#4596);
#2087=VERTEX_POINT('',#4600);
#2088=VERTEX_POINT('',#4605);
#2089=VERTEX_POINT('',#4607);
#2090=VERTEX_POINT('',#4611);
#2091=VERTEX_POINT('',#4615);
#2092=VERTEX_POINT('',#4619);
#2093=VERTEX_POINT('',#4623);
#2094=VERTEX_POINT('',#4627);
#2095=VERTEX_POINT('',#4631);
#2096=VERTEX_POINT('',#4636);
#2097=VERTEX_POINT('',#4640);
#2098=VERTEX_POINT('',#4645);
#2099=VERTEX_POINT('',#4647);
#2100=VERTEX_POINT('',#4651);
#2101=VERTEX_POINT('',#4655);
#2102=VERTEX_POINT('',#4659);
#2103=VERTEX_POINT('',#4663);
#2104=VERTEX_POINT('',#4667);
#2105=VERTEX_POINT('',#4671);
#2106=VERTEX_POINT('',#4676);
#2107=VERTEX_POINT('',#4680);
#2108=VERTEX_POINT('',#4685);
#2109=VERTEX_POINT('',#4687);
#2110=VERTEX_POINT('',#4691);
#2111=VERTEX_POINT('',#4695);
#2112=VERTEX_POINT('',#4699);
#2113=VERTEX_POINT('',#4703);
#2114=VERTEX_POINT('',#4707);
#2115=VERTEX_POINT('',#4711);
#2116=VERTEX_POINT('',#4716);
#2117=VERTEX_POINT('',#4720);
#2118=VERTEX_POINT('',#4725);
#2119=VERTEX_POINT('',#4727);
#2120=VERTEX_POINT('',#4731);
#2121=VERTEX_POINT('',#4735);
#2122=VERTEX_POINT('',#4739);
#2123=VERTEX_POINT('',#4743);
#2124=VERTEX_POINT('',#4747);
#2125=VERTEX_POINT('',#4751);
#2126=VERTEX_POINT('',#4756);
#2127=VERTEX_POINT('',#4760);
#2128=VERTEX_POINT('',#4765);
#2129=VERTEX_POINT('',#4767);
#2130=VERTEX_POINT('',#4771);
#2131=VERTEX_POINT('',#4775);
#2132=VERTEX_POINT('',#4779);
#2133=VERTEX_POINT('',#4783);
#2134=VERTEX_POINT('',#4787);
#2135=VERTEX_POINT('',#4791);
#2136=VERTEX_POINT('',#4796);
#2137=VERTEX_POINT('',#4800);
#2138=VERTEX_POINT('',#4805);
#2139=VERTEX_POINT('',#4807);
#2140=VERTEX_POINT('',#4811);
#2141=VERTEX_POINT('',#4815);
#2142=VERTEX_POINT('',#4819);
#2143=VERTEX_POINT('',#4823);
#2144=VERTEX_POINT('',#4827);
#2145=VERTEX_POINT('',#4831);
#2146=VERTEX_POINT('',#4836);
#2147=VERTEX_POINT('',#4840);
#2148=VERTEX_POINT('',#4845);
#2149=VERTEX_POINT('',#4847);
#2150=VERTEX_POINT('',#4851);
#2151=VERTEX_POINT('',#4855);
#2152=VERTEX_POINT('',#4859);
#2153=VERTEX_POINT('',#4863);
#2154=VERTEX_POINT('',#4867);
#2155=VERTEX_POINT('',#4871);
#2156=VERTEX_POINT('',#4876);
#2157=VERTEX_POINT('',#4880);
#2158=VERTEX_POINT('',#4885);
#2159=VERTEX_POINT('',#4887);
#2160=VERTEX_POINT('',#4891);
#2161=VERTEX_POINT('',#4895);
#2162=VERTEX_POINT('',#4899);
#2163=VERTEX_POINT('',#4903);
#2164=VERTEX_POINT('',#4907);
#2165=VERTEX_POINT('',#4911);
#2166=VERTEX_POINT('',#4916);
#2167=VERTEX_POINT('',#4920);
#2168=VERTEX_POINT('',#4925);
#2169=VERTEX_POINT('',#4927);
#2170=VERTEX_POINT('',#4931);
#2171=VERTEX_POINT('',#4935);
#2172=VERTEX_POINT('',#4939);
#2173=VERTEX_POINT('',#4943);
#2174=VERTEX_POINT('',#4947);
#2175=VERTEX_POINT('',#4951);
#2176=VERTEX_POINT('',#4956);
#2177=VERTEX_POINT('',#4960);
#2178=VERTEX_POINT('',#4965);
#2179=VERTEX_POINT('',#4967);
#2180=VERTEX_POINT('',#4971);
#2181=VERTEX_POINT('',#4975);
#2182=VERTEX_POINT('',#4979);
#2183=VERTEX_POINT('',#4983);
#2184=VERTEX_POINT('',#4987);
#2185=VERTEX_POINT('',#4991);
#2186=VERTEX_POINT('',#4996);
#2187=VERTEX_POINT('',#5000);
#2188=VERTEX_POINT('',#5005);
#2189=VERTEX_POINT('',#5007);
#2190=VERTEX_POINT('',#5011);
#2191=VERTEX_POINT('',#5015);
#2192=VERTEX_POINT('',#5019);
#2193=VERTEX_POINT('',#5023);
#2194=VERTEX_POINT('',#5057);
#2195=VERTEX_POINT('',#5059);
#2196=VERTEX_POINT('',#5062);
#2197=VERTEX_POINT('',#5065);
#2198=CIRCLE('',#2868,10.4583340136056);
#2199=CIRCLE('',#2869,10.7199999999985);
#2200=CIRCLE('',#2870,10.4583340136056);
#2201=CIRCLE('',#2871,10.7200000000003);
#2202=CIRCLE('',#2872,10.4583340136056);
#2203=CIRCLE('',#2873,10.7200000000019);
#2204=CIRCLE('',#2874,10.4583340136056);
#2205=CIRCLE('',#2875,10.72);
#2206=CIRCLE('',#2876,10.4583340136056);
#2207=CIRCLE('',#2877,10.7199999999985);
#2208=CIRCLE('',#2878,10.4583340136056);
#2209=CIRCLE('',#2879,10.7199999999979);
#2210=CIRCLE('',#2880,10.4583340136056);
#2211=CIRCLE('',#2881,10.7199999999992);
#2212=CIRCLE('',#2882,10.4583340136056);
#2213=CIRCLE('',#2883,10.7200000000016);
#2214=CIRCLE('',#2884,10.4583340136056);
#2215=CIRCLE('',#2885,10.719999999999);
#2216=CIRCLE('',#2886,10.4583340136056);
#2217=CIRCLE('',#2887,10.7200000000003);
#2218=CIRCLE('',#2888,10.4583340136056);
#2219=CIRCLE('',#2889,10.7200000000017);
#2220=CIRCLE('',#2890,10.4583340136056);
#2221=CIRCLE('',#2891,10.7200000000004);
#2222=CIRCLE('',#2892,10.4583340136056);
#2223=CIRCLE('',#2893,10.7199999999984);
#2224=CIRCLE('',#2894,10.4583340136056);
#2225=CIRCLE('',#2895,10.7199999999981);
#2226=CIRCLE('',#2896,10.9481300951703);
#2227=CIRCLE('',#2898,0.499999999999996);
#2228=CIRCLE('',#2899,0.400000000000002);
#2229=CIRCLE('',#2900,0.399999999999991);
#2230=CIRCLE('',#2901,0.499999999999991);
#2231=CIRCLE('',#2903,0.500000000000003);
#2232=CIRCLE('',#2904,0.399999999999999);
#2233=CIRCLE('',#2905,0.4);
#2234=CIRCLE('',#2906,0.499999999999998);
#2235=CIRCLE('',#2908,0.500000000000003);
#2236=CIRCLE('',#2909,0.400000000000003);
#2237=CIRCLE('',#2910,0.399999999999997);
#2238=CIRCLE('',#2911,0.500000000000002);
#2239=CIRCLE('',#2913,0.499999999999998);
#2240=CIRCLE('',#2914,0.399999999999992);
#2241=CIRCLE('',#2915,0.399999999999996);
#2242=CIRCLE('',#2916,0.499999999999998);
#2243=CIRCLE('',#2918,0.499999999999999);
#2244=CIRCLE('',#2919,0.400000000000006);
#2245=CIRCLE('',#2920,0.399999999999995);
#2246=CIRCLE('',#2921,0.499999999999996);
#2247=CIRCLE('',#2923,0.499999999999997);
#2248=CIRCLE('',#2924,0.400000000000008);
#2249=CIRCLE('',#2925,0.4);
#2250=CIRCLE('',#2926,0.500000000000002);
#2251=CIRCLE('',#2928,0.499999999999998);
#2252=CIRCLE('',#2929,0.399999999999995);
#2253=CIRCLE('',#2930,0.400000000000006);
#2254=CIRCLE('',#2931,0.499999999999998);
#2255=CIRCLE('',#2933,0.499999999999994);
#2256=CIRCLE('',#2934,0.399999999999999);
#2257=CIRCLE('',#2935,0.399999999999991);
#2258=CIRCLE('',#2936,0.499999999999996);
#2259=CIRCLE('',#2938,0.500000000000003);
#2260=CIRCLE('',#2939,0.400000000000001);
#2261=CIRCLE('',#2940,0.399999999999997);
#2262=CIRCLE('',#2941,0.500000000000002);
#2263=CIRCLE('',#2943,0.500000000000001);
#2264=CIRCLE('',#2944,0.399999999999993);
#2265=CIRCLE('',#2945,0.400000000000002);
#2266=CIRCLE('',#2946,0.5);
#2267=CIRCLE('',#2948,0.500000000000004);
#2268=CIRCLE('',#2949,0.399999999999998);
#2269=CIRCLE('',#2950,0.399999999999998);
#2270=CIRCLE('',#2951,0.500000000000004);
#2271=CIRCLE('',#2953,0.499999999999999);
#2272=CIRCLE('',#2954,0.4);
#2273=CIRCLE('',#2955,0.399999999999996);
#2274=CIRCLE('',#2956,0.500000000000003);
#2275=CIRCLE('',#2958,0.499999999999998);
#2276=CIRCLE('',#2959,0.399999999999999);
#2277=CIRCLE('',#2960,0.400000000000003);
#2278=CIRCLE('',#2961,0.500000000000007);
#2279=CIRCLE('',#2963,0.499999999999995);
#2280=CIRCLE('',#2964,0.499999999999997);
#2281=CIRCLE('',#2965,0.400000000000002);
#2282=CIRCLE('',#2966,0.399999999999998);
#2283=CIRCLE('',#2968,12.5);
#2284=CIRCLE('',#2970,12.5);
#2285=CIRCLE('',#2972,10.72);
#2286=CIRCLE('',#2974,6.5);
#2287=CIRCLE('',#2976,6.5);
#2288=CIRCLE('',#2979,0.499999999999995);
#2289=CIRCLE('',#2981,0.499999999999996);
#2290=CIRCLE('',#2984,0.400000000000002);
#2291=CIRCLE('',#2987,0.399999999999991);
#2292=CIRCLE('',#2990,0.499999999999991);
#2293=CIRCLE('',#2992,0.500000000000003);
#2294=CIRCLE('',#2995,0.399999999999999);
#2295=CIRCLE('',#2998,0.4);
#2296=CIRCLE('',#3001,0.499999999999998);
#2297=CIRCLE('',#3003,0.500000000000003);
#2298=CIRCLE('',#3006,0.400000000000003);
#2299=CIRCLE('',#3009,0.399999999999997);
#2300=CIRCLE('',#3012,0.500000000000002);
#2301=CIRCLE('',#3014,0.499999999999998);
#2302=CIRCLE('',#3017,0.399999999999992);
#2303=CIRCLE('',#3020,0.399999999999996);
#2304=CIRCLE('',#3023,0.499999999999998);
#2305=CIRCLE('',#3025,0.499999999999999);
#2306=CIRCLE('',#3028,0.400000000000006);
#2307=CIRCLE('',#3031,0.399999999999995);
#2308=CIRCLE('',#3034,0.499999999999996);
#2309=CIRCLE('',#3036,0.499999999999997);
#2310=CIRCLE('',#3039,0.400000000000008);
#2311=CIRCLE('',#3042,0.4);
#2312=CIRCLE('',#3045,0.500000000000002);
#2313=CIRCLE('',#3047,0.499999999999998);
#2314=CIRCLE('',#3050,0.399999999999995);
#2315=CIRCLE('',#3053,0.400000000000006);
#2316=CIRCLE('',#3056,0.499999999999998);
#2317=CIRCLE('',#3058,0.499999999999994);
#2318=CIRCLE('',#3061,0.399999999999999);
#2319=CIRCLE('',#3064,0.399999999999991);
#2320=CIRCLE('',#3067,0.499999999999996);
#2321=CIRCLE('',#3069,0.500000000000003);
#2322=CIRCLE('',#3072,0.400000000000001);
#2323=CIRCLE('',#3075,0.399999999999997);
#2324=CIRCLE('',#3078,0.500000000000002);
#2325=CIRCLE('',#3080,0.500000000000001);
#2326=CIRCLE('',#3083,0.399999999999993);
#2327=CIRCLE('',#3086,0.400000000000002);
#2328=CIRCLE('',#3089,0.5);
#2329=CIRCLE('',#3091,0.500000000000004);
#2330=CIRCLE('',#3094,0.399999999999998);
#2331=CIRCLE('',#3097,0.399999999999998);
#2332=CIRCLE('',#3100,0.500000000000004);
#2333=CIRCLE('',#3102,0.499999999999999);
#2334=CIRCLE('',#3105,0.4);
#2335=CIRCLE('',#3108,0.399999999999996);
#2336=CIRCLE('',#3111,0.500000000000003);
#2337=CIRCLE('',#3113,0.499999999999998);
#2338=CIRCLE('',#3116,0.399999999999999);
#2339=CIRCLE('',#3119,0.400000000000003);
#2340=CIRCLE('',#3122,0.500000000000007);
#2341=CIRCLE('',#3124,0.499999999999997);
#2342=CIRCLE('',#3127,0.400000000000002);
#2343=CIRCLE('',#3130,0.399999999999998);
#2344=CIRCLE('',#3133,10.72);
#2345=CIRCLE('',#3135,10.7199999999985);
#2346=CIRCLE('',#3137,10.7199999999979);
#2347=CIRCLE('',#3139,10.7199999999992);
#2348=CIRCLE('',#3141,10.7200000000016);
#2349=CIRCLE('',#3143,10.719999999999);
#2350=CIRCLE('',#3145,10.7200000000003);
#2351=CIRCLE('',#3147,10.7200000000017);
#2352=CIRCLE('',#3149,10.7200000000004);
#2353=CIRCLE('',#3151,10.7199999999984);
#2354=CIRCLE('',#3153,10.7199999999981);
#2355=CIRCLE('',#3155,10.7199999999985);
#2356=CIRCLE('',#3157,10.7200000000003);
#2357=CIRCLE('',#3159,10.7200000000019);
#2358=CIRCLE('',#3161,12.5);
#2359=CIRCLE('',#3162,12.5);
#2360=CIRCLE('',#3164,10.7200000000019);
#2361=CIRCLE('',#3166,10.9481300951703);
#2362=CIRCLE('',#3168,10.4583340136056);
#2363=CIRCLE('',#3170,10.4583340136056);
#2364=CIRCLE('',#3171,10.4583340136056);
#2365=CIRCLE('',#3172,10.4583340136056);
#2366=CIRCLE('',#3173,10.4583340136056);
#2367=CIRCLE('',#3174,10.4583340136056);
#2368=CIRCLE('',#3175,10.4583340136056);
#2369=CIRCLE('',#3176,10.4583340136056);
#2370=CIRCLE('',#3177,10.4583340136056);
#2371=CIRCLE('',#3178,10.4583340136056);
#2372=CIRCLE('',#3179,10.4583340136056);
#2373=CIRCLE('',#3180,10.4583340136056);
#2374=CIRCLE('',#3181,10.4583340136056);
#2375=CIRCLE('',#3182,10.4583340136056);
#2376=EDGE_LOOP('',(#618,#619,#620,#621,#622,#623,#624,#625,#626,#627,#628,
#629,#630,#631,#632,#633,#634,#635,#636,#637,#638,#639,#640,#641,#642,#643,
#644,#645,#646,#647,#648,#649,#650,#651,#652,#653,#654,#655,#656,#657,#658,
#659,#660,#661,#662,#663,#664,#665,#666,#667,#668,#669,#670,#671,#672,#673));
#2377=EDGE_LOOP('',(#674));
#2378=EDGE_LOOP('',(#675,#676,#677,#678,#679,#680,#681,#682));
#2379=EDGE_LOOP('',(#683,#684,#685,#686,#687,#688,#689,#690));
#2380=EDGE_LOOP('',(#691,#692,#693,#694,#695,#696,#697,#698));
#2381=EDGE_LOOP('',(#699,#700,#701,#702,#703,#704,#705,#706));
#2382=EDGE_LOOP('',(#707,#708,#709,#710,#711,#712,#713,#714));
#2383=EDGE_LOOP('',(#715,#716,#717,#718,#719,#720,#721,#722));
#2384=EDGE_LOOP('',(#723,#724,#725,#726,#727,#728,#729,#730));
#2385=EDGE_LOOP('',(#731,#732,#733,#734,#735,#736,#737,#738));
#2386=EDGE_LOOP('',(#739,#740,#741,#742,#743,#744,#745,#746));
#2387=EDGE_LOOP('',(#747,#748,#749,#750,#751,#752,#753,#754));
#2388=EDGE_LOOP('',(#755,#756,#757,#758,#759,#760,#761,#762));
#2389=EDGE_LOOP('',(#763,#764,#765,#766,#767,#768,#769,#770));
#2390=EDGE_LOOP('',(#771,#772,#773,#774,#775,#776,#777,#778));
#2391=EDGE_LOOP('',(#779,#780,#781,#782,#783,#784,#785,#786));
#2392=EDGE_LOOP('',(#787));
#2393=EDGE_LOOP('',(#788));
#2394=EDGE_LOOP('',(#789));
#2395=EDGE_LOOP('',(#790));
#2396=EDGE_LOOP('',(#791));
#2397=EDGE_LOOP('',(#792));
#2398=EDGE_LOOP('',(#793));
#2399=EDGE_LOOP('',(#794));
#2400=EDGE_LOOP('',(#795));
#2401=EDGE_LOOP('',(#796));
#2402=EDGE_LOOP('',(#797));
#2403=EDGE_LOOP('',(#798,#799,#800,#801,#802,#803));
#2404=EDGE_LOOP('',(#804,#805,#806,#807,#808,#809));
#2405=EDGE_LOOP('',(#810,#811,#812,#813));
#2406=EDGE_LOOP('',(#814,#815,#816,#817));
#2407=EDGE_LOOP('',(#818,#819,#820,#821));
#2408=EDGE_LOOP('',(#822,#823,#824,#825));
#2409=EDGE_LOOP('',(#826,#827,#828,#829));
#2410=EDGE_LOOP('',(#830,#831,#832,#833,#834,#835));
#2411=EDGE_LOOP('',(#836,#837,#838,#839,#840,#841));
#2412=EDGE_LOOP('',(#842,#843,#844,#845));
#2413=EDGE_LOOP('',(#846,#847,#848,#849));
#2414=EDGE_LOOP('',(#850,#851,#852,#853));
#2415=EDGE_LOOP('',(#854,#855,#856,#857));
#2416=EDGE_LOOP('',(#858,#859,#860,#861));
#2417=EDGE_LOOP('',(#862,#863,#864,#865,#866,#867));
#2418=EDGE_LOOP('',(#868,#869,#870,#871,#872,#873));
#2419=EDGE_LOOP('',(#874,#875,#876,#877));
#2420=EDGE_LOOP('',(#878,#879,#880,#881));
#2421=EDGE_LOOP('',(#882,#883,#884,#885));
#2422=EDGE_LOOP('',(#886,#887,#888,#889));
#2423=EDGE_LOOP('',(#890,#891,#892,#893));
#2424=EDGE_LOOP('',(#894,#895,#896,#897,#898,#899));
#2425=EDGE_LOOP('',(#900,#901,#902,#903,#904,#905));
#2426=EDGE_LOOP('',(#906,#907,#908,#909));
#2427=EDGE_LOOP('',(#910,#911,#912,#913));
#2428=EDGE_LOOP('',(#914,#915,#916,#917));
#2429=EDGE_LOOP('',(#918,#919,#920,#921));
#2430=EDGE_LOOP('',(#922,#923,#924,#925));
#2431=EDGE_LOOP('',(#926,#927,#928,#929,#930,#931));
#2432=EDGE_LOOP('',(#932,#933,#934,#935,#936,#937));
#2433=EDGE_LOOP('',(#938,#939,#940,#941));
#2434=EDGE_LOOP('',(#942,#943,#944,#945));
#2435=EDGE_LOOP('',(#946,#947,#948,#949));
#2436=EDGE_LOOP('',(#950,#951,#952,#953));
#2437=EDGE_LOOP('',(#954,#955,#956,#957));
#2438=EDGE_LOOP('',(#958,#959,#960,#961,#962,#963));
#2439=EDGE_LOOP('',(#964,#965,#966,#967,#968,#969));
#2440=EDGE_LOOP('',(#970,#971,#972,#973));
#2441=EDGE_LOOP('',(#974,#975,#976,#977));
#2442=EDGE_LOOP('',(#978,#979,#980,#981));
#2443=EDGE_LOOP('',(#982,#983,#984,#985));
#2444=EDGE_LOOP('',(#986,#987,#988,#989));
#2445=EDGE_LOOP('',(#990,#991,#992,#993,#994,#995));
#2446=EDGE_LOOP('',(#996,#997,#998,#999,#1000,#1001));
#2447=EDGE_LOOP('',(#1002,#1003,#1004,#1005));
#2448=EDGE_LOOP('',(#1006,#1007,#1008,#1009));
#2449=EDGE_LOOP('',(#1010,#1011,#1012,#1013));
#2450=EDGE_LOOP('',(#1014,#1015,#1016,#1017));
#2451=EDGE_LOOP('',(#1018,#1019,#1020,#1021));
#2452=EDGE_LOOP('',(#1022,#1023,#1024,#1025,#1026,#1027));
#2453=EDGE_LOOP('',(#1028,#1029,#1030,#1031,#1032,#1033));
#2454=EDGE_LOOP('',(#1034,#1035,#1036,#1037));
#2455=EDGE_LOOP('',(#1038,#1039,#1040,#1041));
#2456=EDGE_LOOP('',(#1042,#1043,#1044,#1045));
#2457=EDGE_LOOP('',(#1046,#1047,#1048,#1049));
#2458=EDGE_LOOP('',(#1050,#1051,#1052,#1053));
#2459=EDGE_LOOP('',(#1054,#1055,#1056,#1057,#1058,#1059));
#2460=EDGE_LOOP('',(#1060,#1061,#1062,#1063,#1064,#1065));
#2461=EDGE_LOOP('',(#1066,#1067,#1068,#1069));
#2462=EDGE_LOOP('',(#1070,#1071,#1072,#1073));
#2463=EDGE_LOOP('',(#1074,#1075,#1076,#1077));
#2464=EDGE_LOOP('',(#1078,#1079,#1080,#1081));
#2465=EDGE_LOOP('',(#1082,#1083,#1084,#1085));
#2466=EDGE_LOOP('',(#1086,#1087,#1088,#1089,#1090,#1091));
#2467=EDGE_LOOP('',(#1092,#1093,#1094,#1095,#1096,#1097));
#2468=EDGE_LOOP('',(#1098,#1099,#1100,#1101));
#2469=EDGE_LOOP('',(#1102,#1103,#1104,#1105));
#2470=EDGE_LOOP('',(#1106,#1107,#1108,#1109));
#2471=EDGE_LOOP('',(#1110,#1111,#1112,#1113));
#2472=EDGE_LOOP('',(#1114,#1115,#1116,#1117));
#2473=EDGE_LOOP('',(#1118,#1119,#1120,#1121,#1122,#1123));
#2474=EDGE_LOOP('',(#1124,#1125,#1126,#1127,#1128,#1129));
#2475=EDGE_LOOP('',(#1130,#1131,#1132,#1133));
#2476=EDGE_LOOP('',(#1134,#1135,#1136,#1137));
#2477=EDGE_LOOP('',(#1138,#1139,#1140,#1141));
#2478=EDGE_LOOP('',(#1142,#1143,#1144,#1145));
#2479=EDGE_LOOP('',(#1146,#1147,#1148,#1149));
#2480=EDGE_LOOP('',(#1150,#1151,#1152,#1153,#1154,#1155));
#2481=EDGE_LOOP('',(#1156,#1157,#1158,#1159,#1160,#1161));
#2482=EDGE_LOOP('',(#1162,#1163,#1164,#1165));
#2483=EDGE_LOOP('',(#1166,#1167,#1168,#1169));
#2484=EDGE_LOOP('',(#1170,#1171,#1172,#1173));
#2485=EDGE_LOOP('',(#1174,#1175,#1176,#1177));
#2486=EDGE_LOOP('',(#1178,#1179,#1180,#1181));
#2487=EDGE_LOOP('',(#1182,#1183,#1184,#1185,#1186,#1187));
#2488=EDGE_LOOP('',(#1188,#1189,#1190,#1191,#1192,#1193));
#2489=EDGE_LOOP('',(#1194,#1195,#1196,#1197));
#2490=EDGE_LOOP('',(#1198,#1199,#1200,#1201));
#2491=EDGE_LOOP('',(#1202,#1203,#1204,#1205));
#2492=EDGE_LOOP('',(#1206,#1207,#1208,#1209));
#2493=EDGE_LOOP('',(#1210,#1211,#1212,#1213));
#2494=EDGE_LOOP('',(#1214,#1215,#1216,#1217,#1218,#1219));
#2495=EDGE_LOOP('',(#1220,#1221,#1222,#1223,#1224,#1225));
#2496=EDGE_LOOP('',(#1226,#1227,#1228,#1229));
#2497=EDGE_LOOP('',(#1230,#1231,#1232,#1233));
#2498=EDGE_LOOP('',(#1234,#1235,#1236,#1237));
#2499=EDGE_LOOP('',(#1238,#1239,#1240,#1241));
#2500=EDGE_LOOP('',(#1242,#1243,#1244,#1245));
#2501=EDGE_LOOP('',(#1246,#1247,#1248,#1249));
#2502=EDGE_LOOP('',(#1250,#1251,#1252,#1253));
#2503=EDGE_LOOP('',(#1254,#1255,#1256,#1257));
#2504=EDGE_LOOP('',(#1258,#1259,#1260,#1261));
#2505=EDGE_LOOP('',(#1262,#1263,#1264,#1265));
#2506=EDGE_LOOP('',(#1266,#1267,#1268,#1269));
#2507=EDGE_LOOP('',(#1270,#1271,#1272,#1273));
#2508=EDGE_LOOP('',(#1274,#1275,#1276,#1277));
#2509=EDGE_LOOP('',(#1278,#1279,#1280,#1281));
#2510=EDGE_LOOP('',(#1282,#1283,#1284,#1285));
#2511=EDGE_LOOP('',(#1286,#1287,#1288,#1289));
#2512=EDGE_LOOP('',(#1290,#1291,#1292,#1293));
#2513=EDGE_LOOP('',(#1294,#1295,#1296,#1297));
#2514=EDGE_LOOP('',(#1298,#1299,#1300,#1301));
#2515=EDGE_LOOP('',(#1302));
#2516=EDGE_LOOP('',(#1303));
#2517=EDGE_LOOP('',(#1304));
#2518=EDGE_LOOP('',(#1305));
#2519=EDGE_LOOP('',(#1306));
#2520=EDGE_LOOP('',(#1307));
#2521=EDGE_LOOP('',(#1308,#1309,#1310,#1311,#1312,#1313,#1314,#1315));
#2522=EDGE_LOOP('',(#1316));
#2523=EDGE_LOOP('',(#1317,#1318,#1319,#1320,#1321,#1322,#1323,#1324,#1325,
#1326,#1327,#1328,#1329,#1330,#1331,#1332,#1333,#1334,#1335,#1336,#1337,
#1338,#1339,#1340,#1341,#1342,#1343,#1344,#1345,#1346,#1347,#1348,#1349,
#1350,#1351,#1352,#1353,#1354,#1355,#1356,#1357,#1358,#1359,#1360,#1361,
#1362,#1363,#1364,#1365,#1366,#1367,#1368,#1369,#1370,#1371,#1372));
#2524=EDGE_LOOP('',(#1373,#1374,#1375,#1376,#1377,#1378,#1379,#1380));
#2525=EDGE_LOOP('',(#1381,#1382,#1383,#1384,#1385,#1386,#1387,#1388));
#2526=EDGE_LOOP('',(#1389,#1390,#1391,#1392,#1393,#1394,#1395,#1396));
#2527=EDGE_LOOP('',(#1397,#1398,#1399,#1400,#1401,#1402,#1403,#1404));
#2528=EDGE_LOOP('',(#1405,#1406,#1407,#1408,#1409,#1410,#1411,#1412));
#2529=EDGE_LOOP('',(#1413,#1414,#1415,#1416,#1417,#1418,#1419,#1420));
#2530=EDGE_LOOP('',(#1421,#1422,#1423,#1424,#1425,#1426,#1427,#1428));
#2531=EDGE_LOOP('',(#1429,#1430,#1431,#1432,#1433,#1434,#1435,#1436));
#2532=EDGE_LOOP('',(#1437,#1438,#1439,#1440,#1441,#1442,#1443,#1444));
#2533=EDGE_LOOP('',(#1445,#1446,#1447,#1448,#1449,#1450,#1451,#1452));
#2534=EDGE_LOOP('',(#1453,#1454,#1455,#1456,#1457,#1458,#1459,#1460));
#2535=EDGE_LOOP('',(#1461,#1462,#1463,#1464,#1465,#1466,#1467,#1468));
#2536=EDGE_LOOP('',(#1469,#1470,#1471,#1472,#1473,#1474,#1475,#1476));
#2537=EDGE_LOOP('',(#1477));
#2538=FACE_BOUND('',#2376,.T.);
#2539=FACE_BOUND('',#2377,.T.);
#2540=FACE_BOUND('',#2378,.T.);
#2541=FACE_BOUND('',#2379,.T.);
#2542=FACE_BOUND('',#2380,.T.);
#2543=FACE_BOUND('',#2381,.T.);
#2544=FACE_BOUND('',#2382,.T.);
#2545=FACE_BOUND('',#2383,.T.);
#2546=FACE_BOUND('',#2384,.T.);
#2547=FACE_BOUND('',#2385,.T.);
#2548=FACE_BOUND('',#2386,.T.);
#2549=FACE_BOUND('',#2387,.T.);
#2550=FACE_BOUND('',#2388,.T.);
#2551=FACE_BOUND('',#2389,.T.);
#2552=FACE_BOUND('',#2390,.T.);
#2553=FACE_BOUND('',#2391,.T.);
#2554=FACE_BOUND('',#2392,.T.);
#2555=FACE_BOUND('',#2393,.T.);
#2556=FACE_BOUND('',#2394,.T.);
#2557=FACE_BOUND('',#2395,.T.);
#2558=FACE_BOUND('',#2396,.T.);
#2559=FACE_BOUND('',#2397,.T.);
#2560=FACE_BOUND('',#2398,.T.);
#2561=FACE_BOUND('',#2399,.T.);
#2562=FACE_BOUND('',#2400,.T.);
#2563=FACE_BOUND('',#2401,.T.);
#2564=FACE_BOUND('',#2402,.T.);
#2565=FACE_BOUND('',#2403,.T.);
#2566=FACE_BOUND('',#2404,.T.);
#2567=FACE_BOUND('',#2405,.T.);
#2568=FACE_BOUND('',#2406,.T.);
#2569=FACE_BOUND('',#2407,.T.);
#2570=FACE_BOUND('',#2408,.T.);
#2571=FACE_BOUND('',#2409,.T.);
#2572=FACE_BOUND('',#2410,.T.);
#2573=FACE_BOUND('',#2411,.T.);
#2574=FACE_BOUND('',#2412,.T.);
#2575=FACE_BOUND('',#2413,.T.);
#2576=FACE_BOUND('',#2414,.T.);
#2577=FACE_BOUND('',#2415,.T.);
#2578=FACE_BOUND('',#2416,.T.);
#2579=FACE_BOUND('',#2417,.T.);
#2580=FACE_BOUND('',#2418,.T.);
#2581=FACE_BOUND('',#2419,.T.);
#2582=FACE_BOUND('',#2420,.T.);
#2583=FACE_BOUND('',#2421,.T.);
#2584=FACE_BOUND('',#2422,.T.);
#2585=FACE_BOUND('',#2423,.T.);
#2586=FACE_BOUND('',#2424,.T.);
#2587=FACE_BOUND('',#2425,.T.);
#2588=FACE_BOUND('',#2426,.T.);
#2589=FACE_BOUND('',#2427,.T.);
#2590=FACE_BOUND('',#2428,.T.);
#2591=FACE_BOUND('',#2429,.T.);
#2592=FACE_BOUND('',#2430,.T.);
#2593=FACE_BOUND('',#2431,.T.);
#2594=FACE_BOUND('',#2432,.T.);
#2595=FACE_BOUND('',#2433,.T.);
#2596=FACE_BOUND('',#2434,.T.);
#2597=FACE_BOUND('',#2435,.T.);
#2598=FACE_BOUND('',#2436,.T.);
#2599=FACE_BOUND('',#2437,.T.);
#2600=FACE_BOUND('',#2438,.T.);
#2601=FACE_BOUND('',#2439,.T.);
#2602=FACE_BOUND('',#2440,.T.);
#2603=FACE_BOUND('',#2441,.T.);
#2604=FACE_BOUND('',#2442,.T.);
#2605=FACE_BOUND('',#2443,.T.);
#2606=FACE_BOUND('',#2444,.T.);
#2607=FACE_BOUND('',#2445,.T.);
#2608=FACE_BOUND('',#2446,.T.);
#2609=FACE_BOUND('',#2447,.T.);
#2610=FACE_BOUND('',#2448,.T.);
#2611=FACE_BOUND('',#2449,.T.);
#2612=FACE_BOUND('',#2450,.T.);
#2613=FACE_BOUND('',#2451,.T.);
#2614=FACE_BOUND('',#2452,.T.);
#2615=FACE_BOUND('',#2453,.T.);
#2616=FACE_BOUND('',#2454,.T.);
#2617=FACE_BOUND('',#2455,.T.);
#2618=FACE_BOUND('',#2456,.T.);
#2619=FACE_BOUND('',#2457,.T.);
#2620=FACE_BOUND('',#2458,.T.);
#2621=FACE_BOUND('',#2459,.T.);
#2622=FACE_BOUND('',#2460,.T.);
#2623=FACE_BOUND('',#2461,.T.);
#2624=FACE_BOUND('',#2462,.T.);
#2625=FACE_BOUND('',#2463,.T.);
#2626=FACE_BOUND('',#2464,.T.);
#2627=FACE_BOUND('',#2465,.T.);
#2628=FACE_BOUND('',#2466,.T.);
#2629=FACE_BOUND('',#2467,.T.);
#2630=FACE_BOUND('',#2468,.T.);
#2631=FACE_BOUND('',#2469,.T.);
#2632=FACE_BOUND('',#2470,.T.);
#2633=FACE_BOUND('',#2471,.T.);
#2634=FACE_BOUND('',#2472,.T.);
#2635=FACE_BOUND('',#2473,.T.);
#2636=FACE_BOUND('',#2474,.T.);
#2637=FACE_BOUND('',#2475,.T.);
#2638=FACE_BOUND('',#2476,.T.);
#2639=FACE_BOUND('',#2477,.T.);
#2640=FACE_BOUND('',#2478,.T.);
#2641=FACE_BOUND('',#2479,.T.);
#2642=FACE_BOUND('',#2480,.T.);
#2643=FACE_BOUND('',#2481,.T.);
#2644=FACE_BOUND('',#2482,.T.);
#2645=FACE_BOUND('',#2483,.T.);
#2646=FACE_BOUND('',#2484,.T.);
#2647=FACE_BOUND('',#2485,.T.);
#2648=FACE_BOUND('',#2486,.T.);
#2649=FACE_BOUND('',#2487,.T.);
#2650=FACE_BOUND('',#2488,.T.);
#2651=FACE_BOUND('',#2489,.T.);
#2652=FACE_BOUND('',#2490,.T.);
#2653=FACE_BOUND('',#2491,.T.);
#2654=FACE_BOUND('',#2492,.T.);
#2655=FACE_BOUND('',#2493,.T.);
#2656=FACE_BOUND('',#2494,.T.);
#2657=FACE_BOUND('',#2495,.T.);
#2658=FACE_BOUND('',#2496,.T.);
#2659=FACE_BOUND('',#2497,.T.);
#2660=FACE_BOUND('',#2498,.T.);
#2661=FACE_BOUND('',#2499,.T.);
#2662=FACE_BOUND('',#2500,.T.);
#2663=FACE_BOUND('',#2501,.T.);
#2664=FACE_BOUND('',#2502,.T.);
#2665=FACE_BOUND('',#2503,.T.);
#2666=FACE_BOUND('',#2504,.T.);
#2667=FACE_BOUND('',#2505,.T.);
#2668=FACE_BOUND('',#2506,.T.);
#2669=FACE_BOUND('',#2507,.T.);
#2670=FACE_BOUND('',#2508,.T.);
#2671=FACE_BOUND('',#2509,.T.);
#2672=FACE_BOUND('',#2510,.T.);
#2673=FACE_BOUND('',#2511,.T.);
#2674=FACE_BOUND('',#2512,.T.);
#2675=FACE_BOUND('',#2513,.T.);
#2676=FACE_BOUND('',#2514,.T.);
#2677=FACE_BOUND('',#2515,.T.);
#2678=FACE_BOUND('',#2516,.T.);
#2679=FACE_BOUND('',#2517,.T.);
#2680=FACE_BOUND('',#2518,.T.);
#2681=FACE_BOUND('',#2519,.T.);
#2682=FACE_BOUND('',#2520,.T.);
#2683=FACE_BOUND('',#2521,.T.);
#2684=FACE_BOUND('',#2522,.T.);
#2685=FACE_BOUND('',#2523,.T.);
#2686=FACE_BOUND('',#2524,.T.);
#2687=FACE_BOUND('',#2525,.T.);
#2688=FACE_BOUND('',#2526,.T.);
#2689=FACE_BOUND('',#2527,.T.);
#2690=FACE_BOUND('',#2528,.T.);
#2691=FACE_BOUND('',#2529,.T.);
#2692=FACE_BOUND('',#2530,.T.);
#2693=FACE_BOUND('',#2531,.T.);
#2694=FACE_BOUND('',#2532,.T.);
#2695=FACE_BOUND('',#2533,.T.);
#2696=FACE_BOUND('',#2534,.T.);
#2697=FACE_BOUND('',#2535,.T.);
#2698=FACE_BOUND('',#2536,.T.);
#2699=FACE_BOUND('',#2537,.T.);
#2700=TOROIDAL_SURFACE('',#2867,10.4583340136056,0.999999999999963);
#2701=TOROIDAL_SURFACE('',#3169,10.4583340136056,1.00000000000002);
#2702=ADVANCED_FACE('',(#2538,#2539),#2700,.T.);
#2703=ADVANCED_FACE('',(#2540),#489,.F.);
#2704=ADVANCED_FACE('',(#2541),#490,.F.);
#2705=ADVANCED_FACE('',(#2542),#491,.F.);
#2706=ADVANCED_FACE('',(#2543),#492,.F.);
#2707=ADVANCED_FACE('',(#2544),#493,.F.);
#2708=ADVANCED_FACE('',(#2545),#494,.F.);
#2709=ADVANCED_FACE('',(#2546),#495,.F.);
#2710=ADVANCED_FACE('',(#2547),#496,.F.);
#2711=ADVANCED_FACE('',(#2548),#497,.F.);
#2712=ADVANCED_FACE('',(#2549),#498,.F.);
#2713=ADVANCED_FACE('',(#2550),#499,.F.);
#2714=ADVANCED_FACE('',(#2551),#500,.F.);
#2715=ADVANCED_FACE('',(#2552),#501,.F.);
#2716=ADVANCED_FACE('',(#2553),#502,.F.);
#2717=ADVANCED_FACE('',(#2554,#2555),#93,.T.);
#2718=ADVANCED_FACE('',(#2556,#2557),#20,.T.);
#2719=ADVANCED_FACE('',(#2558,#2559),#94,.F.);
#2720=ADVANCED_FACE('',(#2560,#2561),#503,.F.);
#2721=ADVANCED_FACE('',(#2562,#2563),#21,.T.);
#2722=ADVANCED_FACE('',(#2564),#504,.F.);
#2723=ADVANCED_FACE('',(#2565),#22,.T.);
#2724=ADVANCED_FACE('',(#2566),#23,.T.);
#2725=ADVANCED_FACE('',(#2567),#505,.F.);
#2726=ADVANCED_FACE('',(#2568),#24,.F.);
#2727=ADVANCED_FACE('',(#2569),#506,.F.);
#2728=ADVANCED_FACE('',(#2570),#25,.F.);
#2729=ADVANCED_FACE('',(#2571),#507,.F.);
#2730=ADVANCED_FACE('',(#2572),#26,.T.);
#2731=ADVANCED_FACE('',(#2573),#27,.T.);
#2732=ADVANCED_FACE('',(#2574),#508,.F.);
#2733=ADVANCED_FACE('',(#2575),#28,.F.);
#2734=ADVANCED_FACE('',(#2576),#509,.F.);
#2735=ADVANCED_FACE('',(#2577),#29,.F.);
#2736=ADVANCED_FACE('',(#2578),#510,.F.);
#2737=ADVANCED_FACE('',(#2579),#30,.T.);
#2738=ADVANCED_FACE('',(#2580),#31,.T.);
#2739=ADVANCED_FACE('',(#2581),#511,.F.);
#2740=ADVANCED_FACE('',(#2582),#32,.F.);
#2741=ADVANCED_FACE('',(#2583),#512,.F.);
#2742=ADVANCED_FACE('',(#2584),#33,.F.);
#2743=ADVANCED_FACE('',(#2585),#513,.F.);
#2744=ADVANCED_FACE('',(#2586),#34,.T.);
#2745=ADVANCED_FACE('',(#2587),#35,.T.);
#2746=ADVANCED_FACE('',(#2588),#514,.F.);
#2747=ADVANCED_FACE('',(#2589),#36,.F.);
#2748=ADVANCED_FACE('',(#2590),#515,.F.);
#2749=ADVANCED_FACE('',(#2591),#37,.F.);
#2750=ADVANCED_FACE('',(#2592),#516,.F.);
#2751=ADVANCED_FACE('',(#2593),#38,.T.);
#2752=ADVANCED_FACE('',(#2594),#39,.T.);
#2753=ADVANCED_FACE('',(#2595),#517,.F.);
#2754=ADVANCED_FACE('',(#2596),#40,.F.);
#2755=ADVANCED_FACE('',(#2597),#518,.F.);
#2756=ADVANCED_FACE('',(#2598),#41,.F.);
#2757=ADVANCED_FACE('',(#2599),#519,.F.);
#2758=ADVANCED_FACE('',(#2600),#42,.T.);
#2759=ADVANCED_FACE('',(#2601),#43,.T.);
#2760=ADVANCED_FACE('',(#2602),#520,.F.);
#2761=ADVANCED_FACE('',(#2603),#44,.F.);
#2762=ADVANCED_FACE('',(#2604),#521,.F.);
#2763=ADVANCED_FACE('',(#2605),#45,.F.);
#2764=ADVANCED_FACE('',(#2606),#522,.F.);
#2765=ADVANCED_FACE('',(#2607),#46,.T.);
#2766=ADVANCED_FACE('',(#2608),#47,.T.);
#2767=ADVANCED_FACE('',(#2609),#523,.F.);
#2768=ADVANCED_FACE('',(#2610),#48,.F.);
#2769=ADVANCED_FACE('',(#2611),#524,.F.);
#2770=ADVANCED_FACE('',(#2612),#49,.F.);
#2771=ADVANCED_FACE('',(#2613),#525,.F.);
#2772=ADVANCED_FACE('',(#2614),#50,.T.);
#2773=ADVANCED_FACE('',(#2615),#51,.T.);
#2774=ADVANCED_FACE('',(#2616),#526,.F.);
#2775=ADVANCED_FACE('',(#2617),#52,.F.);
#2776=ADVANCED_FACE('',(#2618),#527,.F.);
#2777=ADVANCED_FACE('',(#2619),#53,.F.);
#2778=ADVANCED_FACE('',(#2620),#528,.F.);
#2779=ADVANCED_FACE('',(#2621),#54,.T.);
#2780=ADVANCED_FACE('',(#2622),#55,.T.);
#2781=ADVANCED_FACE('',(#2623),#529,.F.);
#2782=ADVANCED_FACE('',(#2624),#56,.F.);
#2783=ADVANCED_FACE('',(#2625),#530,.F.);
#2784=ADVANCED_FACE('',(#2626),#57,.F.);
#2785=ADVANCED_FACE('',(#2627),#531,.F.);
#2786=ADVANCED_FACE('',(#2628),#58,.T.);
#2787=ADVANCED_FACE('',(#2629),#59,.T.);
#2788=ADVANCED_FACE('',(#2630),#532,.F.);
#2789=ADVANCED_FACE('',(#2631),#60,.F.);
#2790=ADVANCED_FACE('',(#2632),#533,.F.);
#2791=ADVANCED_FACE('',(#2633),#61,.F.);
#2792=ADVANCED_FACE('',(#2634),#534,.F.);
#2793=ADVANCED_FACE('',(#2635),#62,.T.);
#2794=ADVANCED_FACE('',(#2636),#63,.T.);
#2795=ADVANCED_FACE('',(#2637),#535,.F.);
#2796=ADVANCED_FACE('',(#2638),#64,.F.);
#2797=ADVANCED_FACE('',(#2639),#536,.F.);
#2798=ADVANCED_FACE('',(#2640),#65,.F.);
#2799=ADVANCED_FACE('',(#2641),#537,.F.);
#2800=ADVANCED_FACE('',(#2642),#66,.T.);
#2801=ADVANCED_FACE('',(#2643),#67,.T.);
#2802=ADVANCED_FACE('',(#2644),#538,.F.);
#2803=ADVANCED_FACE('',(#2645),#68,.F.);
#2804=ADVANCED_FACE('',(#2646),#539,.F.);
#2805=ADVANCED_FACE('',(#2647),#69,.F.);
#2806=ADVANCED_FACE('',(#2648),#540,.F.);
#2807=ADVANCED_FACE('',(#2649),#70,.T.);
#2808=ADVANCED_FACE('',(#2650),#71,.T.);
#2809=ADVANCED_FACE('',(#2651),#541,.F.);
#2810=ADVANCED_FACE('',(#2652),#72,.F.);
#2811=ADVANCED_FACE('',(#2653),#542,.F.);
#2812=ADVANCED_FACE('',(#2654),#73,.F.);
#2813=ADVANCED_FACE('',(#2655),#543,.F.);
#2814=ADVANCED_FACE('',(#2656),#74,.T.);
#2815=ADVANCED_FACE('',(#2657),#75,.T.);
#2816=ADVANCED_FACE('',(#2658),#544,.F.);
#2817=ADVANCED_FACE('',(#2659),#76,.F.);
#2818=ADVANCED_FACE('',(#2660),#545,.F.);
#2819=ADVANCED_FACE('',(#2661),#77,.F.);
#2820=ADVANCED_FACE('',(#2662),#546,.F.);
#2821=ADVANCED_FACE('',(#2663),#78,.T.);
#2822=ADVANCED_FACE('',(#2664),#79,.T.);
#2823=ADVANCED_FACE('',(#2665),#80,.T.);
#2824=ADVANCED_FACE('',(#2666),#81,.T.);
#2825=ADVANCED_FACE('',(#2667),#82,.T.);
#2826=ADVANCED_FACE('',(#2668),#83,.T.);
#2827=ADVANCED_FACE('',(#2669),#84,.T.);
#2828=ADVANCED_FACE('',(#2670),#85,.T.);
#2829=ADVANCED_FACE('',(#2671),#86,.T.);
#2830=ADVANCED_FACE('',(#2672),#87,.T.);
#2831=ADVANCED_FACE('',(#2673),#88,.T.);
#2832=ADVANCED_FACE('',(#2674),#89,.T.);
#2833=ADVANCED_FACE('',(#2675),#90,.T.);
#2834=ADVANCED_FACE('',(#2676),#91,.T.);
#2835=ADVANCED_FACE('',(#2677,#2678),#92,.T.);
#2836=ADVANCED_FACE('',(#2679,#2680),#95,.F.);
#2837=ADVANCED_FACE('',(#2681,#2682),#96,.T.);
#2838=ADVANCED_FACE('',(#2683),#547,.F.);
#2839=ADVANCED_FACE('',(#2684,#2685),#2701,.T.);
#2840=ADVANCED_FACE('',(#2686),#548,.F.);
#2841=ADVANCED_FACE('',(#2687),#549,.F.);
#2842=ADVANCED_FACE('',(#2688),#550,.F.);
#2843=ADVANCED_FACE('',(#2689),#551,.F.);
#2844=ADVANCED_FACE('',(#2690),#552,.F.);
#2845=ADVANCED_FACE('',(#2691),#553,.F.);
#2846=ADVANCED_FACE('',(#2692),#554,.F.);
#2847=ADVANCED_FACE('',(#2693),#555,.F.);
#2848=ADVANCED_FACE('',(#2694),#556,.F.);
#2849=ADVANCED_FACE('',(#2695),#557,.F.);
#2850=ADVANCED_FACE('',(#2696),#558,.F.);
#2851=ADVANCED_FACE('',(#2697),#559,.F.);
#2852=ADVANCED_FACE('',(#2698),#560,.F.);
#2853=ADVANCED_FACE('',(#2699),#561,.F.);
#2854=CLOSED_SHELL('',(#2702,#2703,#2704,#2705,#2706,#2707,#2708,#2709,
#2710,#2711,#2712,#2713,#2714,#2715,#2716,#2717,#2718,#2719,#2720,#2721,
#2722,#2723,#2724,#2725,#2726,#2727,#2728,#2729,#2730,#2731,#2732,#2733,
#2734,#2735,#2736,#2737,#2738,#2739,#2740,#2741,#2742,#2743,#2744,#2745,
#2746,#2747,#2748,#2749,#2750,#2751,#2752,#2753,#2754,#2755,#2756,#2757,
#2758,#2759,#2760,#2761,#2762,#2763,#2764,#2765,#2766,#2767,#2768,#2769,
#2770,#2771,#2772,#2773,#2774,#2775,#2776,#2777,#2778,#2779,#2780,#2781,
#2782,#2783,#2784,#2785,#2786,#2787,#2788,#2789,#2790,#2791,#2792,#2793,
#2794,#2795,#2796,#2797,#2798,#2799,#2800,#2801,#2802,#2803,#2804,#2805,
#2806,#2807,#2808,#2809,#2810,#2811,#2812,#2813,#2814,#2815,#2816,#2817,
#2818,#2819,#2820,#2821,#2822,#2823,#2824,#2825,#2826,#2827,#2828,#2829,
#2830,#2831,#2832,#2833,#2834,#2835,#2836,#2837,#2838,#2839,#2840,#2841,
#2842,#2843,#2844,#2845,#2846,#2847,#2848,#2849,#2850,#2851,#2852,#2853));
#2855=STYLED_ITEM('',(#2856),#2863);
#2856=PRESENTATION_STYLE_ASSIGNMENT((#2857));
#2857=SURFACE_STYLE_USAGE(.BOTH.,#2858);
#2858=SURFACE_SIDE_STYLE('',(#2859));
#2859=SURFACE_STYLE_FILL_AREA(#2860);
#2860=FILL_AREA_STYLE('',(#2861));
#2861=FILL_AREA_STYLE_COLOUR('',#2862);
#2862=COLOUR_RGB('',0.689999997615814,0.689999997615814,0.689999997615814);
#2863=MANIFOLD_SOLID_BREP('27 T5 / 14-2',#2854);
#2864=SHAPE_DEFINITION_REPRESENTATION(#5102,#2865);
#2865=SHAPE_REPRESENTATION('27 T5 / 14-2',(#2866),#5097);
#2866=AXIS2_PLACEMENT_3D('',#4055,#3197,#3198);
#2867=AXIS2_PLACEMENT_3D('',#4056,#3199,#3200);
#2868=AXIS2_PLACEMENT_3D('',#4057,#3201,#3202);
#2869=AXIS2_PLACEMENT_3D('',#4065,#3203,#3204);
#2870=AXIS2_PLACEMENT_3D('',#4072,#3205,#3206);
#2871=AXIS2_PLACEMENT_3D('',#4079,#3207,#3208);
#2872=AXIS2_PLACEMENT_3D('',#4086,#3209,#3210);
#2873=AXIS2_PLACEMENT_3D('',#4093,#3211,#3212);
#2874=AXIS2_PLACEMENT_3D('',#4100,#3213,#3214);
#2875=AXIS2_PLACEMENT_3D('',#4107,#3215,#3216);
#2876=AXIS2_PLACEMENT_3D('',#4114,#3217,#3218);
#2877=AXIS2_PLACEMENT_3D('',#4121,#3219,#3220);
#2878=AXIS2_PLACEMENT_3D('',#4128,#3221,#3222);
#2879=AXIS2_PLACEMENT_3D('',#4135,#3223,#3224);
#2880=AXIS2_PLACEMENT_3D('',#4142,#3225,#3226);
#2881=AXIS2_PLACEMENT_3D('',#4149,#3227,#3228);
#2882=AXIS2_PLACEMENT_3D('',#4156,#3229,#3230);
#2883=AXIS2_PLACEMENT_3D('',#4163,#3231,#3232);
#2884=AXIS2_PLACEMENT_3D('',#4170,#3233,#3234);
#2885=AXIS2_PLACEMENT_3D('',#4177,#3235,#3236);
#2886=AXIS2_PLACEMENT_3D('',#4184,#3237,#3238);
#2887=AXIS2_PLACEMENT_3D('',#4191,#3239,#3240);
#2888=AXIS2_PLACEMENT_3D('',#4198,#3241,#3242);
#2889=AXIS2_PLACEMENT_3D('',#4205,#3243,#3244);
#2890=AXIS2_PLACEMENT_3D('',#4212,#3245,#3246);
#2891=AXIS2_PLACEMENT_3D('',#4219,#3247,#3248);
#2892=AXIS2_PLACEMENT_3D('',#4226,#3249,#3250);
#2893=AXIS2_PLACEMENT_3D('',#4233,#3251,#3252);
#2894=AXIS2_PLACEMENT_3D('',#4240,#3253,#3254);
#2895=AXIS2_PLACEMENT_3D('',#4247,#3255,#3256);
#2896=AXIS2_PLACEMENT_3D('',#4253,#3257,#3258);
#2897=AXIS2_PLACEMENT_3D('',#4255,#3259,#3260);
#2898=AXIS2_PLACEMENT_3D('',#4256,#3261,#3262);
#2899=AXIS2_PLACEMENT_3D('',#4260,#3264,#3265);
#2900=AXIS2_PLACEMENT_3D('',#4264,#3267,#3268);
#2901=AXIS2_PLACEMENT_3D('',#4268,#3270,#3271);
#2902=AXIS2_PLACEMENT_3D('',#4269,#3272,#3273);
#2903=AXIS2_PLACEMENT_3D('',#4270,#3274,#3275);
#2904=AXIS2_PLACEMENT_3D('',#4274,#3277,#3278);
#2905=AXIS2_PLACEMENT_3D('',#4278,#3280,#3281);
#2906=AXIS2_PLACEMENT_3D('',#4282,#3283,#3284);
#2907=AXIS2_PLACEMENT_3D('',#4283,#3285,#3286);
#2908=AXIS2_PLACEMENT_3D('',#4284,#3287,#3288);
#2909=AXIS2_PLACEMENT_3D('',#4288,#3290,#3291);
#2910=AXIS2_PLACEMENT_3D('',#4292,#3293,#3294);
#2911=AXIS2_PLACEMENT_3D('',#4296,#3296,#3297);
#2912=AXIS2_PLACEMENT_3D('',#4297,#3298,#3299);
#2913=AXIS2_PLACEMENT_3D('',#4298,#3300,#3301);
#2914=AXIS2_PLACEMENT_3D('',#4302,#3303,#3304);
#2915=AXIS2_PLACEMENT_3D('',#4306,#3306,#3307);
#2916=AXIS2_PLACEMENT_3D('',#4310,#3309,#3310);
#2917=AXIS2_PLACEMENT_3D('',#4311,#3311,#3312);
#2918=AXIS2_PLACEMENT_3D('',#4312,#3313,#3314);
#2919=AXIS2_PLACEMENT_3D('',#4316,#3316,#3317);
#2920=AXIS2_PLACEMENT_3D('',#4320,#3319,#3320);
#2921=AXIS2_PLACEMENT_3D('',#4324,#3322,#3323);
#2922=AXIS2_PLACEMENT_3D('',#4325,#3324,#3325);
#2923=AXIS2_PLACEMENT_3D('',#4326,#3326,#3327);
#2924=AXIS2_PLACEMENT_3D('',#4330,#3329,#3330);
#2925=AXIS2_PLACEMENT_3D('',#4334,#3332,#3333);
#2926=AXIS2_PLACEMENT_3D('',#4338,#3335,#3336);
#2927=AXIS2_PLACEMENT_3D('',#4339,#3337,#3338);
#2928=AXIS2_PLACEMENT_3D('',#4340,#3339,#3340);
#2929=AXIS2_PLACEMENT_3D('',#4344,#3342,#3343);
#2930=AXIS2_PLACEMENT_3D('',#4348,#3345,#3346);
#2931=AXIS2_PLACEMENT_3D('',#4352,#3348,#3349);
#2932=AXIS2_PLACEMENT_3D('',#4353,#3350,#3351);
#2933=AXIS2_PLACEMENT_3D('',#4354,#3352,#3353);
#2934=AXIS2_PLACEMENT_3D('',#4358,#3355,#3356);
#2935=AXIS2_PLACEMENT_3D('',#4362,#3358,#3359);
#2936=AXIS2_PLACEMENT_3D('',#4366,#3361,#3362);
#2937=AXIS2_PLACEMENT_3D('',#4367,#3363,#3364);
#2938=AXIS2_PLACEMENT_3D('',#4368,#3365,#3366);
#2939=AXIS2_PLACEMENT_3D('',#4372,#3368,#3369);
#2940=AXIS2_PLACEMENT_3D('',#4376,#3371,#3372);
#2941=AXIS2_PLACEMENT_3D('',#4380,#3374,#3375);
#2942=AXIS2_PLACEMENT_3D('',#4381,#3376,#3377);
#2943=AXIS2_PLACEMENT_3D('',#4382,#3378,#3379);
#2944=AXIS2_PLACEMENT_3D('',#4386,#3381,#3382);
#2945=AXIS2_PLACEMENT_3D('',#4390,#3384,#3385);
#2946=AXIS2_PLACEMENT_3D('',#4394,#3387,#3388);
#2947=AXIS2_PLACEMENT_3D('',#4395,#3389,#3390);
#2948=AXIS2_PLACEMENT_3D('',#4396,#3391,#3392);
#2949=AXIS2_PLACEMENT_3D('',#4400,#3394,#3395);
#2950=AXIS2_PLACEMENT_3D('',#4404,#3397,#3398);
#2951=AXIS2_PLACEMENT_3D('',#4408,#3400,#3401);
#2952=AXIS2_PLACEMENT_3D('',#4409,#3402,#3403);
#2953=AXIS2_PLACEMENT_3D('',#4410,#3404,#3405);
#2954=AXIS2_PLACEMENT_3D('',#4414,#3407,#3408);
#2955=AXIS2_PLACEMENT_3D('',#4418,#3410,#3411);
#2956=AXIS2_PLACEMENT_3D('',#4422,#3413,#3414);
#2957=AXIS2_PLACEMENT_3D('',#4423,#3415,#3416);
#2958=AXIS2_PLACEMENT_3D('',#4424,#3417,#3418);
#2959=AXIS2_PLACEMENT_3D('',#4428,#3420,#3421);
#2960=AXIS2_PLACEMENT_3D('',#4432,#3423,#3424);
#2961=AXIS2_PLACEMENT_3D('',#4436,#3426,#3427);
#2962=AXIS2_PLACEMENT_3D('',#4437,#3428,#3429);
#2963=AXIS2_PLACEMENT_3D('',#4441,#3431,#3432);
#2964=AXIS2_PLACEMENT_3D('',#4442,#3433,#3434);
#2965=AXIS2_PLACEMENT_3D('',#4446,#3436,#3437);
#2966=AXIS2_PLACEMENT_3D('',#4450,#3439,#3440);
#2967=AXIS2_PLACEMENT_3D('',#4451,#3441,#3442);
#2968=AXIS2_PLACEMENT_3D('',#4452,#3443,#3444);
#2969=AXIS2_PLACEMENT_3D('',#4454,#3445,#3446);
#2970=AXIS2_PLACEMENT_3D('',#4455,#3447,#3448);
#2971=AXIS2_PLACEMENT_3D('',#4457,#3449,#3450);
#2972=AXIS2_PLACEMENT_3D('',#4458,#3451,#3452);
#2973=AXIS2_PLACEMENT_3D('',#4460,#3453,#3454);
#2974=AXIS2_PLACEMENT_3D('',#4461,#3455,#3456);
#2975=AXIS2_PLACEMENT_3D('',#4463,#3457,#3458);
#2976=AXIS2_PLACEMENT_3D('',#4464,#3459,#3460);
#2977=AXIS2_PLACEMENT_3D('',#4466,#3461,#3462);
#2978=AXIS2_PLACEMENT_3D('',#4467,#3463,#3464);
#2979=AXIS2_PLACEMENT_3D('',#4468,#3465,#3466);
#2980=AXIS2_PLACEMENT_3D('',#4478,#3469,#3470);
#2981=AXIS2_PLACEMENT_3D('',#4486,#3472,#3473);
#2982=AXIS2_PLACEMENT_3D('',#4489,#3475,#3476);
#2983=AXIS2_PLACEMENT_3D('',#4493,#3479,#3480);
#2984=AXIS2_PLACEMENT_3D('',#4494,#3481,#3482);
#2985=AXIS2_PLACEMENT_3D('',#4497,#3484,#3485);
#2986=AXIS2_PLACEMENT_3D('',#4501,#3488,#3489);
#2987=AXIS2_PLACEMENT_3D('',#4502,#3490,#3491);
#2988=AXIS2_PLACEMENT_3D('',#4505,#3493,#3494);
#2989=AXIS2_PLACEMENT_3D('',#4509,#3497,#3498);
#2990=AXIS2_PLACEMENT_3D('',#4510,#3499,#3500);
#2991=AXIS2_PLACEMENT_3D('',#4518,#3502,#3503);
#2992=AXIS2_PLACEMENT_3D('',#4526,#3505,#3506);
#2993=AXIS2_PLACEMENT_3D('',#4529,#3508,#3509);
#2994=AXIS2_PLACEMENT_3D('',#4533,#3512,#3513);
#2995=AXIS2_PLACEMENT_3D('',#4534,#3514,#3515);
#2996=AXIS2_PLACEMENT_3D('',#4537,#3517,#3518);
#2997=AXIS2_PLACEMENT_3D('',#4541,#3521,#3522);
#2998=AXIS2_PLACEMENT_3D('',#4542,#3523,#3524);
#2999=AXIS2_PLACEMENT_3D('',#4545,#3526,#3527);
#3000=AXIS2_PLACEMENT_3D('',#4549,#3530,#3531);
#3001=AXIS2_PLACEMENT_3D('',#4550,#3532,#3533);
#3002=AXIS2_PLACEMENT_3D('',#4558,#3535,#3536);
#3003=AXIS2_PLACEMENT_3D('',#4566,#3538,#3539);
#3004=AXIS2_PLACEMENT_3D('',#4569,#3541,#3542);
#3005=AXIS2_PLACEMENT_3D('',#4573,#3545,#3546);
#3006=AXIS2_PLACEMENT_3D('',#4574,#3547,#3548);
#3007=AXIS2_PLACEMENT_3D('',#4577,#3550,#3551);
#3008=AXIS2_PLACEMENT_3D('',#4581,#3554,#3555);
#3009=AXIS2_PLACEMENT_3D('',#4582,#3556,#3557);
#3010=AXIS2_PLACEMENT_3D('',#4585,#3559,#3560);
#3011=AXIS2_PLACEMENT_3D('',#4589,#3563,#3564);
#3012=AXIS2_PLACEMENT_3D('',#4590,#3565,#3566);
#3013=AXIS2_PLACEMENT_3D('',#4598,#3568,#3569);
#3014=AXIS2_PLACEMENT_3D('',#4606,#3571,#3572);
#3015=AXIS2_PLACEMENT_3D('',#4609,#3574,#3575);
#3016=AXIS2_PLACEMENT_3D('',#4613,#3578,#3579);
#3017=AXIS2_PLACEMENT_3D('',#4614,#3580,#3581);
#3018=AXIS2_PLACEMENT_3D('',#4617,#3583,#3584);
#3019=AXIS2_PLACEMENT_3D('',#4621,#3587,#3588);
#3020=AXIS2_PLACEMENT_3D('',#4622,#3589,#3590);
#3021=AXIS2_PLACEMENT_3D('',#4625,#3592,#3593);
#3022=AXIS2_PLACEMENT_3D('',#4629,#3596,#3597);
#3023=AXIS2_PLACEMENT_3D('',#4630,#3598,#3599);
#3024=AXIS2_PLACEMENT_3D('',#4638,#3601,#3602);
#3025=AXIS2_PLACEMENT_3D('',#4646,#3604,#3605);
#3026=AXIS2_PLACEMENT_3D('',#4649,#3607,#3608);
#3027=AXIS2_PLACEMENT_3D('',#4653,#3611,#3612);
#3028=AXIS2_PLACEMENT_3D('',#4654,#3613,#3614);
#3029=AXIS2_PLACEMENT_3D('',#4657,#3616,#3617);
#3030=AXIS2_PLACEMENT_3D('',#4661,#3620,#3621);
#3031=AXIS2_PLACEMENT_3D('',#4662,#3622,#3623);
#3032=AXIS2_PLACEMENT_3D('',#4665,#3625,#3626);
#3033=AXIS2_PLACEMENT_3D('',#4669,#3629,#3630);
#3034=AXIS2_PLACEMENT_3D('',#4670,#3631,#3632);
#3035=AXIS2_PLACEMENT_3D('',#4678,#3634,#3635);
#3036=AXIS2_PLACEMENT_3D('',#4686,#3637,#3638);
#3037=AXIS2_PLACEMENT_3D('',#4689,#3640,#3641);
#3038=AXIS2_PLACEMENT_3D('',#4693,#3644,#3645);
#3039=AXIS2_PLACEMENT_3D('',#4694,#3646,#3647);
#3040=AXIS2_PLACEMENT_3D('',#4697,#3649,#3650);
#3041=AXIS2_PLACEMENT_3D('',#4701,#3653,#3654);
#3042=AXIS2_PLACEMENT_3D('',#4702,#3655,#3656);
#3043=AXIS2_PLACEMENT_3D('',#4705,#3658,#3659);
#3044=AXIS2_PLACEMENT_3D('',#4709,#3662,#3663);
#3045=AXIS2_PLACEMENT_3D('',#4710,#3664,#3665);
#3046=AXIS2_PLACEMENT_3D('',#4718,#3667,#3668);
#3047=AXIS2_PLACEMENT_3D('',#4726,#3670,#3671);
#3048=AXIS2_PLACEMENT_3D('',#4729,#3673,#3674);
#3049=AXIS2_PLACEMENT_3D('',#4733,#3677,#3678);
#3050=AXIS2_PLACEMENT_3D('',#4734,#3679,#3680);
#3051=AXIS2_PLACEMENT_3D('',#4737,#3682,#3683);
#3052=AXIS2_PLACEMENT_3D('',#4741,#3686,#3687);
#3053=AXIS2_PLACEMENT_3D('',#4742,#3688,#3689);
#3054=AXIS2_PLACEMENT_3D('',#4745,#3691,#3692);
#3055=AXIS2_PLACEMENT_3D('',#4749,#3695,#3696);
#3056=AXIS2_PLACEMENT_3D('',#4750,#3697,#3698);
#3057=AXIS2_PLACEMENT_3D('',#4758,#3700,#3701);
#3058=AXIS2_PLACEMENT_3D('',#4766,#3703,#3704);
#3059=AXIS2_PLACEMENT_3D('',#4769,#3706,#3707);
#3060=AXIS2_PLACEMENT_3D('',#4773,#3710,#3711);
#3061=AXIS2_PLACEMENT_3D('',#4774,#3712,#3713);
#3062=AXIS2_PLACEMENT_3D('',#4777,#3715,#3716);
#3063=AXIS2_PLACEMENT_3D('',#4781,#3719,#3720);
#3064=AXIS2_PLACEMENT_3D('',#4782,#3721,#3722);
#3065=AXIS2_PLACEMENT_3D('',#4785,#3724,#3725);
#3066=AXIS2_PLACEMENT_3D('',#4789,#3728,#3729);
#3067=AXIS2_PLACEMENT_3D('',#4790,#3730,#3731);
#3068=AXIS2_PLACEMENT_3D('',#4798,#3733,#3734);
#3069=AXIS2_PLACEMENT_3D('',#4806,#3736,#3737);
#3070=AXIS2_PLACEMENT_3D('',#4809,#3739,#3740);
#3071=AXIS2_PLACEMENT_3D('',#4813,#3743,#3744);
#3072=AXIS2_PLACEMENT_3D('',#4814,#3745,#3746);
#3073=AXIS2_PLACEMENT_3D('',#4817,#3748,#3749);
#3074=AXIS2_PLACEMENT_3D('',#4821,#3752,#3753);
#3075=AXIS2_PLACEMENT_3D('',#4822,#3754,#3755);
#3076=AXIS2_PLACEMENT_3D('',#4825,#3757,#3758);
#3077=AXIS2_PLACEMENT_3D('',#4829,#3761,#3762);
#3078=AXIS2_PLACEMENT_3D('',#4830,#3763,#3764);
#3079=AXIS2_PLACEMENT_3D('',#4838,#3766,#3767);
#3080=AXIS2_PLACEMENT_3D('',#4846,#3769,#3770);
#3081=AXIS2_PLACEMENT_3D('',#4849,#3772,#3773);
#3082=AXIS2_PLACEMENT_3D('',#4853,#3776,#3777);
#3083=AXIS2_PLACEMENT_3D('',#4854,#3778,#3779);
#3084=AXIS2_PLACEMENT_3D('',#4857,#3781,#3782);
#3085=AXIS2_PLACEMENT_3D('',#4861,#3785,#3786);
#3086=AXIS2_PLACEMENT_3D('',#4862,#3787,#3788);
#3087=AXIS2_PLACEMENT_3D('',#4865,#3790,#3791);
#3088=AXIS2_PLACEMENT_3D('',#4869,#3794,#3795);
#3089=AXIS2_PLACEMENT_3D('',#4870,#3796,#3797);
#3090=AXIS2_PLACEMENT_3D('',#4878,#3799,#3800);
#3091=AXIS2_PLACEMENT_3D('',#4886,#3802,#3803);
#3092=AXIS2_PLACEMENT_3D('',#4889,#3805,#3806);
#3093=AXIS2_PLACEMENT_3D('',#4893,#3809,#3810);
#3094=AXIS2_PLACEMENT_3D('',#4894,#3811,#3812);
#3095=AXIS2_PLACEMENT_3D('',#4897,#3814,#3815);
#3096=AXIS2_PLACEMENT_3D('',#4901,#3818,#3819);
#3097=AXIS2_PLACEMENT_3D('',#4902,#3820,#3821);
#3098=AXIS2_PLACEMENT_3D('',#4905,#3823,#3824);
#3099=AXIS2_PLACEMENT_3D('',#4909,#3827,#3828);
#3100=AXIS2_PLACEMENT_3D('',#4910,#3829,#3830);
#3101=AXIS2_PLACEMENT_3D('',#4918,#3832,#3833);
#3102=AXIS2_PLACEMENT_3D('',#4926,#3835,#3836);
#3103=AXIS2_PLACEMENT_3D('',#4929,#3838,#3839);
#3104=AXIS2_PLACEMENT_3D('',#4933,#3842,#3843);
#3105=AXIS2_PLACEMENT_3D('',#4934,#3844,#3845);
#3106=AXIS2_PLACEMENT_3D('',#4937,#3847,#3848);
#3107=AXIS2_PLACEMENT_3D('',#4941,#3851,#3852);
#3108=AXIS2_PLACEMENT_3D('',#4942,#3853,#3854);
#3109=AXIS2_PLACEMENT_3D('',#4945,#3856,#3857);
#3110=AXIS2_PLACEMENT_3D('',#4949,#3860,#3861);
#3111=AXIS2_PLACEMENT_3D('',#4950,#3862,#3863);
#3112=AXIS2_PLACEMENT_3D('',#4958,#3865,#3866);
#3113=AXIS2_PLACEMENT_3D('',#4966,#3868,#3869);
#3114=AXIS2_PLACEMENT_3D('',#4969,#3871,#3872);
#3115=AXIS2_PLACEMENT_3D('',#4973,#3875,#3876);
#3116=AXIS2_PLACEMENT_3D('',#4974,#3877,#3878);
#3117=AXIS2_PLACEMENT_3D('',#4977,#3880,#3881);
#3118=AXIS2_PLACEMENT_3D('',#4981,#3884,#3885);
#3119=AXIS2_PLACEMENT_3D('',#4982,#3886,#3887);
#3120=AXIS2_PLACEMENT_3D('',#4985,#3889,#3890);
#3121=AXIS2_PLACEMENT_3D('',#4989,#3893,#3894);
#3122=AXIS2_PLACEMENT_3D('',#4990,#3895,#3896);
#3123=AXIS2_PLACEMENT_3D('',#4998,#3898,#3899);
#3124=AXIS2_PLACEMENT_3D('',#5006,#3901,#3902);
#3125=AXIS2_PLACEMENT_3D('',#5009,#3904,#3905);
#3126=AXIS2_PLACEMENT_3D('',#5013,#3908,#3909);
#3127=AXIS2_PLACEMENT_3D('',#5014,#3910,#3911);
#3128=AXIS2_PLACEMENT_3D('',#5017,#3913,#3914);
#3129=AXIS2_PLACEMENT_3D('',#5021,#3917,#3918);
#3130=AXIS2_PLACEMENT_3D('',#5022,#3919,#3920);
#3131=AXIS2_PLACEMENT_3D('',#5025,#3922,#3923);
#3132=AXIS2_PLACEMENT_3D('',#5027,#3925,#3926);
#3133=AXIS2_PLACEMENT_3D('',#5028,#3927,#3928);
#3134=AXIS2_PLACEMENT_3D('',#5029,#3929,#3930);
#3135=AXIS2_PLACEMENT_3D('',#5030,#3931,#3932);
#3136=AXIS2_PLACEMENT_3D('',#5031,#3933,#3934);
#3137=AXIS2_PLACEMENT_3D('',#5032,#3935,#3936);
#3138=AXIS2_PLACEMENT_3D('',#5033,#3937,#3938);
#3139=AXIS2_PLACEMENT_3D('',#5034,#3939,#3940);
#3140=AXIS2_PLACEMENT_3D('',#5035,#3941,#3942);
#3141=AXIS2_PLACEMENT_3D('',#5036,#3943,#3944);
#3142=AXIS2_PLACEMENT_3D('',#5037,#3945,#3946);
#3143=AXIS2_PLACEMENT_3D('',#5038,#3947,#3948);
#3144=AXIS2_PLACEMENT_3D('',#5039,#3949,#3950);
#3145=AXIS2_PLACEMENT_3D('',#5040,#3951,#3952);
#3146=AXIS2_PLACEMENT_3D('',#5041,#3953,#3954);
#3147=AXIS2_PLACEMENT_3D('',#5042,#3955,#3956);
#3148=AXIS2_PLACEMENT_3D('',#5043,#3957,#3958);
#3149=AXIS2_PLACEMENT_3D('',#5044,#3959,#3960);
#3150=AXIS2_PLACEMENT_3D('',#5045,#3961,#3962);
#3151=AXIS2_PLACEMENT_3D('',#5046,#3963,#3964);
#3152=AXIS2_PLACEMENT_3D('',#5047,#3965,#3966);
#3153=AXIS2_PLACEMENT_3D('',#5048,#3967,#3968);
#3154=AXIS2_PLACEMENT_3D('',#5049,#3969,#3970);
#3155=AXIS2_PLACEMENT_3D('',#5050,#3971,#3972);
#3156=AXIS2_PLACEMENT_3D('',#5051,#3973,#3974);
#3157=AXIS2_PLACEMENT_3D('',#5052,#3975,#3976);
#3158=AXIS2_PLACEMENT_3D('',#5053,#3977,#3978);
#3159=AXIS2_PLACEMENT_3D('',#5054,#3979,#3980);
#3160=AXIS2_PLACEMENT_3D('',#5055,#3981,#3982);
#3161=AXIS2_PLACEMENT_3D('',#5056,#3983,#3984);
#3162=AXIS2_PLACEMENT_3D('',#5058,#3985,#3986);
#3163=AXIS2_PLACEMENT_3D('',#5060,#3987,#3988);
#3164=AXIS2_PLACEMENT_3D('',#5061,#3989,#3990);
#3165=AXIS2_PLACEMENT_3D('',#5063,#3991,#3992);
#3166=AXIS2_PLACEMENT_3D('',#5064,#3993,#3994);
#3167=AXIS2_PLACEMENT_3D('',#5066,#3995,#3996);
#3168=AXIS2_PLACEMENT_3D('',#5067,#3997,#3998);
#3169=AXIS2_PLACEMENT_3D('',#5068,#3999,#4000);
#3170=AXIS2_PLACEMENT_3D('',#5069,#4001,#4002);
#3171=AXIS2_PLACEMENT_3D('',#5070,#4003,#4004);
#3172=AXIS2_PLACEMENT_3D('',#5071,#4005,#4006);
#3173=AXIS2_PLACEMENT_3D('',#5072,#4007,#4008);
#3174=AXIS2_PLACEMENT_3D('',#5073,#4009,#4010);
#3175=AXIS2_PLACEMENT_3D('',#5074,#4011,#4012);
#3176=AXIS2_PLACEMENT_3D('',#5075,#4013,#4014);
#3177=AXIS2_PLACEMENT_3D('',#5076,#4015,#4016);
#3178=AXIS2_PLACEMENT_3D('',#5077,#4017,#4018);
#3179=AXIS2_PLACEMENT_3D('',#5078,#4019,#4020);
#3180=AXIS2_PLACEMENT_3D('',#5079,#4021,#4022);
#3181=AXIS2_PLACEMENT_3D('',#5080,#4023,#4024);
#3182=AXIS2_PLACEMENT_3D('',#5081,#4025,#4026);
#3183=AXIS2_PLACEMENT_3D('',#5082,#4027,#4028);
#3184=AXIS2_PLACEMENT_3D('',#5083,#4029,#4030);
#3185=AXIS2_PLACEMENT_3D('',#5084,#4031,#4032);
#3186=AXIS2_PLACEMENT_3D('',#5085,#4033,#4034);
#3187=AXIS2_PLACEMENT_3D('',#5086,#4035,#4036);
#3188=AXIS2_PLACEMENT_3D('',#5087,#4037,#4038);
#3189=AXIS2_PLACEMENT_3D('',#5088,#4039,#4040);
#3190=AXIS2_PLACEMENT_3D('',#5089,#4041,#4042);
#3191=AXIS2_PLACEMENT_3D('',#5090,#4043,#4044);
#3192=AXIS2_PLACEMENT_3D('',#5091,#4045,#4046);
#3193=AXIS2_PLACEMENT_3D('',#5092,#4047,#4048);
#3194=AXIS2_PLACEMENT_3D('',#5093,#4049,#4050);
#3195=AXIS2_PLACEMENT_3D('',#5094,#4051,#4052);
#3196=AXIS2_PLACEMENT_3D('',#5095,#4053,#4054);
#3197=DIRECTION('',(0.,0.,1.));
#3198=DIRECTION('',(1.,0.,0.));
#3199=DIRECTION('',(1.,0.,0.));
#3200=DIRECTION('',(0.,0.,-1.));
#3201=DIRECTION('',(1.,0.,0.));
#3202=DIRECTION('',(0.,0.,-1.));
#3203=DIRECTION('',(1.,0.,0.));
#3204=DIRECTION('',(0.,0.,-1.));
#3205=DIRECTION('',(1.,0.,0.));
#3206=DIRECTION('',(0.,0.,-1.));
#3207=DIRECTION('',(1.,0.,0.));
#3208=DIRECTION('',(0.,0.,-1.));
#3209=DIRECTION('',(1.,0.,0.));
#3210=DIRECTION('',(0.,0.,-1.));
#3211=DIRECTION('',(1.,0.,0.));
#3212=DIRECTION('',(0.,0.,-1.));
#3213=DIRECTION('',(1.,0.,0.));
#3214=DIRECTION('',(0.,0.,-1.));
#3215=DIRECTION('',(1.,0.,0.));
#3216=DIRECTION('',(0.,0.,-1.));
#3217=DIRECTION('',(1.,0.,0.));
#3218=DIRECTION('',(0.,0.,-1.));
#3219=DIRECTION('',(1.,0.,0.));
#3220=DIRECTION('',(0.,0.,-1.));
#3221=DIRECTION('',(1.,0.,0.));
#3222=DIRECTION('',(0.,0.,-1.));
#3223=DIRECTION('',(1.,0.,0.));
#3224=DIRECTION('',(0.,0.,-1.));
#3225=DIRECTION('',(1.,0.,0.));
#3226=DIRECTION('',(0.,0.,-1.));
#3227=DIRECTION('',(1.,0.,0.));
#3228=DIRECTION('',(0.,0.,-1.));
#3229=DIRECTION('',(1.,0.,0.));
#3230=DIRECTION('',(0.,0.,-1.));
#3231=DIRECTION('',(1.,0.,0.));
#3232=DIRECTION('',(0.,0.,-1.));
#3233=DIRECTION('',(1.,0.,0.));
#3234=DIRECTION('',(0.,0.,-1.));
#3235=DIRECTION('',(1.,0.,0.));
#3236=DIRECTION('',(0.,0.,-1.));
#3237=DIRECTION('',(1.,0.,0.));
#3238=DIRECTION('',(0.,0.,-1.));
#3239=DIRECTION('',(1.,0.,0.));
#3240=DIRECTION('',(0.,0.,-1.));
#3241=DIRECTION('',(1.,0.,0.));
#3242=DIRECTION('',(0.,0.,-1.));
#3243=DIRECTION('',(1.,0.,0.));
#3244=DIRECTION('',(0.,0.,-1.));
#3245=DIRECTION('',(1.,0.,0.));
#3246=DIRECTION('',(0.,0.,-1.));
#3247=DIRECTION('',(1.,0.,0.));
#3248=DIRECTION('',(0.,0.,-1.));
#3249=DIRECTION('',(1.,0.,0.));
#3250=DIRECTION('',(0.,0.,-1.));
#3251=DIRECTION('',(1.,0.,0.));
#3252=DIRECTION('',(0.,0.,-1.));
#3253=DIRECTION('',(1.,0.,0.));
#3254=DIRECTION('',(0.,0.,-1.));
#3255=DIRECTION('',(1.,0.,0.));
#3256=DIRECTION('',(0.,0.,-1.));
#3257=DIRECTION('',(1.,0.,0.));
#3258=DIRECTION('',(0.,0.,-1.));
#3259=DIRECTION('',(1.,0.,0.));
#3260=DIRECTION('',(0.,0.,-1.));
#3261=DIRECTION('',(1.,0.,0.));
#3262=DIRECTION('',(0.,0.,-1.));
#3263=DIRECTION('',(0.,-0.210349884345495,-0.977626168919305));
#3264=DIRECTION('',(1.,0.,0.));
#3265=DIRECTION('',(0.,0.,-1.));
#3266=DIRECTION('',(0.,-0.974927912181824,-0.222520933956311));
#3267=DIRECTION('',(1.,0.,0.));
#3268=DIRECTION('',(0.,0.,-1.));
#3269=DIRECTION('',(0.,-0.613694794792048,0.789543348300235));
#3270=DIRECTION('',(1.,0.,0.));
#3271=DIRECTION('',(0.,0.,-1.));
#3272=DIRECTION('',(1.,0.,0.));
#3273=DIRECTION('',(0.,0.,-1.));
#3274=DIRECTION('',(1.,0.,0.));
#3275=DIRECTION('',(0.,0.,-1.));
#3276=DIRECTION('',(0.,0.234657400467717,-0.972078136985774));
#3277=DIRECTION('',(1.,0.,0.));
#3278=DIRECTION('',(0.,0.,-1.));
#3279=DIRECTION('',(0.,-0.781831482468032,-0.623489801858732));
#3280=DIRECTION('',(1.,0.,0.));
#3281=DIRECTION('',(0.,0.,-1.));
#3282=DIRECTION('',(0.,-0.895489924657302,0.445081784436592));
#3283=DIRECTION('',(1.,0.,0.));
#3284=DIRECTION('',(0.,0.,-1.));
#3285=DIRECTION('',(1.,0.,0.));
#3286=DIRECTION('',(0.,0.,-1.));
#3287=DIRECTION('',(1.,0.,0.));
#3288=DIRECTION('',(0.,0.,-1.));
#3289=DIRECTION('',(0.,0.63318790923414,-0.773998108266227));
#3290=DIRECTION('',(1.,0.,0.));
#3291=DIRECTION('',(0.,0.,-1.));
#3292=DIRECTION('',(0.,-0.43388373911756,-0.900968867902418));
#3293=DIRECTION('',(1.,0.,0.));
#3294=DIRECTION('',(0.,0.,-1.));
#3295=DIRECTION('',(0.,-0.999922292480975,0.0124663145954152));
#3296=DIRECTION('',(1.,0.,0.));
#3297=DIRECTION('',(0.,0.,-1.));
#3298=DIRECTION('',(1.,0.,0.));
#3299=DIRECTION('',(0.,0.,-1.));
#3300=DIRECTION('',(1.,0.,0.));
#3301=DIRECTION('',(0.,0.,-1.));
#3302=DIRECTION('',(0.,0.90630778703665,-0.422618261740699));
#3303=DIRECTION('',(1.,0.,0.));
#3304=DIRECTION('',(0.,0.,-1.));
#3305=DIRECTION('',(0.,0.,-1.));
#3306=DIRECTION('',(1.,0.,0.));
#3307=DIRECTION('',(0.,0.,-1.));
#3308=DIRECTION('',(0.,-0.90630778703665,-0.4226182617407));
#3309=DIRECTION('',(1.,0.,0.));
#3310=DIRECTION('',(0.,0.,-1.));
#3311=DIRECTION('',(1.,0.,0.));
#3312=DIRECTION('',(0.,0.,-1.));
#3313=DIRECTION('',(1.,0.,0.));
#3314=DIRECTION('',(0.,0.,-1.));
#3315=DIRECTION('',(0.,0.999922292480975,0.0124663145954161));
#3316=DIRECTION('',(1.,0.,0.));
#3317=DIRECTION('',(0.,0.,-1.));
#3318=DIRECTION('',(0.,0.433883739117558,-0.900968867902419));
#3319=DIRECTION('',(1.,0.,0.));
#3320=DIRECTION('',(0.,0.,-1.));
#3321=DIRECTION('',(0.,-0.63318790923414,-0.773998108266228));
#3322=DIRECTION('',(1.,0.,0.));
#3323=DIRECTION('',(0.,0.,-1.));
#3324=DIRECTION('',(1.,0.,0.));
#3325=DIRECTION('',(0.,0.,-1.));
#3326=DIRECTION('',(1.,0.,0.));
#3327=DIRECTION('',(0.,0.,-1.));
#3328=DIRECTION('',(0.,0.895489924657301,0.445081784436593));
#3329=DIRECTION('',(1.,0.,0.));
#3330=DIRECTION('',(0.,0.,-1.));
#3331=DIRECTION('',(0.,0.78183148246803,-0.623489801858733));
#3332=DIRECTION('',(1.,0.,0.));
#3333=DIRECTION('',(0.,0.,-1.));
#3334=DIRECTION('',(0.,-0.234657400467715,-0.972078136985775));
#3335=DIRECTION('',(1.,0.,0.));
#3336=DIRECTION('',(0.,0.,-1.));
#3337=DIRECTION('',(1.,0.,0.));
#3338=DIRECTION('',(0.,0.,-1.));
#3339=DIRECTION('',(1.,0.,0.));
#3340=DIRECTION('',(0.,0.,-1.));
#3341=DIRECTION('',(0.,0.613694794792047,0.789543348300236));
#3342=DIRECTION('',(1.,0.,0.));
#3343=DIRECTION('',(0.,0.,-1.));
#3344=DIRECTION('',(0.,0.974927912181824,-0.222520933956313));
#3345=DIRECTION('',(1.,0.,0.));
#3346=DIRECTION('',(0.,0.,-1.));
#3347=DIRECTION('',(0.,0.210349884345496,-0.977626168919305));
#3348=DIRECTION('',(1.,0.,0.));
#3349=DIRECTION('',(0.,0.,-1.));
#3350=DIRECTION('',(1.,0.,0.));
#3351=DIRECTION('',(0.,0.,-1.));
#3352=DIRECTION('',(1.,0.,0.));
#3353=DIRECTION('',(0.,0.,-1.));
#3354=DIRECTION('',(0.,0.210349884345495,0.977626168919305));
#3355=DIRECTION('',(1.,0.,0.));
#3356=DIRECTION('',(0.,0.,-1.));
#3357=DIRECTION('',(0.,0.974927912181824,0.222520933956313));
#3358=DIRECTION('',(1.,0.,0.));
#3359=DIRECTION('',(0.,0.,-1.));
#3360=DIRECTION('',(0.,0.613694794792048,-0.789543348300235));
#3361=DIRECTION('',(1.,0.,0.));
#3362=DIRECTION('',(0.,0.,-1.));
#3363=DIRECTION('',(1.,0.,0.));
#3364=DIRECTION('',(0.,0.,-1.));
#3365=DIRECTION('',(1.,0.,0.));
#3366=DIRECTION('',(0.,0.,-1.));
#3367=DIRECTION('',(0.,-0.234657400467715,0.972078136985775));
#3368=DIRECTION('',(1.,0.,0.));
#3369=DIRECTION('',(0.,0.,-1.));
#3370=DIRECTION('',(0.,0.78183148246803,0.623489801858734));
#3371=DIRECTION('',(1.,0.,0.));
#3372=DIRECTION('',(0.,0.,-1.));
#3373=DIRECTION('',(0.,0.895489924657302,-0.445081784436592));
#3374=DIRECTION('',(1.,0.,0.));
#3375=DIRECTION('',(0.,0.,-1.));
#3376=DIRECTION('',(1.,0.,0.));
#3377=DIRECTION('',(0.,0.,-1.));
#3378=DIRECTION('',(1.,0.,0.));
#3379=DIRECTION('',(0.,0.,-1.));
#3380=DIRECTION('',(0.,-0.633187909234139,0.773998108266228));
#3381=DIRECTION('',(1.,0.,0.));
#3382=DIRECTION('',(0.,0.,-1.));
#3383=DIRECTION('',(0.,0.433883739117558,0.900968867902419));
#3384=DIRECTION('',(1.,0.,0.));
#3385=DIRECTION('',(0.,0.,-1.));
#3386=DIRECTION('',(0.,0.999922292480975,-0.0124663145954145));
#3387=DIRECTION('',(1.,0.,0.));
#3388=DIRECTION('',(0.,0.,-1.));
#3389=DIRECTION('',(1.,0.,0.));
#3390=DIRECTION('',(0.,0.,-1.));
#3391=DIRECTION('',(1.,0.,0.));
#3392=DIRECTION('',(0.,0.,-1.));
#3393=DIRECTION('',(0.,-0.90630778703665,0.422618261740699));
#3394=DIRECTION('',(1.,0.,0.));
#3395=DIRECTION('',(0.,0.,-1.));
#3396=DIRECTION('',(0.,0.,1.));
#3397=DIRECTION('',(1.,0.,0.));
#3398=DIRECTION('',(0.,0.,-1.));
#3399=DIRECTION('',(0.,0.90630778703665,0.422618261740699));
#3400=DIRECTION('',(1.,0.,0.));
#3401=DIRECTION('',(0.,0.,-1.));
#3402=DIRECTION('',(1.,0.,0.));
#3403=DIRECTION('',(0.,0.,-1.));
#3404=DIRECTION('',(1.,0.,0.));
#3405=DIRECTION('',(0.,0.,-1.));
#3406=DIRECTION('',(0.,-0.999922292480975,-0.0124663145954154));
#3407=DIRECTION('',(1.,0.,0.));
#3408=DIRECTION('',(0.,0.,-1.));
#3409=DIRECTION('',(0.,-0.433883739117558,0.900968867902419));
#3410=DIRECTION('',(1.,0.,0.));
#3411=DIRECTION('',(0.,0.,-1.));
#3412=DIRECTION('',(0.,0.633187909234139,0.773998108266228));
#3413=DIRECTION('',(1.,0.,0.));
#3414=DIRECTION('',(0.,0.,-1.));
#3415=DIRECTION('',(1.,0.,0.));
#3416=DIRECTION('',(0.,0.,-1.));
#3417=DIRECTION('',(1.,0.,0.));
#3418=DIRECTION('',(0.,0.,-1.));
#3419=DIRECTION('',(0.,-0.895489924657301,-0.445081784436592));
#3420=DIRECTION('',(1.,0.,0.));
#3421=DIRECTION('',(0.,0.,-1.));
#3422=DIRECTION('',(0.,-0.781831482468029,0.623489801858735));
#3423=DIRECTION('',(1.,0.,0.));
#3424=DIRECTION('',(0.,0.,-1.));
#3425=DIRECTION('',(0.,0.234657400467715,0.972078136985775));
#3426=DIRECTION('',(1.,0.,0.));
#3427=DIRECTION('',(0.,0.,-1.));
#3428=DIRECTION('',(1.,0.,0.));
#3429=DIRECTION('',(0.,0.,-1.));
#3430=DIRECTION('',(0.,-0.210349884345496,0.977626168919305));
#3431=DIRECTION('',(1.,0.,0.));
#3432=DIRECTION('',(0.,0.,-1.));
#3433=DIRECTION('',(1.,0.,0.));
#3434=DIRECTION('',(0.,0.,-1.));
#3435=DIRECTION('',(0.,-0.613694794792047,-0.789543348300236));
#3436=DIRECTION('',(1.,0.,0.));
#3437=DIRECTION('',(0.,0.,-1.));
#3438=DIRECTION('',(0.,-0.974927912181824,0.222520933956314));
#3439=DIRECTION('',(1.,0.,0.));
#3440=DIRECTION('',(0.,0.,-1.));
#3441=DIRECTION('',(1.,0.,0.));
#3442=DIRECTION('',(0.,0.,-1.));
#3443=DIRECTION('',(1.,0.,0.));
#3444=DIRECTION('',(0.,0.,-1.));
#3445=DIRECTION('',(1.,0.,0.));
#3446=DIRECTION('',(0.,0.,-1.));
#3447=DIRECTION('',(1.,0.,0.));
#3448=DIRECTION('',(0.,0.,-1.));
#3449=DIRECTION('',(1.,0.,0.));
#3450=DIRECTION('',(0.,0.,-1.));
#3451=DIRECTION('',(1.,0.,0.));
#3452=DIRECTION('',(0.,0.,-1.));
#3453=DIRECTION('',(-1.,0.,0.));
#3454=DIRECTION('',(0.,0.,1.));
#3455=DIRECTION('',(1.,0.,0.));
#3456=DIRECTION('',(0.,0.,-1.));
#3457=DIRECTION('',(1.,0.,0.));
#3458=DIRECTION('',(0.,0.,-1.));
#3459=DIRECTION('',(1.,0.,0.));
#3460=DIRECTION('',(0.,0.,-1.));
#3461=DIRECTION('',(-1.,0.,0.));
#3462=DIRECTION('',(0.,0.,1.));
#3463=DIRECTION('',(-1.,0.,0.));
#3464=DIRECTION('',(0.,0.,1.));
#3465=DIRECTION('',(-1.,0.,0.));
#3466=DIRECTION('',(0.,0.,1.));
#3467=DIRECTION('',(-1.,0.,0.));
#3468=DIRECTION('',(-1.,0.,0.));
#3469=DIRECTION('',(-1.,0.,0.));
#3470=DIRECTION('',(0.,0.,1.));
#3471=DIRECTION('',(-1.,0.,0.));
#3472=DIRECTION('',(-1.,0.,0.));
#3473=DIRECTION('',(0.,0.,1.));
#3474=DIRECTION('',(-1.,0.,0.));
#3475=DIRECTION('',(0.,0.977626168919305,-0.210349884345495));
#3476=DIRECTION('',(0.,0.210349884345495,0.977626168919305));
#3477=DIRECTION('',(0.,0.210349884345495,0.977626168919305));
#3478=DIRECTION('',(-1.,0.,0.));
#3479=DIRECTION('',(-1.,0.,0.));
#3480=DIRECTION('',(0.,0.,1.));
#3481=DIRECTION('',(-1.,0.,0.));
#3482=DIRECTION('',(0.,0.,1.));
#3483=DIRECTION('',(-1.,0.,0.));
#3484=DIRECTION('',(0.,0.222520933956311,-0.974927912181824));
#3485=DIRECTION('',(0.,0.974927912181824,0.222520933956311));
#3486=DIRECTION('',(0.,0.974927912181824,0.222520933956311));
#3487=DIRECTION('',(-1.,0.,0.));
#3488=DIRECTION('',(-1.,0.,0.));
#3489=DIRECTION('',(0.,0.,1.));
#3490=DIRECTION('',(-1.,0.,0.));
#3491=DIRECTION('',(0.,0.,1.));
#3492=DIRECTION('',(-1.,0.,0.));
#3493=DIRECTION('',(0.,-0.789543348300235,-0.613694794792048));
#3494=DIRECTION('',(0.,0.613694794792048,-0.789543348300235));
#3495=DIRECTION('',(0.,0.613694794792048,-0.789543348300235));
#3496=DIRECTION('',(-1.,0.,0.));
#3497=DIRECTION('',(-1.,0.,0.));
#3498=DIRECTION('',(0.,0.,1.));
#3499=DIRECTION('',(-1.,0.,0.));
#3500=DIRECTION('',(0.,0.,1.));
#3501=DIRECTION('',(-1.,0.,0.));
#3502=DIRECTION('',(-1.,0.,0.));
#3503=DIRECTION('',(0.,0.,1.));
#3504=DIRECTION('',(-1.,0.,0.));
#3505=DIRECTION('',(-1.,0.,0.));
#3506=DIRECTION('',(0.,0.,1.));
#3507=DIRECTION('',(-1.,0.,0.));
#3508=DIRECTION('',(0.,0.972078136985774,0.234657400467717));
#3509=DIRECTION('',(0.,-0.234657400467717,0.972078136985774));
#3510=DIRECTION('',(0.,-0.234657400467717,0.972078136985774));
#3511=DIRECTION('',(-1.,0.,0.));
#3512=DIRECTION('',(-1.,0.,0.));
#3513=DIRECTION('',(0.,0.,1.));
#3514=DIRECTION('',(-1.,0.,0.));
#3515=DIRECTION('',(0.,0.,1.));
#3516=DIRECTION('',(-1.,0.,0.));
#3517=DIRECTION('',(0.,0.623489801858731,-0.781831482468031));
#3518=DIRECTION('',(0.,0.781831482468032,0.623489801858732));
#3519=DIRECTION('',(0.,0.781831482468032,0.623489801858732));
#3520=DIRECTION('',(-1.,0.,0.));
#3521=DIRECTION('',(-1.,0.,0.));
#3522=DIRECTION('',(0.,0.,1.));
#3523=DIRECTION('',(-1.,0.,0.));
#3524=DIRECTION('',(0.,0.,1.));
#3525=DIRECTION('',(-1.,0.,0.));
#3526=DIRECTION('',(0.,-0.445081784436592,-0.895489924657301));
#3527=DIRECTION('',(0.,0.895489924657302,-0.445081784436592));
#3528=DIRECTION('',(0.,0.895489924657302,-0.445081784436592));
#3529=DIRECTION('',(-1.,0.,0.));
#3530=DIRECTION('',(-1.,0.,0.));
#3531=DIRECTION('',(0.,0.,1.));
#3532=DIRECTION('',(-1.,0.,0.));
#3533=DIRECTION('',(0.,0.,1.));
#3534=DIRECTION('',(-1.,0.,0.));
#3535=DIRECTION('',(-1.,0.,0.));
#3536=DIRECTION('',(0.,0.,1.));
#3537=DIRECTION('',(-1.,0.,0.));
#3538=DIRECTION('',(-1.,0.,0.));
#3539=DIRECTION('',(0.,0.,1.));
#3540=DIRECTION('',(-1.,0.,0.));
#3541=DIRECTION('',(0.,0.773998108266227,0.63318790923414));
#3542=DIRECTION('',(0.,-0.63318790923414,0.773998108266227));
#3543=DIRECTION('',(0.,-0.63318790923414,0.773998108266227));
#3544=DIRECTION('',(-1.,0.,0.));
#3545=DIRECTION('',(-1.,0.,0.));
#3546=DIRECTION('',(0.,0.,1.));
#3547=DIRECTION('',(-1.,0.,0.));
#3548=DIRECTION('',(0.,0.,1.));
#3549=DIRECTION('',(-1.,0.,0.));
#3550=DIRECTION('',(0.,0.900968867902418,-0.43388373911756));
#3551=DIRECTION('',(0.,0.43388373911756,0.900968867902418));
#3552=DIRECTION('',(0.,0.43388373911756,0.900968867902418));
#3553=DIRECTION('',(-1.,0.,0.));
#3554=DIRECTION('',(-1.,0.,0.));
#3555=DIRECTION('',(0.,0.,1.));
#3556=DIRECTION('',(-1.,0.,0.));
#3557=DIRECTION('',(0.,0.,1.));
#3558=DIRECTION('',(-1.,0.,0.));
#3559=DIRECTION('',(0.,-0.0124663145954151,-0.999922292480975));
#3560=DIRECTION('',(0.,0.999922292480975,-0.0124663145954152));
#3561=DIRECTION('',(0.,0.999922292480975,-0.0124663145954152));
#3562=DIRECTION('',(-1.,0.,0.));
#3563=DIRECTION('',(-1.,0.,0.));
#3564=DIRECTION('',(0.,0.,1.));
#3565=DIRECTION('',(-1.,0.,0.));
#3566=DIRECTION('',(0.,0.,1.));
#3567=DIRECTION('',(-1.,0.,0.));
#3568=DIRECTION('',(-1.,0.,0.));
#3569=DIRECTION('',(0.,0.,1.));
#3570=DIRECTION('',(-1.,0.,0.));
#3571=DIRECTION('',(-1.,0.,0.));
#3572=DIRECTION('',(0.,0.,1.));
#3573=DIRECTION('',(-1.,0.,0.));
#3574=DIRECTION('',(0.,0.422618261740699,0.90630778703665));
#3575=DIRECTION('',(0.,-0.90630778703665,0.422618261740699));
#3576=DIRECTION('',(0.,-0.90630778703665,0.422618261740699));
#3577=DIRECTION('',(-1.,0.,0.));
#3578=DIRECTION('',(-1.,0.,0.));
#3579=DIRECTION('',(0.,0.,1.));
#3580=DIRECTION('',(-1.,0.,0.));
#3581=DIRECTION('',(0.,0.,1.));
#3582=DIRECTION('',(-1.,0.,0.));
#3583=DIRECTION('',(0.,1.,0.));
#3584=DIRECTION('',(0.,0.,1.));
#3585=DIRECTION('',(0.,0.,1.));
#3586=DIRECTION('',(-1.,0.,0.));
#3587=DIRECTION('',(-1.,0.,0.));
#3588=DIRECTION('',(0.,0.,1.));
#3589=DIRECTION('',(-1.,0.,0.));
#3590=DIRECTION('',(0.,0.,1.));
#3591=DIRECTION('',(-1.,0.,0.));
#3592=DIRECTION('',(0.,0.4226182617407,-0.90630778703665));
#3593=DIRECTION('',(0.,0.90630778703665,0.4226182617407));
#3594=DIRECTION('',(0.,0.90630778703665,0.4226182617407));
#3595=DIRECTION('',(-1.,0.,0.));
#3596=DIRECTION('',(-1.,0.,0.));
#3597=DIRECTION('',(0.,0.,1.));
#3598=DIRECTION('',(-1.,0.,0.));
#3599=DIRECTION('',(0.,0.,1.));
#3600=DIRECTION('',(-1.,0.,0.));
#3601=DIRECTION('',(-1.,0.,0.));
#3602=DIRECTION('',(0.,0.,1.));
#3603=DIRECTION('',(-1.,0.,0.));
#3604=DIRECTION('',(-1.,0.,0.));
#3605=DIRECTION('',(0.,0.,1.));
#3606=DIRECTION('',(-1.,0.,0.));
#3607=DIRECTION('',(0.,-0.0124663145954161,0.999922292480975));
#3608=DIRECTION('',(0.,-0.999922292480975,-0.0124663145954161));
#3609=DIRECTION('',(0.,-0.999922292480975,-0.0124663145954161));
#3610=DIRECTION('',(-1.,0.,0.));
#3611=DIRECTION('',(-1.,0.,0.));
#3612=DIRECTION('',(0.,0.,1.));
#3613=DIRECTION('',(-1.,0.,0.));
#3614=DIRECTION('',(0.,0.,1.));
#3615=DIRECTION('',(-1.,0.,0.));
#3616=DIRECTION('',(0.,0.900968867902419,0.433883739117558));
#3617=DIRECTION('',(0.,-0.433883739117558,0.900968867902419));
#3618=DIRECTION('',(0.,-0.433883739117558,0.900968867902419));
#3619=DIRECTION('',(-1.,0.,0.));
#3620=DIRECTION('',(-1.,0.,0.));
#3621=DIRECTION('',(0.,0.,1.));
#3622=DIRECTION('',(-1.,0.,0.));
#3623=DIRECTION('',(0.,0.,1.));
#3624=DIRECTION('',(-1.,0.,0.));
#3625=DIRECTION('',(0.,0.773998108266228,-0.63318790923414));
#3626=DIRECTION('',(0.,0.63318790923414,0.773998108266228));
#3627=DIRECTION('',(0.,0.63318790923414,0.773998108266228));
#3628=DIRECTION('',(-1.,0.,0.));
#3629=DIRECTION('',(-1.,0.,0.));
#3630=DIRECTION('',(0.,0.,1.));
#3631=DIRECTION('',(-1.,0.,0.));
#3632=DIRECTION('',(0.,0.,1.));
#3633=DIRECTION('',(-1.,0.,0.));
#3634=DIRECTION('',(-1.,0.,0.));
#3635=DIRECTION('',(0.,0.,1.));
#3636=DIRECTION('',(-1.,0.,0.));
#3637=DIRECTION('',(-1.,0.,0.));
#3638=DIRECTION('',(0.,0.,1.));
#3639=DIRECTION('',(-1.,0.,0.));
#3640=DIRECTION('',(0.,-0.445081784436593,0.895489924657301));
#3641=DIRECTION('',(0.,-0.895489924657301,-0.445081784436593));
#3642=DIRECTION('',(0.,-0.895489924657301,-0.445081784436593));
#3643=DIRECTION('',(-1.,0.,0.));
#3644=DIRECTION('',(-1.,0.,0.));
#3645=DIRECTION('',(0.,0.,1.));
#3646=DIRECTION('',(-1.,0.,0.));
#3647=DIRECTION('',(0.,0.,1.));
#3648=DIRECTION('',(-1.,0.,0.));
#3649=DIRECTION('',(0.,0.623489801858733,0.78183148246803));
#3650=DIRECTION('',(0.,-0.78183148246803,0.623489801858733));
#3651=DIRECTION('',(0.,-0.78183148246803,0.623489801858733));
#3652=DIRECTION('',(-1.,0.,0.));
#3653=DIRECTION('',(-1.,0.,0.));
#3654=DIRECTION('',(0.,0.,1.));
#3655=DIRECTION('',(-1.,0.,0.));
#3656=DIRECTION('',(0.,0.,1.));
#3657=DIRECTION('',(-1.,0.,0.));
#3658=DIRECTION('',(0.,0.972078136985774,-0.234657400467715));
#3659=DIRECTION('',(0.,0.234657400467715,0.972078136985775));
#3660=DIRECTION('',(0.,0.234657400467715,0.972078136985775));
#3661=DIRECTION('',(-1.,0.,0.));
#3662=DIRECTION('',(-1.,0.,0.));
#3663=DIRECTION('',(0.,0.,1.));
#3664=DIRECTION('',(-1.,0.,0.));
#3665=DIRECTION('',(0.,0.,1.));
#3666=DIRECTION('',(-1.,0.,0.));
#3667=DIRECTION('',(-1.,0.,0.));
#3668=DIRECTION('',(0.,0.,1.));
#3669=DIRECTION('',(-1.,0.,0.));
#3670=DIRECTION('',(-1.,0.,0.));
#3671=DIRECTION('',(0.,0.,1.));
#3672=DIRECTION('',(-1.,0.,0.));
#3673=DIRECTION('',(0.,-0.789543348300236,0.613694794792047));
#3674=DIRECTION('',(0.,-0.613694794792047,-0.789543348300236));
#3675=DIRECTION('',(0.,-0.613694794792047,-0.789543348300236));
#3676=DIRECTION('',(-1.,0.,0.));
#3677=DIRECTION('',(-1.,0.,0.));
#3678=DIRECTION('',(0.,0.,1.));
#3679=DIRECTION('',(-1.,0.,0.));
#3680=DIRECTION('',(0.,0.,1.));
#3681=DIRECTION('',(-1.,0.,0.));
#3682=DIRECTION('',(0.,0.222520933956313,0.974927912181824));
#3683=DIRECTION('',(0.,-0.974927912181824,0.222520933956313));
#3684=DIRECTION('',(0.,-0.974927912181824,0.222520933956313));
#3685=DIRECTION('',(-1.,0.,0.));
#3686=DIRECTION('',(-1.,0.,0.));
#3687=DIRECTION('',(0.,0.,1.));
#3688=DIRECTION('',(-1.,0.,0.));
#3689=DIRECTION('',(0.,0.,1.));
#3690=DIRECTION('',(-1.,0.,0.));
#3691=DIRECTION('',(0.,0.977626168919304,0.210349884345496));
#3692=DIRECTION('',(0.,-0.210349884345496,0.977626168919305));
#3693=DIRECTION('',(0.,-0.210349884345496,0.977626168919305));
#3694=DIRECTION('',(-1.,0.,0.));
#3695=DIRECTION('',(-1.,0.,0.));
#3696=DIRECTION('',(0.,0.,1.));
#3697=DIRECTION('',(-1.,0.,0.));
#3698=DIRECTION('',(0.,0.,1.));
#3699=DIRECTION('',(-1.,0.,0.));
#3700=DIRECTION('',(-1.,0.,0.));
#3701=DIRECTION('',(0.,0.,1.));
#3702=DIRECTION('',(-1.,0.,0.));
#3703=DIRECTION('',(-1.,0.,0.));
#3704=DIRECTION('',(0.,0.,1.));
#3705=DIRECTION('',(-1.,0.,0.));
#3706=DIRECTION('',(0.,-0.977626168919305,0.210349884345495));
#3707=DIRECTION('',(0.,-0.210349884345495,-0.977626168919305));
#3708=DIRECTION('',(0.,-0.210349884345495,-0.977626168919305));
#3709=DIRECTION('',(-1.,0.,0.));
#3710=DIRECTION('',(-1.,0.,0.));
#3711=DIRECTION('',(0.,0.,1.));
#3712=DIRECTION('',(-1.,0.,0.));
#3713=DIRECTION('',(0.,0.,1.));
#3714=DIRECTION('',(-1.,0.,0.));
#3715=DIRECTION('',(0.,-0.222520933956313,0.974927912181824));
#3716=DIRECTION('',(0.,-0.974927912181824,-0.222520933956313));
#3717=DIRECTION('',(0.,-0.974927912181824,-0.222520933956313));
#3718=DIRECTION('',(-1.,0.,0.));
#3719=DIRECTION('',(-1.,0.,0.));
#3720=DIRECTION('',(0.,0.,1.));
#3721=DIRECTION('',(-1.,0.,0.));
#3722=DIRECTION('',(0.,0.,1.));
#3723=DIRECTION('',(-1.,0.,0.));
#3724=DIRECTION('',(0.,0.789543348300235,0.613694794792048));
#3725=DIRECTION('',(0.,-0.613694794792048,0.789543348300235));
#3726=DIRECTION('',(0.,-0.613694794792048,0.789543348300235));
#3727=DIRECTION('',(-1.,0.,0.));
#3728=DIRECTION('',(-1.,0.,0.));
#3729=DIRECTION('',(0.,0.,1.));
#3730=DIRECTION('',(-1.,0.,0.));
#3731=DIRECTION('',(0.,0.,1.));
#3732=DIRECTION('',(-1.,0.,0.));
#3733=DIRECTION('',(-1.,0.,0.));
#3734=DIRECTION('',(0.,0.,1.));
#3735=DIRECTION('',(-1.,0.,0.));
#3736=DIRECTION('',(-1.,0.,0.));
#3737=DIRECTION('',(0.,0.,1.));
#3738=DIRECTION('',(-1.,0.,0.));
#3739=DIRECTION('',(0.,-0.972078136985774,-0.234657400467715));
#3740=DIRECTION('',(0.,0.234657400467715,-0.972078136985775));
#3741=DIRECTION('',(0.,0.234657400467715,-0.972078136985775));
#3742=DIRECTION('',(-1.,0.,0.));
#3743=DIRECTION('',(-1.,0.,0.));
#3744=DIRECTION('',(0.,0.,1.));
#3745=DIRECTION('',(-1.,0.,0.));
#3746=DIRECTION('',(0.,0.,1.));
#3747=DIRECTION('',(-1.,0.,0.));
#3748=DIRECTION('',(0.,-0.623489801858733,0.78183148246803));
#3749=DIRECTION('',(0.,-0.78183148246803,-0.623489801858734));
#3750=DIRECTION('',(0.,-0.78183148246803,-0.623489801858734));
#3751=DIRECTION('',(-1.,0.,0.));
#3752=DIRECTION('',(-1.,0.,0.));
#3753=DIRECTION('',(0.,0.,1.));
#3754=DIRECTION('',(-1.,0.,0.));
#3755=DIRECTION('',(0.,0.,1.));
#3756=DIRECTION('',(-1.,0.,0.));
#3757=DIRECTION('',(0.,0.445081784436591,0.895489924657301));
#3758=DIRECTION('',(0.,-0.895489924657302,0.445081784436592));
#3759=DIRECTION('',(0.,-0.895489924657302,0.445081784436592));
#3760=DIRECTION('',(-1.,0.,0.));
#3761=DIRECTION('',(-1.,0.,0.));
#3762=DIRECTION('',(0.,0.,1.));
#3763=DIRECTION('',(-1.,0.,0.));
#3764=DIRECTION('',(0.,0.,1.));
#3765=DIRECTION('',(-1.,0.,0.));
#3766=DIRECTION('',(-1.,0.,0.));
#3767=DIRECTION('',(0.,0.,1.));
#3768=DIRECTION('',(-1.,0.,0.));
#3769=DIRECTION('',(-1.,0.,0.));
#3770=DIRECTION('',(0.,0.,1.));
#3771=DIRECTION('',(-1.,0.,0.));
#3772=DIRECTION('',(0.,-0.773998108266228,-0.633187909234139));
#3773=DIRECTION('',(0.,0.633187909234139,-0.773998108266228));
#3774=DIRECTION('',(0.,0.633187909234139,-0.773998108266228));
#3775=DIRECTION('',(-1.,0.,0.));
#3776=DIRECTION('',(-1.,0.,0.));
#3777=DIRECTION('',(0.,0.,1.));
#3778=DIRECTION('',(-1.,0.,0.));
#3779=DIRECTION('',(0.,0.,1.));
#3780=DIRECTION('',(-1.,0.,0.));
#3781=DIRECTION('',(0.,-0.900968867902419,0.433883739117558));
#3782=DIRECTION('',(0.,-0.433883739117558,-0.900968867902419));
#3783=DIRECTION('',(0.,-0.433883739117558,-0.900968867902419));
#3784=DIRECTION('',(-1.,0.,0.));
#3785=DIRECTION('',(-1.,0.,0.));
#3786=DIRECTION('',(0.,0.,1.));
#3787=DIRECTION('',(-1.,0.,0.));
#3788=DIRECTION('',(0.,0.,1.));
#3789=DIRECTION('',(-1.,0.,0.));
#3790=DIRECTION('',(0.,0.0124663145954145,0.999922292480975));
#3791=DIRECTION('',(0.,-0.999922292480975,0.0124663145954145));
#3792=DIRECTION('',(0.,-0.999922292480975,0.0124663145954145));
#3793=DIRECTION('',(-1.,0.,0.));
#3794=DIRECTION('',(-1.,0.,0.));
#3795=DIRECTION('',(0.,0.,1.));
#3796=DIRECTION('',(-1.,0.,0.));
#3797=DIRECTION('',(0.,0.,1.));
#3798=DIRECTION('',(-1.,0.,0.));
#3799=DIRECTION('',(-1.,0.,0.));
#3800=DIRECTION('',(0.,0.,1.));
#3801=DIRECTION('',(-1.,0.,0.));
#3802=DIRECTION('',(-1.,0.,0.));
#3803=DIRECTION('',(0.,0.,1.));
#3804=DIRECTION('',(-1.,0.,0.));
#3805=DIRECTION('',(0.,-0.422618261740699,-0.90630778703665));
#3806=DIRECTION('',(0.,0.90630778703665,-0.422618261740699));
#3807=DIRECTION('',(0.,0.90630778703665,-0.422618261740699));
#3808=DIRECTION('',(-1.,0.,0.));
#3809=DIRECTION('',(-1.,0.,0.));
#3810=DIRECTION('',(0.,0.,1.));
#3811=DIRECTION('',(-1.,0.,0.));
#3812=DIRECTION('',(0.,0.,1.));
#3813=DIRECTION('',(-1.,0.,0.));
#3814=DIRECTION('',(0.,-1.,0.));
#3815=DIRECTION('',(0.,0.,-1.));
#3816=DIRECTION('',(0.,0.,-1.));
#3817=DIRECTION('',(-1.,0.,0.));
#3818=DIRECTION('',(-1.,0.,0.));
#3819=DIRECTION('',(0.,0.,1.));
#3820=DIRECTION('',(-1.,0.,0.));
#3821=DIRECTION('',(0.,0.,1.));
#3822=DIRECTION('',(-1.,0.,0.));
#3823=DIRECTION('',(0.,-0.422618261740699,0.90630778703665));
#3824=DIRECTION('',(0.,-0.90630778703665,-0.422618261740699));
#3825=DIRECTION('',(0.,-0.90630778703665,-0.422618261740699));
#3826=DIRECTION('',(-1.,0.,0.));
#3827=DIRECTION('',(-1.,0.,0.));
#3828=DIRECTION('',(0.,0.,1.));
#3829=DIRECTION('',(-1.,0.,0.));
#3830=DIRECTION('',(0.,0.,1.));
#3831=DIRECTION('',(-1.,0.,0.));
#3832=DIRECTION('',(-1.,0.,0.));
#3833=DIRECTION('',(0.,0.,1.));
#3834=DIRECTION('',(-1.,0.,0.));
#3835=DIRECTION('',(-1.,0.,0.));
#3836=DIRECTION('',(0.,0.,1.));
#3837=DIRECTION('',(-1.,0.,0.));
#3838=DIRECTION('',(0.,0.0124663145954154,-0.999922292480975));
#3839=DIRECTION('',(0.,0.999922292480975,0.0124663145954154));
#3840=DIRECTION('',(0.,0.999922292480975,0.0124663145954154));
#3841=DIRECTION('',(-1.,0.,0.));
#3842=DIRECTION('',(-1.,0.,0.));
#3843=DIRECTION('',(0.,0.,1.));
#3844=DIRECTION('',(-1.,0.,0.));
#3845=DIRECTION('',(0.,0.,1.));
#3846=DIRECTION('',(-1.,0.,0.));
#3847=DIRECTION('',(0.,-0.900968867902419,-0.433883739117558));
#3848=DIRECTION('',(0.,0.433883739117558,-0.900968867902419));
#3849=DIRECTION('',(0.,0.433883739117558,-0.900968867902419));
#3850=DIRECTION('',(-1.,0.,0.));
#3851=DIRECTION('',(-1.,0.,0.));
#3852=DIRECTION('',(0.,0.,1.));
#3853=DIRECTION('',(-1.,0.,0.));
#3854=DIRECTION('',(0.,0.,1.));
#3855=DIRECTION('',(-1.,0.,0.));
#3856=DIRECTION('',(0.,-0.773998108266228,0.633187909234139));
#3857=DIRECTION('',(0.,-0.633187909234139,-0.773998108266228));
#3858=DIRECTION('',(0.,-0.633187909234139,-0.773998108266228));
#3859=DIRECTION('',(-1.,0.,0.));
#3860=DIRECTION('',(-1.,0.,0.));
#3861=DIRECTION('',(0.,0.,1.));
#3862=DIRECTION('',(-1.,0.,0.));
#3863=DIRECTION('',(0.,0.,1.));
#3864=DIRECTION('',(-1.,0.,0.));
#3865=DIRECTION('',(-1.,0.,0.));
#3866=DIRECTION('',(0.,0.,1.));
#3867=DIRECTION('',(-1.,0.,0.));
#3868=DIRECTION('',(-1.,0.,0.));
#3869=DIRECTION('',(0.,0.,1.));
#3870=DIRECTION('',(-1.,0.,0.));
#3871=DIRECTION('',(0.,0.445081784436592,-0.895489924657301));
#3872=DIRECTION('',(0.,0.895489924657301,0.445081784436592));
#3873=DIRECTION('',(0.,0.895489924657301,0.445081784436592));
#3874=DIRECTION('',(-1.,0.,0.));
#3875=DIRECTION('',(-1.,0.,0.));
#3876=DIRECTION('',(0.,0.,1.));
#3877=DIRECTION('',(-1.,0.,0.));
#3878=DIRECTION('',(0.,0.,1.));
#3879=DIRECTION('',(-1.,0.,0.));
#3880=DIRECTION('',(0.,-0.623489801858734,-0.781831482468029));
#3881=DIRECTION('',(0.,0.781831482468029,-0.623489801858735));
#3882=DIRECTION('',(0.,0.781831482468029,-0.623489801858735));
#3883=DIRECTION('',(-1.,0.,0.));
#3884=DIRECTION('',(-1.,0.,0.));
#3885=DIRECTION('',(0.,0.,1.));
#3886=DIRECTION('',(-1.,0.,0.));
#3887=DIRECTION('',(0.,0.,1.));
#3888=DIRECTION('',(-1.,0.,0.));
#3889=DIRECTION('',(0.,-0.972078136985775,0.234657400467715));
#3890=DIRECTION('',(0.,-0.234657400467715,-0.972078136985775));
#3891=DIRECTION('',(0.,-0.234657400467715,-0.972078136985775));
#3892=DIRECTION('',(-1.,0.,0.));
#3893=DIRECTION('',(-1.,0.,0.));
#3894=DIRECTION('',(0.,0.,1.));
#3895=DIRECTION('',(-1.,0.,0.));
#3896=DIRECTION('',(0.,0.,1.));
#3897=DIRECTION('',(-1.,0.,0.));
#3898=DIRECTION('',(-1.,0.,0.));
#3899=DIRECTION('',(0.,0.,1.));
#3900=DIRECTION('',(-1.,0.,0.));
#3901=DIRECTION('',(-1.,0.,0.));
#3902=DIRECTION('',(0.,0.,1.));
#3903=DIRECTION('',(-1.,0.,0.));
#3904=DIRECTION('',(0.,0.789543348300236,-0.613694794792047));
#3905=DIRECTION('',(0.,0.613694794792047,0.789543348300236));
#3906=DIRECTION('',(0.,0.613694794792047,0.789543348300236));
#3907=DIRECTION('',(-1.,0.,0.));
#3908=DIRECTION('',(-1.,0.,0.));
#3909=DIRECTION('',(0.,0.,1.));
#3910=DIRECTION('',(-1.,0.,0.));
#3911=DIRECTION('',(0.,0.,1.));
#3912=DIRECTION('',(-1.,0.,0.));
#3913=DIRECTION('',(0.,-0.222520933956314,-0.974927912181824));
#3914=DIRECTION('',(0.,0.974927912181824,-0.222520933956314));
#3915=DIRECTION('',(0.,0.974927912181824,-0.222520933956314));
#3916=DIRECTION('',(-1.,0.,0.));
#3917=DIRECTION('',(-1.,0.,0.));
#3918=DIRECTION('',(0.,0.,1.));
#3919=DIRECTION('',(-1.,0.,0.));
#3920=DIRECTION('',(0.,0.,1.));
#3921=DIRECTION('',(-1.,0.,0.));
#3922=DIRECTION('',(0.,-0.977626168919304,-0.210349884345496));
#3923=DIRECTION('',(0.,0.210349884345496,-0.977626168919305));
#3924=DIRECTION('',(0.,0.210349884345496,-0.977626168919305));
#3925=DIRECTION('',(-1.,0.,0.));
#3926=DIRECTION('',(0.,0.,1.));
#3927=DIRECTION('',(-1.,0.,0.));
#3928=DIRECTION('',(0.,0.,1.));
#3929=DIRECTION('',(-1.,0.,0.));
#3930=DIRECTION('',(0.,0.,1.));
#3931=DIRECTION('',(-1.,0.,0.));
#3932=DIRECTION('',(0.,0.,1.));
#3933=DIRECTION('',(-1.,0.,0.));
#3934=DIRECTION('',(0.,0.,1.));
#3935=DIRECTION('',(-1.,0.,0.));
#3936=DIRECTION('',(0.,0.,1.));
#3937=DIRECTION('',(-1.,0.,0.));
#3938=DIRECTION('',(0.,0.,1.));
#3939=DIRECTION('',(-1.,0.,0.));
#3940=DIRECTION('',(0.,0.,1.));
#3941=DIRECTION('',(-1.,0.,0.));
#3942=DIRECTION('',(0.,0.,1.));
#3943=DIRECTION('',(-1.,0.,0.));
#3944=DIRECTION('',(0.,0.,1.));
#3945=DIRECTION('',(-1.,0.,0.));
#3946=DIRECTION('',(0.,0.,1.));
#3947=DIRECTION('',(-1.,0.,0.));
#3948=DIRECTION('',(0.,0.,1.));
#3949=DIRECTION('',(-1.,0.,0.));
#3950=DIRECTION('',(0.,0.,1.));
#3951=DIRECTION('',(-1.,0.,0.));
#3952=DIRECTION('',(0.,0.,1.));
#3953=DIRECTION('',(-1.,0.,0.));
#3954=DIRECTION('',(0.,0.,1.));
#3955=DIRECTION('',(-1.,0.,0.));
#3956=DIRECTION('',(0.,0.,1.));
#3957=DIRECTION('',(-1.,0.,0.));
#3958=DIRECTION('',(0.,0.,1.));
#3959=DIRECTION('',(-1.,0.,0.));
#3960=DIRECTION('',(0.,0.,1.));
#3961=DIRECTION('',(-1.,0.,0.));
#3962=DIRECTION('',(0.,0.,1.));
#3963=DIRECTION('',(-1.,0.,0.));
#3964=DIRECTION('',(0.,0.,1.));
#3965=DIRECTION('',(-1.,0.,0.));
#3966=DIRECTION('',(0.,0.,1.));
#3967=DIRECTION('',(-1.,0.,0.));
#3968=DIRECTION('',(0.,0.,1.));
#3969=DIRECTION('',(-1.,0.,0.));
#3970=DIRECTION('',(0.,0.,1.));
#3971=DIRECTION('',(-1.,0.,0.));
#3972=DIRECTION('',(0.,0.,1.));
#3973=DIRECTION('',(-1.,0.,0.));
#3974=DIRECTION('',(0.,0.,1.));
#3975=DIRECTION('',(-1.,0.,0.));
#3976=DIRECTION('',(0.,0.,1.));
#3977=DIRECTION('',(-1.,0.,0.));
#3978=DIRECTION('',(0.,0.,1.));
#3979=DIRECTION('',(-1.,0.,0.));
#3980=DIRECTION('',(0.,0.,1.));
#3981=DIRECTION('',(1.,0.,0.));
#3982=DIRECTION('',(0.,0.,-1.));
#3983=DIRECTION('',(1.,0.,0.));
#3984=DIRECTION('',(0.,0.,-1.));
#3985=DIRECTION('',(1.,0.,0.));
#3986=DIRECTION('',(0.,0.,-1.));
#3987=DIRECTION('',(-1.,0.,0.));
#3988=DIRECTION('',(0.,0.,1.));
#3989=DIRECTION('',(1.,0.,0.));
#3990=DIRECTION('',(0.,0.,-1.));
#3991=DIRECTION('',(-1.,0.,0.));
#3992=DIRECTION('',(0.,0.,1.));
#3993=DIRECTION('',(1.,0.,0.));
#3994=DIRECTION('',(0.,0.,-1.));
#3995=DIRECTION('',(-1.,0.,0.));
#3996=DIRECTION('',(0.,0.,1.));
#3997=DIRECTION('',(1.,0.,0.));
#3998=DIRECTION('',(0.,0.,-1.));
#3999=DIRECTION('',(1.,0.,0.));
#4000=DIRECTION('',(0.,0.,-1.));
#4001=DIRECTION('',(1.,0.,0.));
#4002=DIRECTION('',(0.,0.,-1.));
#4003=DIRECTION('',(1.,0.,0.));
#4004=DIRECTION('',(0.,0.,-1.));
#4005=DIRECTION('',(1.,0.,0.));
#4006=DIRECTION('',(0.,0.,-1.));
#4007=DIRECTION('',(1.,0.,0.));
#4008=DIRECTION('',(0.,0.,-1.));
#4009=DIRECTION('',(1.,0.,0.));
#4010=DIRECTION('',(0.,0.,-1.));
#4011=DIRECTION('',(1.,0.,0.));
#4012=DIRECTION('',(0.,0.,-1.));
#4013=DIRECTION('',(1.,0.,0.));
#4014=DIRECTION('',(0.,0.,-1.));
#4015=DIRECTION('',(1.,0.,0.));
#4016=DIRECTION('',(0.,0.,-1.));
#4017=DIRECTION('',(1.,0.,0.));
#4018=DIRECTION('',(0.,0.,-1.));
#4019=DIRECTION('',(1.,0.,0.));
#4020=DIRECTION('',(0.,0.,-1.));
#4021=DIRECTION('',(1.,0.,0.));
#4022=DIRECTION('',(0.,0.,-1.));
#4023=DIRECTION('',(1.,0.,0.));
#4024=DIRECTION('',(0.,0.,-1.));
#4025=DIRECTION('',(1.,0.,0.));
#4026=DIRECTION('',(0.,0.,-1.));
#4027=DIRECTION('',(-1.,0.,0.));
#4028=DIRECTION('',(0.,0.,1.));
#4029=DIRECTION('',(-1.,0.,0.));
#4030=DIRECTION('',(0.,0.,1.));
#4031=DIRECTION('',(-1.,0.,0.));
#4032=DIRECTION('',(0.,0.,1.));
#4033=DIRECTION('',(-1.,0.,0.));
#4034=DIRECTION('',(0.,0.,1.));
#4035=DIRECTION('',(-1.,0.,0.));
#4036=DIRECTION('',(0.,0.,1.));
#4037=DIRECTION('',(-1.,0.,0.));
#4038=DIRECTION('',(0.,0.,1.));
#4039=DIRECTION('',(-1.,0.,0.));
#4040=DIRECTION('',(0.,0.,1.));
#4041=DIRECTION('',(-1.,0.,0.));
#4042=DIRECTION('',(0.,0.,1.));
#4043=DIRECTION('',(-1.,0.,0.));
#4044=DIRECTION('',(0.,0.,1.));
#4045=DIRECTION('',(-1.,0.,0.));
#4046=DIRECTION('',(0.,0.,1.));
#4047=DIRECTION('',(-1.,0.,0.));
#4048=DIRECTION('',(0.,0.,1.));
#4049=DIRECTION('',(-1.,0.,0.));
#4050=DIRECTION('',(0.,0.,1.));
#4051=DIRECTION('',(-1.,0.,0.));
#4052=DIRECTION('',(0.,0.,1.));
#4053=DIRECTION('',(1.,0.,0.));
#4054=DIRECTION('',(0.,0.,-1.));
#4055=CARTESIAN_POINT('',(0.,0.,0.));
#4056=CARTESIAN_POINT('',(21.,0.,0.));
#4057=CARTESIAN_POINT('',(20.,0.,0.));
#4058=CARTESIAN_POINT('',(19.9999999999989,10.3500899720584,-1.50079575908526));
#4059=CARTESIAN_POINT('',(19.9999999999988,10.3500899720587,1.50079575908511));
#4060=CARTESIAN_POINT('',(20.034841509614,10.5340714382665,1.98789811949648));
#4061=CARTESIAN_POINT('',(20.034841509614,10.5683304264825,1.80635630619591));
#4062=CARTESIAN_POINT('',(20.0000000000001,10.4940830928879,1.61301092722375));
#4063=CARTESIAN_POINT('',(19.9999999999998,10.3500899720568,1.50079575908788));
#4064=CARTESIAN_POINT('',(20.0348415096136,10.5340714382665,1.9878981194965));
#4065=CARTESIAN_POINT('',(20.0348415096136,0.,0.));
#4066=CARTESIAN_POINT('',(20.034841509614,10.3533870872101,2.77952798553844));
#4067=CARTESIAN_POINT('',(19.9999999999999,9.97627972041693,3.13856548126103));
#4068=CARTESIAN_POINT('',(20.0000000000001,10.1547249058781,3.0999342880541));
#4069=CARTESIAN_POINT('',(20.034841509614,10.3054796555265,2.95797705572412));
#4070=CARTESIAN_POINT('',(20.034841509614,10.3533870872101,2.77952798553844));
#4071=CARTESIAN_POINT('',(19.9999999999989,9.97627972041735,3.13856548126406));
#4072=CARTESIAN_POINT('',(20.,0.,0.));
#4073=CARTESIAN_POINT('',(19.9999999999988,8.6739379692103,5.84290599329562));
#4074=CARTESIAN_POINT('',(20.034841509614,8.62835374906628,6.36159662199466));
#4075=CARTESIAN_POINT('',(20.034841509614,8.73798645430676,6.21289971153488));
#4076=CARTESIAN_POINT('',(20.0000000000001,8.75498170115705,6.00648211625046));
#4077=CARTESIAN_POINT('',(19.9999999999998,8.67393796920741,5.84290599329733));
#4078=CARTESIAN_POINT('',(20.0348415096141,8.62835374906629,6.36159662199466));
#4079=CARTESIAN_POINT('',(20.0348415096141,0.,0.));
#4080=CARTESIAN_POINT('',(20.034841509614,8.12208744757188,6.99643448436382));
#4081=CARTESIAN_POINT('',(19.9999999999998,7.62654491910706,7.15629533606652));
#4082=CARTESIAN_POINT('',(20.,7.80408139323818,7.19891465104368));
#4083=CARTESIAN_POINT('',(20.034841509614,8.00150022603685,7.13642292569864));
#4084=CARTESIAN_POINT('',(20.034841509614,8.12208744757188,6.99643448436382));
#4085=CARTESIAN_POINT('',(19.9999999999989,7.62654491910613,7.15629533606942));
#4086=CARTESIAN_POINT('',(20.,0.,0.));
#4087=CARTESIAN_POINT('',(19.9999999999988,5.2798061726917,9.02775703699453));
#4088=CARTESIAN_POINT('',(20.034841509614,5.01368478004916,9.47530289364427));
#4089=CARTESIAN_POINT('',(20.034841509614,5.1769787727041,9.38889883724237));
#4090=CARTESIAN_POINT('',(20.0000000000001,5.28185105520504,9.21029963733938));
#4091=CARTESIAN_POINT('',(19.9999999999998,5.27980617268837,9.02775703699482));
#4092=CARTESIAN_POINT('',(20.0348415096145,5.01368478004918,9.47530289364426));
#4093=CARTESIAN_POINT('',(20.0348415096145,0.,0.));
#4094=CARTESIAN_POINT('',(20.034841509614,4.2821087780765,9.82761132792299));
#4095=CARTESIAN_POINT('',(19.9999999999999,3.76627936313274,9.7566331333614));
#4096=CARTESIAN_POINT('',(20.,3.90774285838,9.87206239582902));
#4097=CARTESIAN_POINT('',(20.034841509614,4.11272205453173,9.90141688978112));
#4098=CARTESIAN_POINT('',(20.034841509614,4.2821087780765,9.82761132792299));
#4099=CARTESIAN_POINT('',(19.9999999999989,3.76627936313066,9.75663313336359));
#4100=CARTESIAN_POINT('',(20.,0.,0.));
#4101=CARTESIAN_POINT('',(19.9999999999988,0.839944011098198,10.4245500813425));
#4102=CARTESIAN_POINT('',(20.034841509614,0.405994051534708,10.7123092202437));
#4103=CARTESIAN_POINT('',(20.034841509614,0.590607768764016,10.7053124028922));
#4104=CARTESIAN_POINT('',(20.0000000000001,0.762583597375586,10.5899036409432));
#4105=CARTESIAN_POINT('',(19.9999999999998,0.839944011095092,10.4245500813413));
#4106=CARTESIAN_POINT('',(20.034841509614,0.405994051534709,10.7123092202437));
#4107=CARTESIAN_POINT('',(20.034841509614,0.,0.));
#4108=CARTESIAN_POINT('',(20.034841509614,-0.405994051534705,10.7123092202437));
#4109=CARTESIAN_POINT('',(19.9999999999998,-0.839944011095142,10.4245500813412));
#4110=CARTESIAN_POINT('',(20.,-0.762573552591394,10.5899251111079));
#4111=CARTESIAN_POINT('',(20.034841509614,-0.590629880577865,10.7053115648596));
#4112=CARTESIAN_POINT('',(20.034841509614,-0.405994051534706,10.7123092202437));
#4113=CARTESIAN_POINT('',(19.9999999999989,-0.839944011097996,10.4245500813423));
#4114=CARTESIAN_POINT('',(20.,0.,0.));
#4115=CARTESIAN_POINT('',(19.9999999999988,-3.76627936313056,9.75663313336391));
#4116=CARTESIAN_POINT('',(20.034841509614,-4.28210877807648,9.827611327923));
#4117=CARTESIAN_POINT('',(20.034841509614,-4.11274273636597,9.90140787824606));
#4118=CARTESIAN_POINT('',(20.0000000000001,-3.90772153369921,9.87204499563557));
#4119=CARTESIAN_POINT('',(19.9999999999998,-3.76627936313285,9.75663313336149));
#4120=CARTESIAN_POINT('',(20.0348415096136,-4.2821087780765,9.82761132792299));
#4121=CARTESIAN_POINT('',(20.0348415096136,0.,0.));
#4122=CARTESIAN_POINT('',(20.034841509614,-5.01368478004918,9.47530289364426));
#4123=CARTESIAN_POINT('',(19.9999999999998,-5.27980617268837,9.02775703699468));
#4124=CARTESIAN_POINT('',(20.,-5.28185133828612,9.21032490742091));
#4125=CARTESIAN_POINT('',(20.034841509614,-5.17699840809148,9.38888844753304));
#4126=CARTESIAN_POINT('',(20.034841509614,-5.01368478004918,9.47530289364426));
#4127=CARTESIAN_POINT('',(19.9999999999989,-5.27980617269141,9.02775703699442));
#4128=CARTESIAN_POINT('',(20.,0.,0.));
#4129=CARTESIAN_POINT('',(19.9999999999988,-7.62654491910618,7.15629533606977));
#4130=CARTESIAN_POINT('',(20.034841509614,-8.12208744757187,6.99643448436384));
#4131=CARTESIAN_POINT('',(20.034841509614,-8.00151488624278,7.13640590681926));
#4132=CARTESIAN_POINT('',(20.0000000000001,-7.80405373618887,7.19890801170654));
#4133=CARTESIAN_POINT('',(19.9999999999998,-7.62654491910721,7.15629533606656));
#4134=CARTESIAN_POINT('',(20.0348415096134,-8.12208744757189,6.99643448436382));
#4135=CARTESIAN_POINT('',(20.0348415096134,0.,0.));
#4136=CARTESIAN_POINT('',(20.034841509614,-8.62835374906628,6.36159662199466));
#4137=CARTESIAN_POINT('',(19.9999999999999,-8.67393796920734,5.84290599329719));
#4138=CARTESIAN_POINT('',(20.,-8.75499482635118,6.00650860772988));
#4139=CARTESIAN_POINT('',(20.034841509614,-8.73799991905598,6.212881449041));
#4140=CARTESIAN_POINT('',(20.034841509614,-8.62835374906628,6.36159662199466));
#4141=CARTESIAN_POINT('',(19.9999999999989,-8.67393796920993,5.84290599329565));
#4142=CARTESIAN_POINT('',(20.,0.,0.));
#4143=CARTESIAN_POINT('',(19.9999999999988,-9.97627972041751,3.1385654812643));
#4144=CARTESIAN_POINT('',(20.034841509614,-10.3533870872101,2.77952798553845));
#4145=CARTESIAN_POINT('',(20.034841509614,-10.3054853890944,2.9579556989153));
#4146=CARTESIAN_POINT('',(20.0000000000001,-10.1547016037346,3.09993933268222));
#4147=CARTESIAN_POINT('',(19.9999999999998,-9.97627972041705,3.13856548126101));
#4148=CARTESIAN_POINT('',(20.0348415096138,-10.3533870872101,2.77952798553844));
#4149=CARTESIAN_POINT('',(20.0348415096138,0.,0.));
#4150=CARTESIAN_POINT('',(20.034841509614,-10.5340714382665,1.9878981194965));
#4151=CARTESIAN_POINT('',(19.9999999999998,-10.3500899720567,1.5007957590878));
#4152=CARTESIAN_POINT('',(20.,-10.494102668134,1.61302618239366));
#4153=CARTESIAN_POINT('',(20.034841509614,-10.5683345548618,1.80633442950025));
#4154=CARTESIAN_POINT('',(20.034841509614,-10.5340714382665,1.9878981194965));
#4155=CARTESIAN_POINT('',(19.9999999999989,-10.3500899720584,1.50079575908526));
#4156=CARTESIAN_POINT('',(20.,0.,0.));
#4157=CARTESIAN_POINT('',(19.9999999999988,-10.3500899720587,-1.50079575908511));
#4158=CARTESIAN_POINT('',(20.034841509614,-10.5340714382665,-1.98789811949651));
#4159=CARTESIAN_POINT('',(20.034841509614,-10.5683304264825,-1.80635630619594));
#4160=CARTESIAN_POINT('',(20.0000000000001,-10.4940830928879,-1.61301092722375));
#4161=CARTESIAN_POINT('',(19.9999999999998,-10.3500899720568,-1.50079575908788));
#4162=CARTESIAN_POINT('',(20.0348415096144,-10.5340714382665,-1.9878981194965));
#4163=CARTESIAN_POINT('',(20.0348415096144,0.,0.));
#4164=CARTESIAN_POINT('',(20.034841509614,-10.3533870872101,-2.77952798553843));
#4165=CARTESIAN_POINT('',(19.9999999999999,-9.97627972041693,-3.13856548126103));
#4166=CARTESIAN_POINT('',(20.,-10.1547249058781,-3.0999342880541));
#4167=CARTESIAN_POINT('',(20.034841509614,-10.3054796555265,-2.95797705572411));
#4168=CARTESIAN_POINT('',(20.034841509614,-10.3533870872101,-2.77952798553843));
#4169=CARTESIAN_POINT('',(19.9999999999989,-9.97627972041735,-3.13856548126406));
#4170=CARTESIAN_POINT('',(20.,0.,0.));
#4171=CARTESIAN_POINT('',(19.9999999999988,-8.6739379692103,-5.84290599329562));
#4172=CARTESIAN_POINT('',(20.034841509614,-8.62835372567035,-6.361596653727));
#4173=CARTESIAN_POINT('',(20.034841513379,-8.73798645053719,-6.21289974119451));
#4174=CARTESIAN_POINT('',(20.0000000000001,-8.75498170610884,-6.00648212624497));
#4175=CARTESIAN_POINT('',(19.9999999999998,-8.67393796920741,-5.84290599329733));
#4176=CARTESIAN_POINT('',(20.0348415096137,-8.62835372567034,-6.36159665372701));
#4177=CARTESIAN_POINT('',(20.0348415096137,0.,0.));
#4178=CARTESIAN_POINT('',(20.034841509614,-8.12208744757189,-6.99643448436382));
#4179=CARTESIAN_POINT('',(19.9999999999998,-7.62654491910706,-7.15629533606652));
#4180=CARTESIAN_POINT('',(20.,-7.80408139323819,-7.19891465104368));
#4181=CARTESIAN_POINT('',(20.034841509614,-8.00150022603685,-7.13642292569864));
#4182=CARTESIAN_POINT('',(20.034841509614,-8.12208744757189,-6.99643448436382));
#4183=CARTESIAN_POINT('',(19.9999999999989,-7.62654491910613,-7.15629533606942));
#4184=CARTESIAN_POINT('',(20.,0.,0.));
#4185=CARTESIAN_POINT('',(19.9999999999988,-5.2798061726917,-9.02775703699453));
#4186=CARTESIAN_POINT('',(20.034841509614,-5.01368474520201,-9.475302912083));
#4187=CARTESIAN_POINT('',(20.0348415133791,-5.17697875644027,-9.38889886232866));
#4188=CARTESIAN_POINT('',(20.0000000000001,-5.28185105533,-9.21029964849457));
#4189=CARTESIAN_POINT('',(19.9999999999998,-5.27980617268837,-9.02775703699482));
#4190=CARTESIAN_POINT('',(20.0348415096141,-5.01368474520201,-9.475302912083));
#4191=CARTESIAN_POINT('',(20.0348415096141,0.,0.));
#4192=CARTESIAN_POINT('',(20.034841509614,-4.2821087780765,-9.82761132792299));
#4193=CARTESIAN_POINT('',(19.9999999999999,-3.76627936313274,-9.7566331333614));
#4194=CARTESIAN_POINT('',(20.,-3.90774285838,-9.87206239582902));
#4195=CARTESIAN_POINT('',(20.034841509614,-4.11272205453173,-9.90141688978112));
#4196=CARTESIAN_POINT('',(20.034841509614,-4.2821087780765,-9.82761132792299));
#4197=CARTESIAN_POINT('',(19.9999999999989,-3.76627936313066,-9.75663313336359));
#4198=CARTESIAN_POINT('',(20.,0.,0.));
#4199=CARTESIAN_POINT('',(19.9999999999988,-0.8399440110982,-10.4245500813425));
#4200=CARTESIAN_POINT('',(20.034841509614,-0.405993990592811,-10.7123092225534));
#4201=CARTESIAN_POINT('',(20.0348415154382,-0.590607729259134,-10.7053124269394));
#4202=CARTESIAN_POINT('',(20.0000000000001,-0.762583590063048,-10.5899036565733));
#4203=CARTESIAN_POINT('',(19.9999999999998,-0.839944011095093,-10.4245500813413));
#4204=CARTESIAN_POINT('',(20.0348415096144,-0.40599399059283,-10.7123092225534));
#4205=CARTESIAN_POINT('',(20.0348415096144,0.,0.));
#4206=CARTESIAN_POINT('',(20.034841509614,0.405994051534699,-10.7123092202437));
#4207=CARTESIAN_POINT('',(19.9999999999998,0.839944011095144,-10.4245500813412));
#4208=CARTESIAN_POINT('',(20.,0.762573552591396,-10.589925111108));
#4209=CARTESIAN_POINT('',(20.034841509614,0.590629880577862,-10.7053115648596));
#4210=CARTESIAN_POINT('',(20.034841509614,0.4059940515347,-10.7123092202437));
#4211=CARTESIAN_POINT('',(19.9999999999989,0.839944011097998,-10.4245500813423));
#4212=CARTESIAN_POINT('',(20.,0.,0.));
#4213=CARTESIAN_POINT('',(19.9999999999988,3.76627936313056,-9.75663313336391));
#4214=CARTESIAN_POINT('',(20.034841509614,4.28210883398537,-9.82761130356225));
#4215=CARTESIAN_POINT('',(20.0348415154382,4.11274278239283,-9.9014078827709));
#4216=CARTESIAN_POINT('',(20.0000000000001,3.90772154706786,-9.87204500654391));
#4217=CARTESIAN_POINT('',(19.9999999999998,3.76627936313285,-9.75663313336149));
#4218=CARTESIAN_POINT('',(20.0348415096141,4.28210883398536,-9.82761130356225));
#4219=CARTESIAN_POINT('',(20.0348415096141,0.,0.));
#4220=CARTESIAN_POINT('',(20.034841509614,5.01368478004917,-9.47530289364426));
#4221=CARTESIAN_POINT('',(19.9999999999998,5.27980617268837,-9.02775703699469));
#4222=CARTESIAN_POINT('',(20.,5.28185133828612,-9.21032490742091));
#4223=CARTESIAN_POINT('',(20.034841509614,5.17699840809148,-9.38888844753304));
#4224=CARTESIAN_POINT('',(20.034841509614,5.01368478004917,-9.47530289364426));
#4225=CARTESIAN_POINT('',(19.9999999999989,5.27980617269141,-9.02775703699442));
#4226=CARTESIAN_POINT('',(20.,0.,0.));
#4227=CARTESIAN_POINT('',(19.9999999999988,7.62654491910618,-7.15629533606977));
#4228=CARTESIAN_POINT('',(20.034841509614,8.1220874873743,-6.99643443815762));
#4229=CARTESIAN_POINT('',(20.0348415154381,8.00151492967296,-7.13640589092728));
#4230=CARTESIAN_POINT('',(20.0000000000001,7.80405375296939,-7.19890801573486));
#4231=CARTESIAN_POINT('',(19.9999999999998,7.62654491910721,-7.15629533606656));
#4232=CARTESIAN_POINT('',(20.0348415096136,8.12208748737431,-6.9964344381576));
#4233=CARTESIAN_POINT('',(20.0348415096136,0.,0.));
#4234=CARTESIAN_POINT('',(20.034841509614,8.62835374906628,-6.36159662199466));
#4235=CARTESIAN_POINT('',(19.9999999999999,8.67393796920734,-5.84290599329719));
#4236=CARTESIAN_POINT('',(20.,8.75499482635117,-6.00650860772988));
#4237=CARTESIAN_POINT('',(20.034841509614,8.73799991905598,-6.212881449041));
#4238=CARTESIAN_POINT('',(20.034841509614,8.62835374906628,-6.36159662199466));
#4239=CARTESIAN_POINT('',(19.9999999999989,8.67393796920994,-5.84290599329565));
#4240=CARTESIAN_POINT('',(20.,0.,0.));
#4241=CARTESIAN_POINT('',(19.9999999999988,9.97627972041751,-3.1385654812643));
#4242=CARTESIAN_POINT('',(20.034841509614,10.3533870974323,-2.77952794746198));
#4243=CARTESIAN_POINT('',(20.0348415133791,10.3054854099328,-2.9579556774767));
#4244=CARTESIAN_POINT('',(20.0000000000001,10.1547016146377,-3.09993933032184));
#4245=CARTESIAN_POINT('',(19.9999999999998,9.97627972041705,-3.13856548126101));
#4246=CARTESIAN_POINT('',(20.0348415096135,10.3533870974323,-2.77952794746196));
#4247=CARTESIAN_POINT('',(20.0348415096135,0.,0.));
#4248=CARTESIAN_POINT('',(20.034841509614,10.5340714382665,-1.9878981194965));
#4249=CARTESIAN_POINT('',(19.9999999999998,10.3500899720567,-1.5007957590878));
#4250=CARTESIAN_POINT('',(20.,10.494102668134,-1.61302618239366));
#4251=CARTESIAN_POINT('',(20.034841509614,10.5683345548618,-1.80633442950024));
#4252=CARTESIAN_POINT('',(20.034841509614,10.5340714382665,-1.98789811949649));
#4253=CARTESIAN_POINT('',(20.1281629748148,0.,0.));
#4254=CARTESIAN_POINT('',(20.1281629748148,0.,-10.9481300951703));
#4255=CARTESIAN_POINT('',(20.,5.72,0.));
#4256=CARTESIAN_POINT('',(20.,-0.387057761817605,10.2126679319861));
#4257=CARTESIAN_POINT('',(20.,-0.875870846277253,10.3178428741588));
#4258=CARTESIAN_POINT('',(20.,-0.875870846277254,10.3178428741588));
#4259=CARTESIAN_POINT('',(20.,-1.16670959438818,8.96613511366409));
#4260=CARTESIAN_POINT('',(20.,-1.55776006195591,9.05027506740229));
#4261=CARTESIAN_POINT('',(20.,-1.46875168837338,8.66030390252956));
#4262=CARTESIAN_POINT('',(20.,-1.46875168837338,8.66030390252956));
#4263=CARTESIAN_POINT('',(20.,-2.43426549322037,8.43993167713963));
#4264=CARTESIAN_POINT('',(20.,-2.5232738668029,8.82990284201235));
#4265=CARTESIAN_POINT('',(20.,-2.83909120612299,8.58442492409554));
#4266=CARTESIAN_POINT('',(20.,-2.83909120612299,8.58442492409554));
#4267=CARTESIAN_POINT('',(20.,-3.68761188106833,9.67608133129275));
#4268=CARTESIAN_POINT('',(20.,-4.08238355521845,9.36923393389674));
#4269=CARTESIAN_POINT('',(20.,5.72,0.));
#4270=CARTESIAN_POINT('',(20.,-4.77983754217375,9.03335779599294));
#4271=CARTESIAN_POINT('',(20.,-5.26587661066664,8.91602909575908));
#4272=CARTESIAN_POINT('',(20.,-5.26587661066664,8.91602909575908));
#4273=CARTESIAN_POINT('',(20.,-4.94142925097662,7.57199228154059));
#4274=CARTESIAN_POINT('',(20.,-5.33026050577093,7.4781293213535));
#4275=CARTESIAN_POINT('',(20.,-5.08086458502744,7.16539672836629));
#4276=CARTESIAN_POINT('',(20.,-5.08086458502744,7.16539672836629));
#4277=CARTESIAN_POINT('',(20.,-5.85514653957475,6.54792747412296));
#4278=CARTESIAN_POINT('',(20.,-6.10454246031824,6.86066006711017));
#4279=CARTESIAN_POINT('',(20.,-6.28257517409288,6.50246409724725));
#4280=CARTESIAN_POINT('',(20.,-6.28257517409288,6.50246409724725));
#4281=CARTESIAN_POINT('',(20.,-7.52071784977654,7.1178532114143));
#4282=CARTESIAN_POINT('',(20.,-7.74325874199484,6.67010824908566));
#4283=CARTESIAN_POINT('',(20.,5.72,0.));
#4284=CARTESIAN_POINT('',(20.,-8.22591187644192,6.06488036164043));
#4285=CARTESIAN_POINT('',(20.,-8.61291093057504,5.74828640702336));
#4286=CARTESIAN_POINT('',(20.,-8.61291093057504,5.74828640702336));
#4287=CARTESIAN_POINT('',(20.,-7.73743824175643,4.67812351366687));
#4288=CARTESIAN_POINT('',(20.,-8.04703748506292,4.42484834997321));
#4289=CARTESIAN_POINT('',(20.,-7.68664993790195,4.25129485432619));
#4290=CARTESIAN_POINT('',(20.,-7.68664993790195,4.25129485432619));
#4291=CARTESIAN_POINT('',(20.,-8.11634400510649,3.35902592979578));
#4292=CARTESIAN_POINT('',(20.,-8.47673155226745,3.5325794254428));
#4293=CARTESIAN_POINT('',(20.,-8.48171807810562,3.13261050845042));
#4294=CARTESIAN_POINT('',(20.,-8.48171807810562,3.13261050845042));
#4295=CARTESIAN_POINT('',(20.,-9.86425341278505,3.14984696827434));
#4296=CARTESIAN_POINT('',(20.,-9.87048657008275,2.64988582203385));
#4297=CARTESIAN_POINT('',(20.,5.72,0.));
#4298=CARTESIAN_POINT('',(20.,-10.0427434793921,1.89517899078864));
#4299=CARTESIAN_POINT('',(20.,-10.2540526102625,1.44202509727032));
#4300=CARTESIAN_POINT('',(20.,-10.2540526102625,1.44202509727032));
#4301=CARTESIAN_POINT('',(20.,-9.00095269530372,0.857695010491664));
#4302=CARTESIAN_POINT('',(20.,-9.17,0.49517189567701));
#4303=CARTESIAN_POINT('',(20.,-8.77,0.495171895677003));
#4304=CARTESIAN_POINT('',(20.,-8.77,0.495171895677003));
#4305=CARTESIAN_POINT('',(20.,-8.77,-0.495171895677002));
#4306=CARTESIAN_POINT('',(20.,-9.17,-0.495171895677005));
#4307=CARTESIAN_POINT('',(20.,-9.00095269530372,-0.857695010491662));
#4308=CARTESIAN_POINT('',(20.,-9.00095269530372,-0.857695010491662));
#4309=CARTESIAN_POINT('',(20.,-10.2540526102625,-1.44202509727031));
#4310=CARTESIAN_POINT('',(20.,-10.0427434793921,-1.89517899078864));
#4311=CARTESIAN_POINT('',(20.,5.72,0.));
#4312=CARTESIAN_POINT('',(20.,-9.87048657008276,-2.64988582203385));
#4313=CARTESIAN_POINT('',(20.,-9.86425341278505,-3.14984696827434));
#4314=CARTESIAN_POINT('',(20.,-9.86425341278505,-3.14984696827434));
#4315=CARTESIAN_POINT('',(20.,-8.48171807810562,-3.13261050845041));
#4316=CARTESIAN_POINT('',(20.,-8.47673155226746,-3.53257942544281));
#4317=CARTESIAN_POINT('',(20.,-8.11634400510649,-3.35902592979578));
#4318=CARTESIAN_POINT('',(20.,-8.11634400510649,-3.35902592979578));
#4319=CARTESIAN_POINT('',(20.,-7.68664993790195,-4.25129485432619));
#4320=CARTESIAN_POINT('',(20.,-8.04703748506291,-4.42484834997321));
#4321=CARTESIAN_POINT('',(20.,-7.73743824175643,-4.67812351366687));
#4322=CARTESIAN_POINT('',(20.,-7.73743824175643,-4.67812351366687));
#4323=CARTESIAN_POINT('',(20.,-8.61291093057504,-5.74828640702336));
#4324=CARTESIAN_POINT('',(20.,-8.22591187644193,-6.06488036164043));
#4325=CARTESIAN_POINT('',(20.,5.72,0.));
#4326=CARTESIAN_POINT('',(20.,-7.74325874199484,-6.67010824908566));
#4327=CARTESIAN_POINT('',(20.,-7.52071784977655,-7.1178532114143));
#4328=CARTESIAN_POINT('',(20.,-7.52071784977655,-7.1178532114143));
#4329=CARTESIAN_POINT('',(20.,-6.28257517409288,-6.50246409724724));
#4330=CARTESIAN_POINT('',(20.,-6.10454246031825,-6.86066006711018));
#4331=CARTESIAN_POINT('',(20.,-5.85514653957475,-6.54792747412296));
#4332=CARTESIAN_POINT('',(20.,-5.85514653957475,-6.54792747412296));
#4333=CARTESIAN_POINT('',(20.,-5.08086458502744,-7.16539672836629));
#4334=CARTESIAN_POINT('',(20.,-5.33026050577093,-7.4781293213535));
#4335=CARTESIAN_POINT('',(20.,-4.94142925097662,-7.57199228154059));
#4336=CARTESIAN_POINT('',(20.,-4.94142925097662,-7.57199228154059));
#4337=CARTESIAN_POINT('',(20.,-5.26587661066664,-8.91602909575908));
#4338=CARTESIAN_POINT('',(20.,-4.77983754217375,-9.03335779599294));
#4339=CARTESIAN_POINT('',(20.,5.72,0.));
#4340=CARTESIAN_POINT('',(20.,-4.08238355521845,-9.36923393389673));
#4341=CARTESIAN_POINT('',(20.,-3.68761188106833,-9.67608133129275));
#4342=CARTESIAN_POINT('',(20.,-3.68761188106833,-9.67608133129275));
#4343=CARTESIAN_POINT('',(20.,-2.839091206123,-8.58442492409554));
#4344=CARTESIAN_POINT('',(20.,-2.52327386680291,-8.82990284201236));
#4345=CARTESIAN_POINT('',(20.,-2.43426549322037,-8.43993167713963));
#4346=CARTESIAN_POINT('',(20.,-2.43426549322037,-8.43993167713963));
#4347=CARTESIAN_POINT('',(20.,-1.46875168837338,-8.66030390252956));
#4348=CARTESIAN_POINT('',(20.,-1.55776006195591,-9.0502750674023));
#4349=CARTESIAN_POINT('',(20.,-1.16670959438819,-8.96613511366409));
#4350=CARTESIAN_POINT('',(20.,-1.16670959438819,-8.96613511366409));
#4351=CARTESIAN_POINT('',(20.,-0.875870846277255,-10.3178428741588));
#4352=CARTESIAN_POINT('',(20.,-0.387057761817605,-10.2126679319861));
#4353=CARTESIAN_POINT('',(20.,5.72,0.));
#4354=CARTESIAN_POINT('',(20.,0.387057761817607,-10.2126679319861));
#4355=CARTESIAN_POINT('',(20.,0.875870846277253,-10.3178428741588));
#4356=CARTESIAN_POINT('',(20.,0.875870846277253,-10.3178428741588));
#4357=CARTESIAN_POINT('',(20.,1.16670959438818,-8.96613511366409));
#4358=CARTESIAN_POINT('',(20.,1.5577600619559,-9.05027506740229));
#4359=CARTESIAN_POINT('',(20.,1.46875168837338,-8.66030390252956));
#4360=CARTESIAN_POINT('',(20.,1.46875168837338,-8.66030390252956));
#4361=CARTESIAN_POINT('',(20.,2.43426549322037,-8.43993167713963));
#4362=CARTESIAN_POINT('',(20.,2.52327386680291,-8.82990284201235));
#4363=CARTESIAN_POINT('',(20.,2.83909120612299,-8.58442492409554));
#4364=CARTESIAN_POINT('',(20.,2.83909120612299,-8.58442492409554));
#4365=CARTESIAN_POINT('',(20.,3.68761188106833,-9.67608133129276));
#4366=CARTESIAN_POINT('',(20.,4.08238355521845,-9.36923393389674));
#4367=CARTESIAN_POINT('',(20.,5.72,0.));
#4368=CARTESIAN_POINT('',(20.,4.77983754217374,-9.03335779599294));
#4369=CARTESIAN_POINT('',(20.,5.26587661066663,-8.91602909575909));
#4370=CARTESIAN_POINT('',(20.,5.26587661066663,-8.91602909575909));
#4371=CARTESIAN_POINT('',(20.,4.94142925097662,-7.57199228154059));
#4372=CARTESIAN_POINT('',(20.,5.33026050577093,-7.47812932135351));
#4373=CARTESIAN_POINT('',(20.,5.08086458502744,-7.16539672836629));
#4374=CARTESIAN_POINT('',(20.,5.08086458502744,-7.16539672836629));
#4375=CARTESIAN_POINT('',(20.,5.85514653957475,-6.54792747412296));
#4376=CARTESIAN_POINT('',(20.,6.10454246031824,-6.86066006711017));
#4377=CARTESIAN_POINT('',(20.,6.28257517409288,-6.50246409724725));
#4378=CARTESIAN_POINT('',(20.,6.28257517409288,-6.50246409724725));
#4379=CARTESIAN_POINT('',(20.,7.52071784977655,-7.11785321141431));
#4380=CARTESIAN_POINT('',(20.,7.74325874199484,-6.67010824908565));
#4381=CARTESIAN_POINT('',(20.,5.72,0.));
#4382=CARTESIAN_POINT('',(20.,8.22591187644192,-6.06488036164043));
#4383=CARTESIAN_POINT('',(20.,8.61291093057504,-5.74828640702336));
#4384=CARTESIAN_POINT('',(20.,8.61291093057504,-5.74828640702336));
#4385=CARTESIAN_POINT('',(20.,7.73743824175643,-4.67812351366687));
#4386=CARTESIAN_POINT('',(20.,8.04703748506291,-4.42484834997322));
#4387=CARTESIAN_POINT('',(20.,7.68664993790195,-4.25129485432619));
#4388=CARTESIAN_POINT('',(20.,7.68664993790195,-4.25129485432619));
#4389=CARTESIAN_POINT('',(20.,8.11634400510649,-3.35902592979578));
#4390=CARTESIAN_POINT('',(20.,8.47673155226746,-3.53257942544281));
#4391=CARTESIAN_POINT('',(20.,8.48171807810562,-3.13261050845042));
#4392=CARTESIAN_POINT('',(20.,8.48171807810562,-3.13261050845042));
#4393=CARTESIAN_POINT('',(20.,9.86425341278505,-3.14984696827434));
#4394=CARTESIAN_POINT('',(20.,9.87048657008276,-2.64988582203385));
#4395=CARTESIAN_POINT('',(20.,5.72,0.));
#4396=CARTESIAN_POINT('',(20.,10.0427434793921,-1.89517899078864));
#4397=CARTESIAN_POINT('',(20.,10.2540526102625,-1.44202509727031));
#4398=CARTESIAN_POINT('',(20.,10.2540526102625,-1.44202509727031));
#4399=CARTESIAN_POINT('',(20.,9.00095269530372,-0.857695010491663));
#4400=CARTESIAN_POINT('',(20.,9.17,-0.495171895677004));
#4401=CARTESIAN_POINT('',(20.,8.77,-0.495171895677003));
#4402=CARTESIAN_POINT('',(20.,8.77,-0.495171895677003));
#4403=CARTESIAN_POINT('',(20.,8.77,0.495171895677003));
#4404=CARTESIAN_POINT('',(20.,9.17,0.495171895677004));
#4405=CARTESIAN_POINT('',(20.,9.00095269530372,0.857695010491663));
#4406=CARTESIAN_POINT('',(20.,9.00095269530372,0.857695010491663));
#4407=CARTESIAN_POINT('',(20.,10.2540526102625,1.44202509727031));
#4408=CARTESIAN_POINT('',(20.,10.0427434793921,1.89517899078864));
#4409=CARTESIAN_POINT('',(20.,5.72,0.));
#4410=CARTESIAN_POINT('',(20.,9.87048657008276,2.64988582203385));
#4411=CARTESIAN_POINT('',(20.,9.86425341278505,3.14984696827434));
#4412=CARTESIAN_POINT('',(20.,9.86425341278505,3.14984696827434));
#4413=CARTESIAN_POINT('',(20.,8.48171807810562,3.13261050845041));
#4414=CARTESIAN_POINT('',(20.,8.47673155226745,3.5325794254428));
#4415=CARTESIAN_POINT('',(20.,8.11634400510648,3.35902592979578));
#4416=CARTESIAN_POINT('',(20.,8.11634400510648,3.35902592979578));
#4417=CARTESIAN_POINT('',(20.,7.68664993790195,4.25129485432619));
#4418=CARTESIAN_POINT('',(20.,8.04703748506291,4.42484834997321));
#4419=CARTESIAN_POINT('',(20.,7.73743824175643,4.67812351366687));
#4420=CARTESIAN_POINT('',(20.,7.73743824175643,4.67812351366687));
#4421=CARTESIAN_POINT('',(20.,8.61291093057504,5.74828640702336));
#4422=CARTESIAN_POINT('',(20.,8.22591187644192,6.06488036164043));
#4423=CARTESIAN_POINT('',(20.,5.72,0.));
#4424=CARTESIAN_POINT('',(20.,7.74325874199484,6.67010824908566));
#4425=CARTESIAN_POINT('',(20.,7.52071784977655,7.11785321141431));
#4426=CARTESIAN_POINT('',(20.,7.52071784977655,7.11785321141431));
#4427=CARTESIAN_POINT('',(20.,6.28257517409288,6.50246409724725));
#4428=CARTESIAN_POINT('',(20.,6.10454246031824,6.86066006711016));
#4429=CARTESIAN_POINT('',(20.,5.85514653957475,6.54792747412295));
#4430=CARTESIAN_POINT('',(20.,5.85514653957475,6.54792747412295));
#4431=CARTESIAN_POINT('',(20.,5.08086458502744,7.16539672836629));
#4432=CARTESIAN_POINT('',(20.,5.33026050577094,7.4781293213535));
#4433=CARTESIAN_POINT('',(20.,4.94142925097662,7.57199228154059));
#4434=CARTESIAN_POINT('',(20.,4.94142925097662,7.57199228154059));
#4435=CARTESIAN_POINT('',(20.,5.26587661066663,8.91602909575908));
#4436=CARTESIAN_POINT('',(20.,4.77983754217374,9.03335779599294));
#4437=CARTESIAN_POINT('',(20.,5.72,0.));
#4438=CARTESIAN_POINT('',(20.,1.16670959438819,8.96613511366409));
#4439=CARTESIAN_POINT('',(20.,1.16670959438819,8.96613511366409));
#4440=CARTESIAN_POINT('',(20.,0.875870846277254,10.3178428741588));
#4441=CARTESIAN_POINT('',(20.,0.387057761817606,10.2126679319861));
#4442=CARTESIAN_POINT('',(20.,4.08238355521845,9.36923393389673));
#4443=CARTESIAN_POINT('',(20.,3.68761188106833,9.67608133129275));
#4444=CARTESIAN_POINT('',(20.,3.68761188106833,9.67608133129275));
#4445=CARTESIAN_POINT('',(20.,2.839091206123,8.58442492409554));
#4446=CARTESIAN_POINT('',(20.,2.5232738668029,8.82990284201236));
#4447=CARTESIAN_POINT('',(20.,2.43426549322037,8.43993167713963));
#4448=CARTESIAN_POINT('',(20.,2.43426549322037,8.43993167713963));
#4449=CARTESIAN_POINT('',(20.,1.46875168837338,8.66030390252956));
#4450=CARTESIAN_POINT('',(20.,1.55776006195591,9.05027506740229));
#4451=CARTESIAN_POINT('',(20.1281629748148,0.,0.));
#4452=CARTESIAN_POINT('',(21.,0.,0.));
#4453=CARTESIAN_POINT('',(21.,0.,-12.5));
#4454=CARTESIAN_POINT('',(27.,0.,0.));
#4455=CARTESIAN_POINT('',(21.9999999999999,0.,0.));
#4456=CARTESIAN_POINT('',(21.9999999999999,0.,-12.5));
#4457=CARTESIAN_POINT('',(21.9999999999999,0.,0.));
#4458=CARTESIAN_POINT('',(21.,0.,0.));
#4459=CARTESIAN_POINT('',(21.,0.,-10.72));
#4460=CARTESIAN_POINT('',(21.,10.72,0.));
#4461=CARTESIAN_POINT('',(21.,0.,0.));
#4462=CARTESIAN_POINT('',(21.,0.,-6.5));
#4463=CARTESIAN_POINT('',(27.,0.,0.));
#4464=CARTESIAN_POINT('',(27.,0.,0.));
#4465=CARTESIAN_POINT('',(27.,0.,-6.5));
#4466=CARTESIAN_POINT('',(27.,6.5,0.));
#4467=CARTESIAN_POINT('',(20.99,0.387057761817606,10.2126679319861));
#4468=CARTESIAN_POINT('',(1.,0.387057761817606,10.2126679319861));
#4469=CARTESIAN_POINT('',(1.,0.839944011095732,10.4245500813399));
#4470=CARTESIAN_POINT('',(1.,0.875870846277254,10.3178428741588));
#4471=CARTESIAN_POINT('',(1.00000000000015,0.839944011095756,10.4245500813399));
#4472=CARTESIAN_POINT('',(1.00000000000015,0.7625735525923,10.5899251111073));
#4473=CARTESIAN_POINT('',(0.96515849038602,0.590629880578355,10.7053115648595));
#4474=CARTESIAN_POINT('',(0.96515849038602,0.405994051534709,10.7123092202437));
#4475=CARTESIAN_POINT('',(0.965158490386014,0.405994051534709,10.7123092202437));
#4476=CARTESIAN_POINT('',(20.99,0.405994051534709,10.7123092202437));
#4477=CARTESIAN_POINT('',(20.99,0.875870846277254,10.3178428741588));
#4478=CARTESIAN_POINT('',(20.99,-0.387057761817605,10.2126679319861));
#4479=CARTESIAN_POINT('',(20.99,-0.405994051534705,10.7123092202437));
#4480=CARTESIAN_POINT('',(0.965158490386021,-0.405994051534705,10.7123092202437));
#4481=CARTESIAN_POINT('',(0.96515849038602,-0.405994051534705,10.7123092202437));
#4482=CARTESIAN_POINT('',(0.96515849038602,-0.590607768764541,10.7053124028922));
#4483=CARTESIAN_POINT('',(1.00000000000016,-0.762583597376564,10.5899036409424));
#4484=CARTESIAN_POINT('',(1.00000000000016,-0.839944011095755,10.4245500813399));
#4485=CARTESIAN_POINT('',(1.,-0.839944011095731,10.4245500813399));
#4486=CARTESIAN_POINT('',(1.,-0.387057761817605,10.2126679319861));
#4487=CARTESIAN_POINT('',(1.,-0.875870846277253,10.3178428741588));
#4488=CARTESIAN_POINT('',(20.99,-0.875870846277253,10.3178428741588));
#4489=CARTESIAN_POINT('',(20.99,-0.875870846277254,10.3178428741588));
#4490=CARTESIAN_POINT('',(1.,-0.875870846277254,10.3178428741588));
#4491=CARTESIAN_POINT('',(1.,-1.16670959438818,8.96613511366409));
#4492=CARTESIAN_POINT('',(20.99,-1.16670959438818,8.96613511366409));
#4493=CARTESIAN_POINT('',(20.99,-1.55776006195591,9.05027506740229));
#4494=CARTESIAN_POINT('',(1.,-1.55776006195591,9.05027506740229));
#4495=CARTESIAN_POINT('',(1.,-1.46875168837338,8.66030390252956));
#4496=CARTESIAN_POINT('',(20.99,-1.46875168837338,8.66030390252956));
#4497=CARTESIAN_POINT('',(20.99,-1.46875168837338,8.66030390252956));
#4498=CARTESIAN_POINT('',(1.,-1.46875168837338,8.66030390252956));
#4499=CARTESIAN_POINT('',(1.,-2.43426549322037,8.43993167713963));
#4500=CARTESIAN_POINT('',(20.99,-2.43426549322037,8.43993167713963));
#4501=CARTESIAN_POINT('',(20.99,-2.5232738668029,8.82990284201235));
#4502=CARTESIAN_POINT('',(1.,-2.5232738668029,8.82990284201235));
#4503=CARTESIAN_POINT('',(1.,-2.83909120612299,8.58442492409554));
#4504=CARTESIAN_POINT('',(20.99,-2.83909120612299,8.58442492409554));
#4505=CARTESIAN_POINT('',(20.99,-2.83909120612299,8.58442492409554));
#4506=CARTESIAN_POINT('',(1.,-2.83909120612299,8.58442492409554));
#4507=CARTESIAN_POINT('',(1.,-3.68761188106833,9.67608133129275));
#4508=CARTESIAN_POINT('',(20.99,-3.68761188106833,9.67608133129275));
#4509=CARTESIAN_POINT('',(20.99,-4.08238355521845,9.36923393389674));
#4510=CARTESIAN_POINT('',(1.,-4.08238355521845,9.36923393389674));
#4511=CARTESIAN_POINT('',(1.,-3.76627936313165,9.75663313336048));
#4512=CARTESIAN_POINT('',(1.00000000000015,-3.76627936313163,9.75663313336049));
#4513=CARTESIAN_POINT('',(1.00000000000015,-3.90774285837889,9.87206239582879));
#4514=CARTESIAN_POINT('',(0.96515849038602,-4.11272205453127,9.90141688978131));
#4515=CARTESIAN_POINT('',(0.965158490386019,-4.28210877807648,9.827611327923));
#4516=CARTESIAN_POINT('',(0.96515849038643,-4.2821087780765,9.82761132792299));
#4517=CARTESIAN_POINT('',(20.99,-4.2821087780765,9.82761132792299));
#4518=CARTESIAN_POINT('',(20.99,-4.77983754217375,9.03335779599294));
#4519=CARTESIAN_POINT('',(20.99,-5.01368478004918,9.47530289364426));
#4520=CARTESIAN_POINT('',(0.965158490386021,-5.01368478004918,9.47530289364426));
#4521=CARTESIAN_POINT('',(0.965158490386019,-5.01368478004918,9.47530289364426));
#4522=CARTESIAN_POINT('',(0.965158490386019,-5.17697877270458,9.38889883724211));
#4523=CARTESIAN_POINT('',(1.00000000000016,-5.2818510552056,9.21029963733827));
#4524=CARTESIAN_POINT('',(1.00000000000016,-5.27980617268836,9.02775703699325));
#4525=CARTESIAN_POINT('',(1.,-5.27980617268833,9.02775703699325));
#4526=CARTESIAN_POINT('',(1.,-4.77983754217375,9.03335779599294));
#4527=CARTESIAN_POINT('',(1.,-5.26587661066664,8.91602909575908));
#4528=CARTESIAN_POINT('',(20.99,-5.26587661066664,8.91602909575908));
#4529=CARTESIAN_POINT('',(20.99,-5.26587661066664,8.91602909575908));
#4530=CARTESIAN_POINT('',(1.,-5.26587661066664,8.91602909575908));
#4531=CARTESIAN_POINT('',(1.,-4.94142925097662,7.57199228154059));
#4532=CARTESIAN_POINT('',(20.99,-4.94142925097662,7.57199228154059));
#4533=CARTESIAN_POINT('',(20.99,-5.33026050577093,7.4781293213535));
#4534=CARTESIAN_POINT('',(1.,-5.33026050577093,7.4781293213535));
#4535=CARTESIAN_POINT('',(1.,-5.08086458502744,7.16539672836629));
#4536=CARTESIAN_POINT('',(20.99,-5.08086458502744,7.16539672836629));
#4537=CARTESIAN_POINT('',(20.99,-5.08086458502744,7.16539672836629));
#4538=CARTESIAN_POINT('',(1.,-5.08086458502744,7.16539672836629));
#4539=CARTESIAN_POINT('',(1.,-5.85514653957475,6.54792747412296));
#4540=CARTESIAN_POINT('',(20.99,-5.85514653957475,6.54792747412296));
#4541=CARTESIAN_POINT('',(20.99,-6.10454246031824,6.86066006711017));
#4542=CARTESIAN_POINT('',(1.,-6.10454246031824,6.86066006711017));
#4543=CARTESIAN_POINT('',(1.,-6.28257517409288,6.50246409724725));
#4544=CARTESIAN_POINT('',(20.99,-6.28257517409288,6.50246409724725));
#4545=CARTESIAN_POINT('',(20.99,-6.28257517409288,6.50246409724725));
#4546=CARTESIAN_POINT('',(1.,-6.28257517409288,6.50246409724725));
#4547=CARTESIAN_POINT('',(1.,-7.52071784977654,7.1178532114143));
#4548=CARTESIAN_POINT('',(20.99,-7.52071784977654,7.1178532114143));
#4549=CARTESIAN_POINT('',(20.99,-7.74325874199484,6.67010824908566));
#4550=CARTESIAN_POINT('',(1.,-7.74325874199484,6.67010824908566));
#4551=CARTESIAN_POINT('',(1.,-7.62654491910568,7.15629533606616));
#4552=CARTESIAN_POINT('',(1.00000000000015,-7.62654491910566,7.15629533606619));
#4553=CARTESIAN_POINT('',(1.00000000000015,-7.80408139323709,7.19891465104395));
#4554=CARTESIAN_POINT('',(0.965158490386021,-8.00150022603652,7.13642292569901));
#4555=CARTESIAN_POINT('',(0.965158490386019,-8.12208744757187,6.99643448436384));
#4556=CARTESIAN_POINT('',(0.965158490386586,-8.12208744757189,6.99643448436382));
#4557=CARTESIAN_POINT('',(20.99,-8.12208744757189,6.99643448436382));
#4558=CARTESIAN_POINT('',(20.99,-8.22591187644192,6.06488036164043));
#4559=CARTESIAN_POINT('',(20.99,-8.62835374906628,6.36159662199466));
#4560=CARTESIAN_POINT('',(0.965158490386021,-8.62835374906628,6.36159662199466));
#4561=CARTESIAN_POINT('',(0.96515849038602,-8.62835374906628,6.36159662199466));
#4562=CARTESIAN_POINT('',(0.96515849038602,-8.73798645430708,6.21289971153446));
#4563=CARTESIAN_POINT('',(1.00000000000016,-8.75498170115708,6.00648211624922));
#4564=CARTESIAN_POINT('',(1.00000000000016,-8.67393796920671,5.84290599329592));
#4565=CARTESIAN_POINT('',(1.,-8.67393796920669,5.84290599329593));
#4566=CARTESIAN_POINT('',(1.,-8.22591187644192,6.06488036164043));
#4567=CARTESIAN_POINT('',(1.,-8.61291093057504,5.74828640702336));
#4568=CARTESIAN_POINT('',(20.99,-8.61291093057504,5.74828640702336));
#4569=CARTESIAN_POINT('',(20.99,-8.61291093057504,5.74828640702336));
#4570=CARTESIAN_POINT('',(1.,-8.61291093057504,5.74828640702336));
#4571=CARTESIAN_POINT('',(1.,-7.73743824175643,4.67812351366687));
#4572=CARTESIAN_POINT('',(20.99,-7.73743824175643,4.67812351366687));
#4573=CARTESIAN_POINT('',(20.99,-8.04703748506292,4.42484834997321));
#4574=CARTESIAN_POINT('',(1.,-8.04703748506292,4.42484834997321));
#4575=CARTESIAN_POINT('',(1.,-7.68664993790195,4.25129485432619));
#4576=CARTESIAN_POINT('',(20.99,-7.68664993790195,4.25129485432619));
#4577=CARTESIAN_POINT('',(20.99,-7.68664993790195,4.25129485432619));
#4578=CARTESIAN_POINT('',(1.,-7.68664993790195,4.25129485432619));
#4579=CARTESIAN_POINT('',(1.,-8.11634400510649,3.35902592979578));
#4580=CARTESIAN_POINT('',(20.99,-8.11634400510649,3.35902592979578));
#4581=CARTESIAN_POINT('',(20.99,-8.47673155226745,3.5325794254428));
#4582=CARTESIAN_POINT('',(1.,-8.47673155226745,3.5325794254428));
#4583=CARTESIAN_POINT('',(1.,-8.48171807810562,3.13261050845042));
#4584=CARTESIAN_POINT('',(20.99,-8.48171807810562,3.13261050845042));
#4585=CARTESIAN_POINT('',(20.99,-8.48171807810562,3.13261050845042));
#4586=CARTESIAN_POINT('',(1.,-8.48171807810562,3.13261050845042));
#4587=CARTESIAN_POINT('',(1.,-9.86425341278505,3.14984696827434));
#4588=CARTESIAN_POINT('',(20.99,-9.86425341278505,3.14984696827434));
#4589=CARTESIAN_POINT('',(20.99,-9.87048657008275,2.64988582203385));
#4590=CARTESIAN_POINT('',(1.,-9.87048657008275,2.64988582203385));
#4591=CARTESIAN_POINT('',(1.,-9.97627972041552,3.13856548126131));
#4592=CARTESIAN_POINT('',(1.00000000000015,-9.97627972041552,3.13856548126134));
#4593=CARTESIAN_POINT('',(1.00000000000015,-10.1547249058772,3.09993428805483));
#4594=CARTESIAN_POINT('',(0.96515849038602,-10.3054796555264,2.95797705572459));
#4595=CARTESIAN_POINT('',(0.965158490386019,-10.3533870872101,2.77952798553845));
#4596=CARTESIAN_POINT('',(0.965158490386236,-10.3533870872101,2.77952798553844));
#4597=CARTESIAN_POINT('',(20.99,-10.3533870872101,2.77952798553844));
#4598=CARTESIAN_POINT('',(20.99,-10.0427434793921,1.89517899078864));
#4599=CARTESIAN_POINT('',(20.99,-10.5340714382665,1.9878981194965));
#4600=CARTESIAN_POINT('',(0.965158490386021,-10.5340714382665,1.9878981194965));
#4601=CARTESIAN_POINT('',(0.965158490386019,-10.5340714382665,1.9878981194965));
#4602=CARTESIAN_POINT('',(0.965158490386018,-10.5683304264826,1.80635630619541));
#4603=CARTESIAN_POINT('',(1.00000000000016,-10.4940830928874,1.61301092722263));
#4604=CARTESIAN_POINT('',(1.00000000000016,-10.3500899720556,1.50079575908691));
#4605=CARTESIAN_POINT('',(1.,-10.3500899720556,1.50079575908694));
#4606=CARTESIAN_POINT('',(1.,-10.0427434793921,1.89517899078864));
#4607=CARTESIAN_POINT('',(1.,-10.2540526102625,1.44202509727032));
#4608=CARTESIAN_POINT('',(20.99,-10.2540526102625,1.44202509727032));
#4609=CARTESIAN_POINT('',(20.99,-10.2540526102625,1.44202509727032));
#4610=CARTESIAN_POINT('',(1.,-10.2540526102625,1.44202509727032));
#4611=CARTESIAN_POINT('',(1.,-9.00095269530372,0.857695010491664));
#4612=CARTESIAN_POINT('',(20.99,-9.00095269530372,0.857695010491664));
#4613=CARTESIAN_POINT('',(20.99,-9.17,0.49517189567701));
#4614=CARTESIAN_POINT('',(1.,-9.17,0.49517189567701));
#4615=CARTESIAN_POINT('',(1.,-8.77,0.495171895677003));
#4616=CARTESIAN_POINT('',(20.99,-8.77,0.495171895677003));
#4617=CARTESIAN_POINT('',(20.99,-8.77,0.495171895677003));
#4618=CARTESIAN_POINT('',(1.,-8.77,0.495171895677003));
#4619=CARTESIAN_POINT('',(1.,-8.77,-0.495171895677002));
#4620=CARTESIAN_POINT('',(20.99,-8.77,-0.495171895677002));
#4621=CARTESIAN_POINT('',(20.99,-9.17,-0.495171895677005));
#4622=CARTESIAN_POINT('',(1.,-9.17,-0.495171895677005));
#4623=CARTESIAN_POINT('',(1.,-9.00095269530372,-0.857695010491662));
#4624=CARTESIAN_POINT('',(20.99,-9.00095269530372,-0.857695010491662));
#4625=CARTESIAN_POINT('',(20.99,-9.00095269530372,-0.857695010491662));
#4626=CARTESIAN_POINT('',(1.,-9.00095269530372,-0.857695010491662));
#4627=CARTESIAN_POINT('',(1.,-10.2540526102625,-1.44202509727031));
#4628=CARTESIAN_POINT('',(20.99,-10.2540526102625,-1.44202509727031));
#4629=CARTESIAN_POINT('',(20.99,-10.0427434793921,-1.89517899078864));
#4630=CARTESIAN_POINT('',(1.,-10.0427434793921,-1.89517899078864));
#4631=CARTESIAN_POINT('',(1.,-10.3500899720556,-1.50079575908694));
#4632=CARTESIAN_POINT('',(1.00000000000015,-10.3500899720556,-1.50079575908691));
#4633=CARTESIAN_POINT('',(1.00000000000015,-10.4941026681335,-1.61302618239264));
#4634=CARTESIAN_POINT('',(0.965158490386018,-10.5683345548619,-1.80633442949978));
#4635=CARTESIAN_POINT('',(0.96515849038602,-10.5340714382665,-1.98789811949652));
#4636=CARTESIAN_POINT('',(0.96515849038559,-10.5340714382665,-1.9878981194965));
#4637=CARTESIAN_POINT('',(20.99,-10.5340714382665,-1.9878981194965));
#4638=CARTESIAN_POINT('',(20.99,-9.87048657008276,-2.64988582203385));
#4639=CARTESIAN_POINT('',(20.99,-10.3533870872101,-2.77952798553843));
#4640=CARTESIAN_POINT('',(0.965158490386021,-10.3533870872101,-2.77952798553843));
#4641=CARTESIAN_POINT('',(0.965158490386019,-10.3533870872101,-2.77952798553843));
#4642=CARTESIAN_POINT('',(0.965158490386018,-10.3054853890943,-2.9579556989158));
#4643=CARTESIAN_POINT('',(1.00000000000016,-10.1547016037336,-3.09993933268301));
#4644=CARTESIAN_POINT('',(1.00000000000016,-9.97627972041552,-3.13856548126134));
#4645=CARTESIAN_POINT('',(1.,-9.97627972041552,-3.13856548126131));
#4646=CARTESIAN_POINT('',(1.,-9.87048657008276,-2.64988582203385));
#4647=CARTESIAN_POINT('',(1.,-9.86425341278505,-3.14984696827434));
#4648=CARTESIAN_POINT('',(20.99,-9.86425341278505,-3.14984696827434));
#4649=CARTESIAN_POINT('',(20.99,-9.86425341278505,-3.14984696827434));
#4650=CARTESIAN_POINT('',(1.,-9.86425341278505,-3.14984696827434));
#4651=CARTESIAN_POINT('',(1.,-8.48171807810562,-3.13261050845041));
#4652=CARTESIAN_POINT('',(20.99,-8.48171807810562,-3.13261050845041));
#4653=CARTESIAN_POINT('',(20.99,-8.47673155226746,-3.53257942544281));
#4654=CARTESIAN_POINT('',(1.,-8.47673155226746,-3.53257942544281));
#4655=CARTESIAN_POINT('',(1.,-8.11634400510649,-3.35902592979578));
#4656=CARTESIAN_POINT('',(20.99,-8.11634400510649,-3.35902592979578));
#4657=CARTESIAN_POINT('',(20.99,-8.11634400510649,-3.35902592979578));
#4658=CARTESIAN_POINT('',(1.,-8.11634400510649,-3.35902592979578));
#4659=CARTESIAN_POINT('',(1.,-7.68664993790195,-4.25129485432619));
#4660=CARTESIAN_POINT('',(20.99,-7.68664993790195,-4.25129485432619));
#4661=CARTESIAN_POINT('',(20.99,-8.04703748506291,-4.42484834997321));
#4662=CARTESIAN_POINT('',(1.,-8.04703748506291,-4.42484834997321));
#4663=CARTESIAN_POINT('',(1.,-7.73743824175643,-4.67812351366687));
#4664=CARTESIAN_POINT('',(20.99,-7.73743824175643,-4.67812351366687));
#4665=CARTESIAN_POINT('',(20.99,-7.73743824175643,-4.67812351366687));
#4666=CARTESIAN_POINT('',(1.,-7.73743824175643,-4.67812351366687));
#4667=CARTESIAN_POINT('',(1.,-8.61291093057504,-5.74828640702336));
#4668=CARTESIAN_POINT('',(20.99,-8.61291093057504,-5.74828640702336));
#4669=CARTESIAN_POINT('',(20.99,-8.22591187644193,-6.06488036164043));
#4670=CARTESIAN_POINT('',(1.,-8.22591187644193,-6.06488036164043));
#4671=CARTESIAN_POINT('',(1.,-8.67393796920669,-5.84290599329593));
#4672=CARTESIAN_POINT('',(1.00000000000015,-8.67393796920671,-5.84290599329591));
#4673=CARTESIAN_POINT('',(1.00000000000015,-8.75499483230994,-6.00650861975569));
#4674=CARTESIAN_POINT('',(0.965158486620491,-8.73799991546094,-6.21288147846692));
#4675=CARTESIAN_POINT('',(0.96515849038602,-8.62835372567035,-6.361596653727));
#4676=CARTESIAN_POINT('',(0.965158490386284,-8.62835372567034,-6.36159665372701));
#4677=CARTESIAN_POINT('',(20.99,-8.62835372567034,-6.36159665372701));
#4678=CARTESIAN_POINT('',(20.99,-7.74325874199484,-6.67010824908566));
#4679=CARTESIAN_POINT('',(20.99,-8.12208744757189,-6.99643448436382));
#4680=CARTESIAN_POINT('',(0.965158490386021,-8.12208744757189,-6.99643448436382));
#4681=CARTESIAN_POINT('',(0.965158490386019,-8.12208744757189,-6.99643448436382));
#4682=CARTESIAN_POINT('',(0.965158490386019,-8.00151488624244,-7.13640590681965));
#4683=CARTESIAN_POINT('',(1.00000000000016,-7.80405373618767,-7.19890801170685));
#4684=CARTESIAN_POINT('',(1.00000000000016,-7.62654491910566,-7.15629533606619));
#4685=CARTESIAN_POINT('',(1.,-7.62654491910567,-7.15629533606617));
#4686=CARTESIAN_POINT('',(1.,-7.74325874199484,-6.67010824908566));
#4687=CARTESIAN_POINT('',(1.,-7.52071784977655,-7.1178532114143));
#4688=CARTESIAN_POINT('',(20.99,-7.52071784977655,-7.1178532114143));
#4689=CARTESIAN_POINT('',(20.99,-7.52071784977655,-7.1178532114143));
#4690=CARTESIAN_POINT('',(1.,-7.52071784977655,-7.1178532114143));
#4691=CARTESIAN_POINT('',(1.,-6.28257517409288,-6.50246409724724));
#4692=CARTESIAN_POINT('',(20.99,-6.28257517409288,-6.50246409724724));
#4693=CARTESIAN_POINT('',(20.99,-6.10454246031825,-6.86066006711018));
#4694=CARTESIAN_POINT('',(1.,-6.10454246031825,-6.86066006711018));
#4695=CARTESIAN_POINT('',(1.,-5.85514653957475,-6.54792747412296));
#4696=CARTESIAN_POINT('',(20.99,-5.85514653957475,-6.54792747412296));
#4697=CARTESIAN_POINT('',(20.99,-5.85514653957475,-6.54792747412296));
#4698=CARTESIAN_POINT('',(1.,-5.85514653957475,-6.54792747412296));
#4699=CARTESIAN_POINT('',(1.,-5.08086458502744,-7.16539672836629));
#4700=CARTESIAN_POINT('',(20.99,-5.08086458502744,-7.16539672836629));
#4701=CARTESIAN_POINT('',(20.99,-5.33026050577093,-7.4781293213535));
#4702=CARTESIAN_POINT('',(1.,-5.33026050577093,-7.4781293213535));
#4703=CARTESIAN_POINT('',(1.,-4.94142925097662,-7.57199228154059));
#4704=CARTESIAN_POINT('',(20.99,-4.94142925097662,-7.57199228154059));
#4705=CARTESIAN_POINT('',(20.99,-4.94142925097662,-7.57199228154059));
#4706=CARTESIAN_POINT('',(1.,-4.94142925097662,-7.57199228154059));
#4707=CARTESIAN_POINT('',(1.,-5.26587661066664,-8.91602909575908));
#4708=CARTESIAN_POINT('',(20.99,-5.26587661066664,-8.91602909575908));
#4709=CARTESIAN_POINT('',(20.99,-4.77983754217375,-9.03335779599294));
#4710=CARTESIAN_POINT('',(1.,-4.77983754217375,-9.03335779599294));
#4711=CARTESIAN_POINT('',(1.,-5.27980617268833,-9.02775703699325));
#4712=CARTESIAN_POINT('',(1.00000000000015,-5.27980617268836,-9.02775703699324));
#4713=CARTESIAN_POINT('',(1.00000000000015,-5.28185133843697,-9.2103249208404));
#4714=CARTESIAN_POINT('',(0.965158486620473,-5.17699839208631,-9.38888847248445));
#4715=CARTESIAN_POINT('',(0.96515849038602,-5.01368474520201,-9.475302912083));
#4716=CARTESIAN_POINT('',(0.96515849038593,-5.01368474520201,-9.475302912083));
#4717=CARTESIAN_POINT('',(20.99,-5.01368474520201,-9.475302912083));
#4718=CARTESIAN_POINT('',(20.99,-4.08238355521845,-9.36923393389673));
#4719=CARTESIAN_POINT('',(20.99,-4.2821087780765,-9.82761132792299));
#4720=CARTESIAN_POINT('',(0.965158490386021,-4.2821087780765,-9.82761132792299));
#4721=CARTESIAN_POINT('',(0.965158490386019,-4.2821087780765,-9.82761132792299));
#4722=CARTESIAN_POINT('',(0.965158490386019,-4.1127427363655,-9.90140787824627));
#4723=CARTESIAN_POINT('',(1.00000000000016,-3.90772153369801,-9.87204499563532));
#4724=CARTESIAN_POINT('',(1.00000000000016,-3.76627936313164,-9.75663313336049));
#4725=CARTESIAN_POINT('',(1.,-3.76627936313166,-9.75663313336048));
#4726=CARTESIAN_POINT('',(1.,-4.08238355521845,-9.36923393389673));
#4727=CARTESIAN_POINT('',(1.,-3.68761188106833,-9.67608133129275));
#4728=CARTESIAN_POINT('',(20.99,-3.68761188106833,-9.67608133129275));
#4729=CARTESIAN_POINT('',(20.99,-3.68761188106833,-9.67608133129275));
#4730=CARTESIAN_POINT('',(1.,-3.68761188106833,-9.67608133129275));
#4731=CARTESIAN_POINT('',(1.,-2.839091206123,-8.58442492409554));
#4732=CARTESIAN_POINT('',(20.99,-2.839091206123,-8.58442492409554));
#4733=CARTESIAN_POINT('',(20.99,-2.52327386680291,-8.82990284201236));
#4734=CARTESIAN_POINT('',(1.,-2.52327386680291,-8.82990284201236));
#4735=CARTESIAN_POINT('',(1.,-2.43426549322037,-8.43993167713963));
#4736=CARTESIAN_POINT('',(20.99,-2.43426549322037,-8.43993167713963));
#4737=CARTESIAN_POINT('',(20.99,-2.43426549322037,-8.43993167713963));
#4738=CARTESIAN_POINT('',(1.,-2.43426549322037,-8.43993167713963));
#4739=CARTESIAN_POINT('',(1.,-1.46875168837338,-8.66030390252956));
#4740=CARTESIAN_POINT('',(20.99,-1.46875168837338,-8.66030390252956));
#4741=CARTESIAN_POINT('',(20.99,-1.55776006195591,-9.0502750674023));
#4742=CARTESIAN_POINT('',(1.,-1.55776006195591,-9.0502750674023));
#4743=CARTESIAN_POINT('',(1.,-1.16670959438819,-8.96613511366409));
#4744=CARTESIAN_POINT('',(20.99,-1.16670959438819,-8.96613511366409));
#4745=CARTESIAN_POINT('',(20.99,-1.16670959438819,-8.96613511366409));
#4746=CARTESIAN_POINT('',(1.,-1.16670959438819,-8.96613511366409));
#4747=CARTESIAN_POINT('',(1.,-0.875870846277255,-10.3178428741588));
#4748=CARTESIAN_POINT('',(20.99,-0.875870846277255,-10.3178428741588));
#4749=CARTESIAN_POINT('',(20.99,-0.387057761817605,-10.2126679319861));
#4750=CARTESIAN_POINT('',(1.,-0.387057761817605,-10.2126679319861));
#4751=CARTESIAN_POINT('',(1.,-0.839944011095731,-10.4245500813399));
#4752=CARTESIAN_POINT('',(1.00000000000015,-0.839944011095756,-10.4245500813399));
#4753=CARTESIAN_POINT('',(1.00000000000015,-0.762573543794431,-10.5899251299122));
#4754=CARTESIAN_POINT('',(0.965158484561098,-0.59062984152448,-10.7053115888923));
#4755=CARTESIAN_POINT('',(0.96515849038602,-0.40599399059281,-10.7123092225534));
#4756=CARTESIAN_POINT('',(0.965158490385556,-0.40599399059283,-10.7123092225534));
#4757=CARTESIAN_POINT('',(20.99,-0.40599399059283,-10.7123092225534));
#4758=CARTESIAN_POINT('',(20.99,0.387057761817607,-10.2126679319861));
#4759=CARTESIAN_POINT('',(20.99,0.405994051534699,-10.7123092202437));
#4760=CARTESIAN_POINT('',(0.965158490386021,0.405994051534699,-10.7123092202437));
#4761=CARTESIAN_POINT('',(0.96515849038602,0.405994051534699,-10.7123092202437));
#4762=CARTESIAN_POINT('',(0.965158490386019,0.590607768764538,-10.7053124028922));
#4763=CARTESIAN_POINT('',(1.00000000000016,0.762583597376566,-10.5899036409424));
#4764=CARTESIAN_POINT('',(1.00000000000016,0.839944011095756,-10.4245500813399));
#4765=CARTESIAN_POINT('',(1.,0.839944011095733,-10.4245500813399));
#4766=CARTESIAN_POINT('',(1.,0.387057761817607,-10.2126679319861));
#4767=CARTESIAN_POINT('',(1.,0.875870846277253,-10.3178428741588));
#4768=CARTESIAN_POINT('',(20.99,0.875870846277253,-10.3178428741588));
#4769=CARTESIAN_POINT('',(20.99,0.875870846277253,-10.3178428741588));
#4770=CARTESIAN_POINT('',(1.,0.875870846277253,-10.3178428741588));
#4771=CARTESIAN_POINT('',(1.,1.16670959438818,-8.96613511366409));
#4772=CARTESIAN_POINT('',(20.99,1.16670959438818,-8.96613511366409));
#4773=CARTESIAN_POINT('',(20.99,1.5577600619559,-9.05027506740229));
#4774=CARTESIAN_POINT('',(1.,1.5577600619559,-9.05027506740229));
#4775=CARTESIAN_POINT('',(1.,1.46875168837338,-8.66030390252956));
#4776=CARTESIAN_POINT('',(20.99,1.46875168837338,-8.66030390252956));
#4777=CARTESIAN_POINT('',(20.99,1.46875168837338,-8.66030390252956));
#4778=CARTESIAN_POINT('',(1.,1.46875168837338,-8.66030390252956));
#4779=CARTESIAN_POINT('',(1.,2.43426549322037,-8.43993167713963));
#4780=CARTESIAN_POINT('',(20.99,2.43426549322037,-8.43993167713963));
#4781=CARTESIAN_POINT('',(20.99,2.52327386680291,-8.82990284201235));
#4782=CARTESIAN_POINT('',(1.,2.52327386680291,-8.82990284201235));
#4783=CARTESIAN_POINT('',(1.,2.83909120612299,-8.58442492409554));
#4784=CARTESIAN_POINT('',(20.99,2.83909120612299,-8.58442492409554));
#4785=CARTESIAN_POINT('',(20.99,2.83909120612299,-8.58442492409554));
#4786=CARTESIAN_POINT('',(1.,2.83909120612299,-8.58442492409554));
#4787=CARTESIAN_POINT('',(1.,3.68761188106833,-9.67608133129276));
#4788=CARTESIAN_POINT('',(20.99,3.68761188106833,-9.67608133129276));
#4789=CARTESIAN_POINT('',(20.99,4.08238355521845,-9.36923393389674));
#4790=CARTESIAN_POINT('',(1.,4.08238355521845,-9.36923393389674));
#4791=CARTESIAN_POINT('',(1.,3.76627936313165,-9.75663313336048));
#4792=CARTESIAN_POINT('',(1.00000000000015,3.76627936313163,-9.7566331333605));
#4793=CARTESIAN_POINT('',(1.00000000000015,3.90774287446534,-9.87206240895478));
#4794=CARTESIAN_POINT('',(0.965158484561119,4.11272210014563,-9.90141689448889));
#4795=CARTESIAN_POINT('',(0.965158490386019,4.28210883398537,-9.82761130356225));
#4796=CARTESIAN_POINT('',(0.965158490385906,4.28210883398536,-9.82761130356225));
#4797=CARTESIAN_POINT('',(20.99,4.28210883398536,-9.82761130356225));
#4798=CARTESIAN_POINT('',(20.99,4.77983754217374,-9.03335779599294));
#4799=CARTESIAN_POINT('',(20.99,5.01368478004917,-9.47530289364426));
#4800=CARTESIAN_POINT('',(0.965158490386021,5.01368478004917,-9.47530289364426));
#4801=CARTESIAN_POINT('',(0.96515849038602,5.01368478004917,-9.47530289364426));
#4802=CARTESIAN_POINT('',(0.96515849038602,5.17697877270458,-9.38889883724211));
#4803=CARTESIAN_POINT('',(1.00000000000016,5.2818510552056,-9.21029963733827));
#4804=CARTESIAN_POINT('',(1.00000000000016,5.27980617268835,-9.02775703699325));
#4805=CARTESIAN_POINT('',(1.,5.27980617268832,-9.02775703699325));
#4806=CARTESIAN_POINT('',(1.,4.77983754217374,-9.03335779599294));
#4807=CARTESIAN_POINT('',(1.,5.26587661066663,-8.91602909575909));
#4808=CARTESIAN_POINT('',(20.99,5.26587661066663,-8.91602909575909));
#4809=CARTESIAN_POINT('',(20.99,5.26587661066663,-8.91602909575909));
#4810=CARTESIAN_POINT('',(1.,5.26587661066663,-8.91602909575909));
#4811=CARTESIAN_POINT('',(1.,4.94142925097662,-7.57199228154059));
#4812=CARTESIAN_POINT('',(20.99,4.94142925097662,-7.57199228154059));
#4813=CARTESIAN_POINT('',(20.99,5.33026050577093,-7.47812932135351));
#4814=CARTESIAN_POINT('',(1.,5.33026050577093,-7.47812932135351));
#4815=CARTESIAN_POINT('',(1.,5.08086458502744,-7.16539672836629));
#4816=CARTESIAN_POINT('',(20.99,5.08086458502744,-7.16539672836629));
#4817=CARTESIAN_POINT('',(20.99,5.08086458502744,-7.16539672836629));
#4818=CARTESIAN_POINT('',(1.,5.08086458502744,-7.16539672836629));
#4819=CARTESIAN_POINT('',(1.,5.85514653957475,-6.54792747412296));
#4820=CARTESIAN_POINT('',(20.99,5.85514653957475,-6.54792747412296));
#4821=CARTESIAN_POINT('',(20.99,6.10454246031824,-6.86066006711017));
#4822=CARTESIAN_POINT('',(1.,6.10454246031824,-6.86066006711017));
#4823=CARTESIAN_POINT('',(1.,6.28257517409288,-6.50246409724725));
#4824=CARTESIAN_POINT('',(20.99,6.28257517409288,-6.50246409724725));
#4825=CARTESIAN_POINT('',(20.99,6.28257517409288,-6.50246409724725));
#4826=CARTESIAN_POINT('',(1.,6.28257517409288,-6.50246409724725));
#4827=CARTESIAN_POINT('',(1.,7.52071784977655,-7.11785321141431));
#4828=CARTESIAN_POINT('',(20.99,7.52071784977655,-7.11785321141431));
#4829=CARTESIAN_POINT('',(20.99,7.74325874199484,-6.67010824908565));
#4830=CARTESIAN_POINT('',(1.,7.74325874199484,-6.67010824908565));
#4831=CARTESIAN_POINT('',(1.,7.62654491910568,-7.15629533606616));
#4832=CARTESIAN_POINT('',(1.00000000000015,7.62654491910566,-7.15629533606619));
#4833=CARTESIAN_POINT('',(1.00000000000015,7.80408141342519,-7.1989146558903));
#4834=CARTESIAN_POINT('',(0.965158484561214,8.00150026917533,-7.13642291014948));
#4835=CARTESIAN_POINT('',(0.96515849038602,8.1220874873743,-6.99643443815762));
#4836=CARTESIAN_POINT('',(0.965158490386444,8.12208748737431,-6.9964344381576));
#4837=CARTESIAN_POINT('',(20.99,8.12208748737431,-6.9964344381576));
#4838=CARTESIAN_POINT('',(20.99,8.22591187644192,-6.06488036164043));
#4839=CARTESIAN_POINT('',(20.99,8.62835374906628,-6.36159662199466));
#4840=CARTESIAN_POINT('',(0.965158490386021,8.62835374906628,-6.36159662199466));
#4841=CARTESIAN_POINT('',(0.96515849038602,8.62835374906628,-6.36159662199466));
#4842=CARTESIAN_POINT('',(0.965158490386019,8.73798645430707,-6.21289971153445));
#4843=CARTESIAN_POINT('',(1.00000000000016,8.75498170115708,-6.00648211624922));
#4844=CARTESIAN_POINT('',(1.00000000000016,8.67393796920671,-5.84290599329591));
#4845=CARTESIAN_POINT('',(1.,8.67393796920669,-5.84290599329593));
#4846=CARTESIAN_POINT('',(1.,8.22591187644192,-6.06488036164043));
#4847=CARTESIAN_POINT('',(1.,8.61291093057504,-5.74828640702336));
#4848=CARTESIAN_POINT('',(20.99,8.61291093057504,-5.74828640702336));
#4849=CARTESIAN_POINT('',(20.99,8.61291093057504,-5.74828640702336));
#4850=CARTESIAN_POINT('',(1.,8.61291093057504,-5.74828640702336));
#4851=CARTESIAN_POINT('',(1.,7.73743824175643,-4.67812351366687));
#4852=CARTESIAN_POINT('',(20.99,7.73743824175643,-4.67812351366687));
#4853=CARTESIAN_POINT('',(20.99,8.04703748506291,-4.42484834997322));
#4854=CARTESIAN_POINT('',(1.,8.04703748506291,-4.42484834997322));
#4855=CARTESIAN_POINT('',(1.,7.68664993790195,-4.25129485432619));
#4856=CARTESIAN_POINT('',(20.99,7.68664993790195,-4.25129485432619));
#4857=CARTESIAN_POINT('',(20.99,7.68664993790195,-4.25129485432619));
#4858=CARTESIAN_POINT('',(1.,7.68664993790195,-4.25129485432619));
#4859=CARTESIAN_POINT('',(1.,8.11634400510649,-3.35902592979578));
#4860=CARTESIAN_POINT('',(20.99,8.11634400510649,-3.35902592979578));
#4861=CARTESIAN_POINT('',(20.99,8.47673155226746,-3.53257942544281));
#4862=CARTESIAN_POINT('',(1.,8.47673155226746,-3.53257942544281));
#4863=CARTESIAN_POINT('',(1.,8.48171807810562,-3.13261050845042));
#4864=CARTESIAN_POINT('',(20.99,8.48171807810562,-3.13261050845042));
#4865=CARTESIAN_POINT('',(20.99,8.48171807810562,-3.13261050845042));
#4866=CARTESIAN_POINT('',(1.,8.48171807810562,-3.13261050845042));
#4867=CARTESIAN_POINT('',(1.,9.86425341278505,-3.14984696827434));
#4868=CARTESIAN_POINT('',(20.99,9.86425341278505,-3.14984696827434));
#4869=CARTESIAN_POINT('',(20.99,9.87048657008276,-2.64988582203385));
#4870=CARTESIAN_POINT('',(1.,9.87048657008276,-2.64988582203385));
#4871=CARTESIAN_POINT('',(1.,9.97627972041552,-3.13856548126131));
#4872=CARTESIAN_POINT('',(1.00000000000015,9.97627972041552,-3.13856548126134));
#4873=CARTESIAN_POINT('',(1.00000000000015,10.1547249189946,-3.09993428521508));
#4874=CARTESIAN_POINT('',(0.965158486620453,10.3054796762909,-2.95797703456803));
#4875=CARTESIAN_POINT('',(0.965158490386019,10.3533870974323,-2.77952794746198));
#4876=CARTESIAN_POINT('',(0.965158490386531,10.3533870974323,-2.77952794746196));
#4877=CARTESIAN_POINT('',(20.99,10.3533870974323,-2.77952794746196));
#4878=CARTESIAN_POINT('',(20.99,10.0427434793921,-1.89517899078864));
#4879=CARTESIAN_POINT('',(20.99,10.5340714382665,-1.9878981194965));
#4880=CARTESIAN_POINT('',(0.965158490386017,10.5340714382665,-1.9878981194965));
#4881=CARTESIAN_POINT('',(0.965158490386019,10.5340714382665,-1.9878981194965));
#4882=CARTESIAN_POINT('',(0.965158490386019,10.5683304264826,-1.8063563061954));
#4883=CARTESIAN_POINT('',(1.00000000000016,10.4940830928874,-1.61301092722263));
#4884=CARTESIAN_POINT('',(1.00000000000016,10.3500899720556,-1.50079575908691));
#4885=CARTESIAN_POINT('',(1.,10.3500899720556,-1.50079575908694));
#4886=CARTESIAN_POINT('',(1.,10.0427434793921,-1.89517899078864));
#4887=CARTESIAN_POINT('',(1.,10.2540526102625,-1.44202509727031));
#4888=CARTESIAN_POINT('',(20.99,10.2540526102625,-1.44202509727031));
#4889=CARTESIAN_POINT('',(20.99,10.2540526102625,-1.44202509727031));
#4890=CARTESIAN_POINT('',(1.,10.2540526102625,-1.44202509727031));
#4891=CARTESIAN_POINT('',(1.,9.00095269530372,-0.857695010491663));
#4892=CARTESIAN_POINT('',(20.99,9.00095269530372,-0.857695010491663));
#4893=CARTESIAN_POINT('',(20.99,9.17,-0.495171895677004));
#4894=CARTESIAN_POINT('',(1.,9.17,-0.495171895677004));
#4895=CARTESIAN_POINT('',(1.,8.77,-0.495171895677003));
#4896=CARTESIAN_POINT('',(20.99,8.77,-0.495171895677003));
#4897=CARTESIAN_POINT('',(20.99,8.77,-0.495171895677003));
#4898=CARTESIAN_POINT('',(1.,8.77,-0.495171895677003));
#4899=CARTESIAN_POINT('',(1.,8.77,0.495171895677003));
#4900=CARTESIAN_POINT('',(20.99,8.77,0.495171895677003));
#4901=CARTESIAN_POINT('',(20.99,9.17,0.495171895677004));
#4902=CARTESIAN_POINT('',(1.,9.17,0.495171895677004));
#4903=CARTESIAN_POINT('',(1.,9.00095269530372,0.857695010491663));
#4904=CARTESIAN_POINT('',(20.99,9.00095269530372,0.857695010491663));
#4905=CARTESIAN_POINT('',(20.99,9.00095269530372,0.857695010491663));
#4906=CARTESIAN_POINT('',(1.,9.00095269530372,0.857695010491663));
#4907=CARTESIAN_POINT('',(1.,10.2540526102625,1.44202509727031));
#4908=CARTESIAN_POINT('',(20.99,10.2540526102625,1.44202509727031));
#4909=CARTESIAN_POINT('',(20.99,10.0427434793921,1.89517899078864));
#4910=CARTESIAN_POINT('',(1.,10.0427434793921,1.89517899078864));
#4911=CARTESIAN_POINT('',(1.,10.3500899720556,1.50079575908694));
#4912=CARTESIAN_POINT('',(1.00000000000015,10.3500899720556,1.50079575908692));
#4913=CARTESIAN_POINT('',(1.00000000000015,10.4941026681335,1.61302618239263));
#4914=CARTESIAN_POINT('',(0.965158490386021,10.5683345548619,1.80633442949976));
#4915=CARTESIAN_POINT('',(0.965158490386019,10.5340714382665,1.98789811949648));
#4916=CARTESIAN_POINT('',(0.965158490386416,10.5340714382665,1.9878981194965));
#4917=CARTESIAN_POINT('',(20.99,10.5340714382665,1.9878981194965));
#4918=CARTESIAN_POINT('',(20.99,9.87048657008276,2.64988582203385));
#4919=CARTESIAN_POINT('',(20.99,10.3533870872101,2.77952798553844));
#4920=CARTESIAN_POINT('',(0.965158490386021,10.3533870872101,2.77952798553844));
#4921=CARTESIAN_POINT('',(0.965158490386019,10.3533870872101,2.77952798553844));
#4922=CARTESIAN_POINT('',(0.965158490386019,10.3054853890942,2.9579556989158));
#4923=CARTESIAN_POINT('',(1.00000000000016,10.1547016037336,3.09993933268301));
#4924=CARTESIAN_POINT('',(1.00000000000016,9.97627972041552,3.13856548126134));
#4925=CARTESIAN_POINT('',(1.,9.97627972041552,3.13856548126131));
#4926=CARTESIAN_POINT('',(1.,9.87048657008276,2.64988582203385));
#4927=CARTESIAN_POINT('',(1.,9.86425341278505,3.14984696827434));
#4928=CARTESIAN_POINT('',(20.99,9.86425341278505,3.14984696827434));
#4929=CARTESIAN_POINT('',(20.99,9.86425341278505,3.14984696827434));
#4930=CARTESIAN_POINT('',(1.,9.86425341278505,3.14984696827434));
#4931=CARTESIAN_POINT('',(1.,8.48171807810562,3.13261050845041));
#4932=CARTESIAN_POINT('',(20.99,8.48171807810562,3.13261050845041));
#4933=CARTESIAN_POINT('',(20.99,8.47673155226745,3.5325794254428));
#4934=CARTESIAN_POINT('',(1.,8.47673155226745,3.5325794254428));
#4935=CARTESIAN_POINT('',(1.,8.11634400510648,3.35902592979578));
#4936=CARTESIAN_POINT('',(20.99,8.11634400510648,3.35902592979578));
#4937=CARTESIAN_POINT('',(20.99,8.11634400510648,3.35902592979578));
#4938=CARTESIAN_POINT('',(1.,8.11634400510648,3.35902592979578));
#4939=CARTESIAN_POINT('',(1.,7.68664993790195,4.25129485432619));
#4940=CARTESIAN_POINT('',(20.99,7.68664993790195,4.25129485432619));
#4941=CARTESIAN_POINT('',(20.99,8.04703748506291,4.42484834997321));
#4942=CARTESIAN_POINT('',(1.,8.04703748506291,4.42484834997321));
#4943=CARTESIAN_POINT('',(1.,7.73743824175643,4.67812351366687));
#4944=CARTESIAN_POINT('',(20.99,7.73743824175643,4.67812351366687));
#4945=CARTESIAN_POINT('',(20.99,7.73743824175643,4.67812351366687));
#4946=CARTESIAN_POINT('',(1.,7.73743824175643,4.67812351366687));
#4947=CARTESIAN_POINT('',(1.,8.61291093057504,5.74828640702336));
#4948=CARTESIAN_POINT('',(20.99,8.61291093057504,5.74828640702336));
#4949=CARTESIAN_POINT('',(20.99,8.22591187644192,6.06488036164043));
#4950=CARTESIAN_POINT('',(1.,8.22591187644192,6.06488036164043));
#4951=CARTESIAN_POINT('',(1.,8.67393796920669,5.84290599329593));
#4952=CARTESIAN_POINT('',(1.00000000000015,8.67393796920671,5.84290599329592));
#4953=CARTESIAN_POINT('',(1.00000000000015,8.7549948263512,6.00650860772876));
#4954=CARTESIAN_POINT('',(0.96515849038602,8.73799991905626,6.21288144904061));
#4955=CARTESIAN_POINT('',(0.96515849038602,8.62835374906628,6.36159662199466));
#4956=CARTESIAN_POINT('',(0.965158490385927,8.62835374906629,6.36159662199466));
#4957=CARTESIAN_POINT('',(20.99,8.62835374906629,6.36159662199466));
#4958=CARTESIAN_POINT('',(20.99,7.74325874199484,6.67010824908566));
#4959=CARTESIAN_POINT('',(20.99,8.12208744757188,6.99643448436382));
#4960=CARTESIAN_POINT('',(0.965158490386021,8.12208744757188,6.99643448436382));
#4961=CARTESIAN_POINT('',(0.965158490386019,8.12208744757188,6.99643448436382));
#4962=CARTESIAN_POINT('',(0.96515849038602,8.00151488624244,7.13640590681966));
#4963=CARTESIAN_POINT('',(1.00000000000016,7.80405373618767,7.19890801170685));
#4964=CARTESIAN_POINT('',(1.00000000000016,7.62654491910566,7.15629533606619));
#4965=CARTESIAN_POINT('',(1.,7.62654491910567,7.15629533606617));
#4966=CARTESIAN_POINT('',(1.,7.74325874199484,6.67010824908566));
#4967=CARTESIAN_POINT('',(1.,7.52071784977655,7.11785321141431));
#4968=CARTESIAN_POINT('',(20.99,7.52071784977655,7.11785321141431));
#4969=CARTESIAN_POINT('',(20.99,7.52071784977655,7.11785321141431));
#4970=CARTESIAN_POINT('',(1.,7.52071784977655,7.11785321141431));
#4971=CARTESIAN_POINT('',(1.,6.28257517409288,6.50246409724725));
#4972=CARTESIAN_POINT('',(20.99,6.28257517409288,6.50246409724725));
#4973=CARTESIAN_POINT('',(20.99,6.10454246031824,6.86066006711016));
#4974=CARTESIAN_POINT('',(1.,6.10454246031824,6.86066006711016));
#4975=CARTESIAN_POINT('',(1.,5.85514653957475,6.54792747412295));
#4976=CARTESIAN_POINT('',(20.99,5.85514653957475,6.54792747412295));
#4977=CARTESIAN_POINT('',(20.99,5.85514653957475,6.54792747412295));
#4978=CARTESIAN_POINT('',(1.,5.85514653957475,6.54792747412295));
#4979=CARTESIAN_POINT('',(1.,5.08086458502744,7.16539672836629));
#4980=CARTESIAN_POINT('',(20.99,5.08086458502744,7.16539672836629));
#4981=CARTESIAN_POINT('',(20.99,5.33026050577094,7.4781293213535));
#4982=CARTESIAN_POINT('',(1.,5.33026050577094,7.4781293213535));
#4983=CARTESIAN_POINT('',(1.,4.94142925097662,7.57199228154059));
#4984=CARTESIAN_POINT('',(20.99,4.94142925097662,7.57199228154059));
#4985=CARTESIAN_POINT('',(20.99,4.94142925097662,7.57199228154059));
#4986=CARTESIAN_POINT('',(1.,4.94142925097662,7.57199228154059));
#4987=CARTESIAN_POINT('',(1.,5.26587661066663,8.91602909575908));
#4988=CARTESIAN_POINT('',(20.99,5.26587661066663,8.91602909575908));
#4989=CARTESIAN_POINT('',(20.99,4.77983754217374,9.03335779599294));
#4990=CARTESIAN_POINT('',(1.,4.77983754217374,9.03335779599294));
#4991=CARTESIAN_POINT('',(1.,5.27980617268832,9.02775703699325));
#4992=CARTESIAN_POINT('',(1.00000000000015,5.27980617268835,9.02775703699325));
#4993=CARTESIAN_POINT('',(1.00000000000015,5.28185133828663,9.21032490741991));
#4994=CARTESIAN_POINT('',(0.965158490386018,5.1769984080919,9.38888844753282));
#4995=CARTESIAN_POINT('',(0.96515849038602,5.01368478004916,9.47530289364427));
#4996=CARTESIAN_POINT('',(0.965158490385511,5.01368478004918,9.47530289364426));
#4997=CARTESIAN_POINT('',(20.99,5.01368478004918,9.47530289364426));
#4998=CARTESIAN_POINT('',(20.99,4.08238355521845,9.36923393389673));
#4999=CARTESIAN_POINT('',(20.99,4.2821087780765,9.82761132792299));
#5000=CARTESIAN_POINT('',(0.965158490386021,4.2821087780765,9.82761132792299));
#5001=CARTESIAN_POINT('',(0.965158490386019,4.2821087780765,9.82761132792299));
#5002=CARTESIAN_POINT('',(0.965158490386019,4.1127427363655,9.90140787824627));
#5003=CARTESIAN_POINT('',(1.00000000000016,3.90772153369801,9.87204499563532));
#5004=CARTESIAN_POINT('',(1.00000000000016,3.76627936313163,9.7566331333605));
#5005=CARTESIAN_POINT('',(1.,3.76627936313166,9.75663313336048));
#5006=CARTESIAN_POINT('',(1.,4.08238355521845,9.36923393389673));
#5007=CARTESIAN_POINT('',(1.,3.68761188106833,9.67608133129275));
#5008=CARTESIAN_POINT('',(20.99,3.68761188106833,9.67608133129275));
#5009=CARTESIAN_POINT('',(20.99,3.68761188106833,9.67608133129275));
#5010=CARTESIAN_POINT('',(1.,3.68761188106833,9.67608133129275));
#5011=CARTESIAN_POINT('',(1.,2.839091206123,8.58442492409554));
#5012=CARTESIAN_POINT('',(20.99,2.839091206123,8.58442492409554));
#5013=CARTESIAN_POINT('',(20.99,2.5232738668029,8.82990284201236));
#5014=CARTESIAN_POINT('',(1.,2.5232738668029,8.82990284201236));
#5015=CARTESIAN_POINT('',(1.,2.43426549322037,8.43993167713963));
#5016=CARTESIAN_POINT('',(20.99,2.43426549322037,8.43993167713963));
#5017=CARTESIAN_POINT('',(20.99,2.43426549322037,8.43993167713963));
#5018=CARTESIAN_POINT('',(1.,2.43426549322037,8.43993167713963));
#5019=CARTESIAN_POINT('',(1.,1.46875168837338,8.66030390252956));
#5020=CARTESIAN_POINT('',(20.99,1.46875168837338,8.66030390252956));
#5021=CARTESIAN_POINT('',(20.99,1.55776006195591,9.05027506740229));
#5022=CARTESIAN_POINT('',(1.,1.55776006195591,9.05027506740229));
#5023=CARTESIAN_POINT('',(1.,1.16670959438819,8.96613511366409));
#5024=CARTESIAN_POINT('',(20.99,1.16670959438819,8.96613511366409));
#5025=CARTESIAN_POINT('',(20.99,1.16670959438819,8.96613511366409));
#5026=CARTESIAN_POINT('',(1.,1.16670959438819,8.96613511366409));
#5027=CARTESIAN_POINT('',(20.99,4.59430670590733E-14,-1.90819582357449E-14));
#5028=CARTESIAN_POINT('',(0.965158490386015,0.,0.));
#5029=CARTESIAN_POINT('',(20.99,-6.75674793892966E-13,1.35481903473789E-12));
#5030=CARTESIAN_POINT('',(0.965158490386429,0.,0.));
#5031=CARTESIAN_POINT('',(20.99,-1.62370117351429E-12,1.32532873564628E-12));
#5032=CARTESIAN_POINT('',(0.965158490386587,0.,0.));
#5033=CARTESIAN_POINT('',(20.99,-7.75421393761633E-13,1.71737624121704E-13));
#5034=CARTESIAN_POINT('',(0.965158490386234,0.,0.));
#5035=CARTESIAN_POINT('',(20.99,1.53696499971545E-12,3.57786716920216E-13));
#5036=CARTESIAN_POINT('',(0.965158490385592,0.,0.));
#5037=CARTESIAN_POINT('',(20.99,-7.32053306862213E-13,-6.40112962635442E-13));
#5038=CARTESIAN_POINT('',(0.965158490386283,0.,0.));
#5039=CARTESIAN_POINT('',(20.99,1.25767452008319E-13,3.05311331771918E-13));
#5040=CARTESIAN_POINT('',(0.96515849038593,0.,0.));
#5041=CARTESIAN_POINT('',(20.99,1.10588621593521E-14,1.71911096469302E-12));
#5042=CARTESIAN_POINT('',(0.965158490385554,0.,0.));
#5043=CARTESIAN_POINT('',(20.99,-1.63931368479808E-13,3.88578058618805E-13));
#5044=CARTESIAN_POINT('',(0.965158490385905,0.,0.));
#5045=CARTESIAN_POINT('',(20.99,1.20910226275583E-12,-9.87057657830803E-13));
#5046=CARTESIAN_POINT('',(0.965158490386442,0.,0.));
#5047=CARTESIAN_POINT('',(20.99,1.83533743758346E-12,-4.27609336828283E-13));
#5048=CARTESIAN_POINT('',(0.965158490386529,0.,0.));
#5049=CARTESIAN_POINT('',(20.99,1.42767742072891E-12,3.30031141304588E-13));
#5050=CARTESIAN_POINT('',(0.965158490386416,0.,0.));
#5051=CARTESIAN_POINT('',(20.99,-2.65412691824451E-13,-2.2291196666302E-13));
#5052=CARTESIAN_POINT('',(0.965158490385926,0.,0.));
#5053=CARTESIAN_POINT('',(20.99,-7.95370713735366E-13,-1.69655955950532E-12));
#5054=CARTESIAN_POINT('',(0.965158490385512,0.,0.));
#5055=CARTESIAN_POINT('',(27.,0.,0.));
#5056=CARTESIAN_POINT('',(0.,0.,0.));
#5057=CARTESIAN_POINT('',(0.,0.,-12.5));
#5058=CARTESIAN_POINT('',(-1.,0.,0.));
#5059=CARTESIAN_POINT('',(-1.,0.,-12.5));
#5060=CARTESIAN_POINT('',(0.,0.,0.));
#5061=CARTESIAN_POINT('',(0.,-7.95370713735366E-13,-1.69655955950532E-12));
#5062=CARTESIAN_POINT('',(0.,-7.95370713735366E-13,-10.7200000000036));
#5063=CARTESIAN_POINT('',(0.,0.,0.));
#5064=CARTESIAN_POINT('',(0.871837025185229,0.,0.));
#5065=CARTESIAN_POINT('',(0.871837025185229,0.,-10.9481300951703));
#5066=CARTESIAN_POINT('',(1.,10.4583340136056,0.));
#5067=CARTESIAN_POINT('',(0.999999999999997,0.,0.));
#5068=CARTESIAN_POINT('',(-1.62630325872826E-14,0.,0.));
#5069=CARTESIAN_POINT('',(0.999999999999997,0.,0.));
#5070=CARTESIAN_POINT('',(0.999999999999997,0.,0.));
#5071=CARTESIAN_POINT('',(0.999999999999997,0.,0.));
#5072=CARTESIAN_POINT('',(0.999999999999997,0.,0.));
#5073=CARTESIAN_POINT('',(0.999999999999997,0.,0.));
#5074=CARTESIAN_POINT('',(0.999999999999997,0.,0.));
#5075=CARTESIAN_POINT('',(0.999999999999997,0.,0.));
#5076=CARTESIAN_POINT('',(0.999999999999997,0.,0.));
#5077=CARTESIAN_POINT('',(0.999999999999997,0.,0.));
#5078=CARTESIAN_POINT('',(0.999999999999997,0.,0.));
#5079=CARTESIAN_POINT('',(0.999999999999997,0.,0.));
#5080=CARTESIAN_POINT('',(0.999999999999997,0.,0.));
#5081=CARTESIAN_POINT('',(0.999999999999997,0.,0.));
#5082=CARTESIAN_POINT('',(1.,10.4583340136056,0.));
#5083=CARTESIAN_POINT('',(1.,10.4583340136056,0.));
#5084=CARTESIAN_POINT('',(1.,10.4583340136056,0.));
#5085=CARTESIAN_POINT('',(1.,10.4583340136056,0.));
#5086=CARTESIAN_POINT('',(1.,10.4583340136056,0.));
#5087=CARTESIAN_POINT('',(1.,10.4583340136056,0.));
#5088=CARTESIAN_POINT('',(1.,10.4583340136056,0.));
#5089=CARTESIAN_POINT('',(1.,10.4583340136056,0.));
#5090=CARTESIAN_POINT('',(1.,10.4583340136056,0.));
#5091=CARTESIAN_POINT('',(1.,10.4583340136056,0.));
#5092=CARTESIAN_POINT('',(1.,10.4583340136056,0.));
#5093=CARTESIAN_POINT('',(1.,10.4583340136056,0.));
#5094=CARTESIAN_POINT('',(1.,10.4583340136056,0.));
#5095=CARTESIAN_POINT('',(0.,0.387057761817606,10.2126679319861));
#5096=MECHANICAL_DESIGN_GEOMETRIC_PRESENTATION_REPRESENTATION('',(#2855),
#5097);
#5097=(
GEOMETRIC_REPRESENTATION_CONTEXT(3)
GLOBAL_UNCERTAINTY_ASSIGNED_CONTEXT((#5098))
GLOBAL_UNIT_ASSIGNED_CONTEXT((#5101,#5100,#5099))
REPRESENTATION_CONTEXT('27 T5 / 14-2','TOP_LEVEL_ASSEMBLY_PART')
);
#5098=UNCERTAINTY_MEASURE_WITH_UNIT(LENGTH_MEASURE(0.005),#5101,
'DISTANCE_ACCURACY_VALUE','Maximum Tolerance applied to model');
#5099=(
NAMED_UNIT(*)
SI_UNIT($,.STERADIAN.)
SOLID_ANGLE_UNIT()
);
#5100=(
NAMED_UNIT(*)
PLANE_ANGLE_UNIT()
SI_UNIT($,.RADIAN.)
);
#5101=(
LENGTH_UNIT()
NAMED_UNIT(*)
SI_UNIT(.MILLI.,.METRE.)
);
#5102=PRODUCT_DEFINITION_SHAPE('','',#5103);
#5103=PRODUCT_DEFINITION('','',#5105,#5104);
#5104=PRODUCT_DEFINITION_CONTEXT('',#5111,'design');
#5105=PRODUCT_DEFINITION_FORMATION_WITH_SPECIFIED_SOURCE('','',#5107,
 .NOT_KNOWN.);
#5106=PRODUCT_RELATED_PRODUCT_CATEGORY('','',(#5107));
#5107=PRODUCT('27 T5 / 14-2','27 T5 / 14-2','27 T5 / 14-2',(#5109));
#5108=PRODUCT_CATEGORY('','');
#5109=PRODUCT_CONTEXT('',#5111,'mechanical');
#5110=APPLICATION_PROTOCOL_DEFINITION('international standard',
'automotive_design',2010,#5111);
#5111=APPLICATION_CONTEXT(
'core data for automotive mechanical design processes');
ENDSEC;
END-ISO-10303-21;
