ISO-10303-21;
HEADER;
FILE_DESCRIPTION (( 'STEP AP214' ),
    '1' );
FILE_NAME ('MountingPlate^Redesign belt drive.STEP',
    '2026-04-30T09:20:36',
    ( '' ),
    ( '' ),
    'SwSTEP 2.0',
    'SolidWorks 2025',
    '' );
FILE_SCHEMA (( 'AUTOMOTIVE_DESIGN' ));
ENDSEC;

DATA;
#1 = LINE ( 'NONE', #4960, #5140 ) ;
#2 = PLANE ( 'NONE',  #2130 ) ;
#3 = CIRCLE ( 'NONE', #5309, 4.150000000000001243 ) ;
#4 = DIRECTION ( 'NONE',  ( 0.000000000000000000, 0.000000000000000000, 1.000000000000000000 ) ) ;
#5 = ORIENTED_EDGE ( 'NONE', *, *, #3719, .T. ) ;
#6 = CARTESIAN_POINT ( 'NONE',  ( 26.00000000000000711, 112.4009999999999962, -1.035533905932737087 ) ) ;
#7 = EDGE_LOOP ( 'NONE', ( #1235, #1374, #4668, #5121, #2255 ) ) ;
#8 = EDGE_CURVE ( 'NONE', #3779, #3988, #4045, .T. ) ;
#9 = CARTESIAN_POINT ( 'NONE',  ( -25.99999999999999645, 68.65100000000001046, 7.999999999999994671 ) ) ;
#10 = FACE_OUTER_BOUND ( 'NONE', #4513, .T. ) ;
#11 = DIRECTION ( 'NONE',  ( 0.000000000000000000, 1.000000000000000000, 9.842402700577632017E-17 ) ) ;
#12 = CARTESIAN_POINT ( 'NONE',  ( 2.500000000000002220, 116.4009999999999962, 8.000000000000000000 ) ) ;
#13 = CARTESIAN_POINT ( 'NONE',  ( 34.00000000000000711, 86.31144443118978415, 0.000000000000000000 ) ) ;
#14 = VERTEX_POINT ( 'NONE', #4965 ) ;
#15 = DIRECTION ( 'NONE',  ( 1.000000000000000000, 1.224646799147349263E-16, -0.000000000000000000 ) ) ;
#16 = ORIENTED_EDGE ( 'NONE', *, *, #4789, .F. ) ;
#17 = CARTESIAN_POINT ( 'NONE',  ( 0.000000000000000000, 107.1510000000000105, 10.50000000000000178 ) ) ;
#18 = CARTESIAN_POINT ( 'NONE',  ( 2.500000000000000000, 58.15100000000000335, 8.000000000000000000 ) ) ;
#19 = EDGE_CURVE ( 'NONE', #849, #4604, #1936, .T. ) ;
#20 = DIRECTION ( 'NONE',  ( -1.000000000000000000, -0.000000000000000000, -0.000000000000000000 ) ) ;
#21 = ORIENTED_EDGE ( 'NONE', *, *, #2752, .F. ) ;
#22 = DIRECTION ( 'NONE',  ( -1.000000000000000000, 0.000000000000000000, 0.000000000000000000 ) ) ;
#23 = ORIENTED_EDGE ( 'NONE', *, *, #2241, .F. ) ;
#24 = VECTOR ( 'NONE', #1986, 1000.000000000000000 ) ;
#25 = EDGE_CURVE ( 'NONE', #4984, #623, #4108, .T. ) ;
#26 = CARTESIAN_POINT ( 'NONE',  ( -21.00000000000903455, 94.54604901128674044, 18.84117061191521714 ) ) ;
#27 = DIRECTION ( 'NONE',  ( 0.9396926207859082059, 0.3420201433256696011, 5.049449973480774709E-17 ) ) ;
#28 = CARTESIAN_POINT ( 'NONE',  ( 23.50000000000002132, 45.90100000000001046, 0.000000000000000000 ) ) ;
#29 = ORIENTED_EDGE ( 'NONE', *, *, #1598, .F. ) ;
#30 = CARTESIAN_POINT ( 'NONE',  ( -7.500000000000000000, 52.65099999999999625, 8.000000000000000000 ) ) ;
#31 = EDGE_LOOP ( 'NONE', ( #3656, #5210, #4241, #169 ) ) ;
#32 = ORIENTED_EDGE ( 'NONE', *, *, #911, .F. ) ;
#33 = DIRECTION ( 'NONE',  ( -0.000000000000000000, 0.000000000000000000, 1.000000000000000000 ) ) ;
#34 = AXIS2_PLACEMENT_3D ( 'NONE', #123, #4641, #2173 ) ;
#35 = DIRECTION ( 'NONE',  ( 0.000000000000000000, 0.000000000000000000, -1.000000000000000000 ) ) ;
#36 = CARTESIAN_POINT ( 'NONE',  ( 33.76989846125113104, 78.73475011096343223, -12.49855333395589518 ) ) ;
#37 = EDGE_CURVE ( 'NONE', #2719, #4848, #2876, .T. ) ;
#38 = AXIS2_PLACEMENT_3D ( 'NONE', #3760, #2537, #5372 ) ;
#39 = DIRECTION ( 'NONE',  ( 0.000000000000000000, 1.000000000000000000, 0.000000000000000000 ) ) ;
#40 = AXIS2_PLACEMENT_3D ( 'NONE', #3737, #4584, #2962 ) ;
#41 =( LENGTH_UNIT ( ) NAMED_UNIT ( * ) SI_UNIT ( .MILLI., .METRE. ) );
#42 = CARTESIAN_POINT ( 'NONE',  ( -17.49999999999999645, 85.90099999999999625, 10.50000000000000000 ) ) ;
#43 = CIRCLE ( 'NONE', #3089, 2.500000000000002220 ) ;
#44 = ORIENTED_EDGE ( 'NONE', *, *, #2809, .T. ) ;
#45 = VECTOR ( 'NONE', #3224, 1000.000000000000000 ) ;
#46 = CARTESIAN_POINT ( 'NONE',  ( 1.042677680900805271E-35, 60.22100000000001785, -30.00000000000000711 ) ) ;
#47 = CARTESIAN_POINT ( 'NONE',  ( 0.000000000000000000, 104.1510000000000105, 58.00000000000000000 ) ) ;
#48 = CARTESIAN_POINT ( 'NONE',  ( -23.49999999999999289, 66.60047293140333124, 23.98759243715211298 ) ) ;
#49 = ORIENTED_EDGE ( 'NONE', *, *, #1157, .T. ) ;
#50 = LINE ( 'NONE', #1312, #518 ) ;
#51 = ORIENTED_EDGE ( 'NONE', *, *, #92, .F. ) ;
#52 = VECTOR ( 'NONE', #801, 1000.000000000000000 ) ;
#53 = CIRCLE ( 'NONE', #494, 6.299999999999999822 ) ;
#54 = DIRECTION ( 'NONE',  ( -0.000000000000000000, -0.000000000000000000, 1.000000000000000000 ) ) ;
#55 = DIRECTION ( 'NONE',  ( -7.796510004390144799E-17, 1.000000000000000000, 0.000000000000000000 ) ) ;
#56 = CARTESIAN_POINT ( 'NONE',  ( 102.1299999999999955, 104.7810000000000059, -30.00000000000000000 ) ) ;
#57 = EDGE_CURVE ( 'NONE', #2406, #3561, #4407, .T. ) ;
#58 = DIRECTION ( 'NONE',  ( -1.000000000000000000, -0.000000000000000000, -0.000000000000000000 ) ) ;
#59 = EDGE_LOOP ( 'NONE', ( #44, #2245, #328, #5216 ) ) ;
#60 = ORIENTED_EDGE ( 'NONE', *, *, #4488, .T. ) ;
#61 = LINE ( 'NONE', #3351, #4380 ) ;
#62 = CARTESIAN_POINT ( 'NONE',  ( -19.99999999999999645, 81.15099999999999625, 38.00000000000000711 ) ) ;
#63 = VECTOR ( 'NONE', #1756, 1000.000000000000000 ) ;
#64 = EDGE_CURVE ( 'NONE', #3416, #5265, #4571, .T. ) ;
#65 = EDGE_CURVE ( 'NONE', #2465, #928, #5357, .T. ) ;
#66 = DIRECTION ( 'NONE',  ( 0.000000000000000000, 0.000000000000000000, 1.000000000000000000 ) ) ;
#67 = DIRECTION ( 'NONE',  ( -0.000000000000000000, -0.000000000000000000, 1.000000000000000000 ) ) ;
#68 = ADVANCED_FACE ( 'NONE', ( #2886 ), #289, .F. ) ;
#69 = DIRECTION ( 'NONE',  ( 0.000000000000000000, -0.000000000000000000, 1.000000000000000000 ) ) ;
#70 = EDGE_CURVE ( 'NONE', #897, #1691, #2665, .T. ) ;
#71 = VERTEX_POINT ( 'NONE', #5381 ) ;
#72 = EDGE_CURVE ( 'NONE', #3110, #567, #401, .T. ) ;
#73 = DIRECTION ( 'NONE',  ( 0.000000000000000000, 1.000000000000000000, 0.000000000000000000 ) ) ;
#74 = CYLINDRICAL_SURFACE ( 'NONE', #4730, 3.000000000000002665 ) ;
#75 = CARTESIAN_POINT ( 'NONE',  ( -23.50000000000000000, 67.85412379685450901, 18.26761234683538504 ) ) ;
#76 = EDGE_CURVE ( 'NONE', #3233, #947, #1857, .T. ) ;
#77 = DIRECTION ( 'NONE',  ( 1.000000000000000000, 0.000000000000000000, 0.000000000000000000 ) ) ;
#78 = VERTEX_POINT ( 'NONE', #4531 ) ;
#79 = VERTEX_POINT ( 'NONE', #811 ) ;
#80 = DIRECTION ( 'NONE',  ( -9.842402700577632017E-17, 1.000000000000000000, 0.000000000000000000 ) ) ;
#81 = CARTESIAN_POINT ( 'NONE',  ( -19.99999999999999645, 76.40099999999999625, 10.50000000000000178 ) ) ;
#82 = LINE ( 'NONE', #105, #5261 ) ;
#83 = ORIENTED_EDGE ( 'NONE', *, *, #1247, .T. ) ;
#84 = CARTESIAN_POINT ( 'NONE',  ( 1.042677680900952005E-35, 61.65099999999999625, -30.00000000000000711 ) ) ;
#85 = VERTEX_POINT ( 'NONE', #762 ) ;
#86 = EDGE_LOOP ( 'NONE', ( #5156, #2783, #1939, #650 ) ) ;
#87 = CARTESIAN_POINT ( 'NONE',  ( -20.99999999999999289, 55.48183675370744083, 35.49999999798327366 ) ) ;
#88 = CARTESIAN_POINT ( 'NONE',  ( 48.00000000000000711, 52.40099999999998204, -13.52538256101397351 ) ) ;
#89 = DIRECTION ( 'NONE',  ( 1.000000000000000000, 0.000000000000000000, 0.000000000000000000 ) ) ;
#90 = VECTOR ( 'NONE', #4121, 1000.000000000000000 ) ;
#91 = FACE_BOUND ( 'NONE', #2673, .T. ) ;
#92 = EDGE_CURVE ( 'NONE', #3003, #3708, #1551, .T. ) ;
#93 = ADVANCED_FACE ( 'NONE', ( #4506 ), #4195, .F. ) ;
#94 = CARTESIAN_POINT ( 'NONE',  ( -28.49999999999999289, 76.15100000000001046, 8.000000000000000000 ) ) ;
#95 = LINE ( 'NONE', #4174, #117 ) ;
#96 = ORIENTED_EDGE ( 'NONE', *, *, #422, .F. ) ;
#97 = DIRECTION ( 'NONE',  ( -9.842402700577632017E-17, 1.000000000000000000, 1.476360405086644309E-16 ) ) ;
#98 = CARTESIAN_POINT ( 'NONE',  ( -1.177927832712498409E-14, 109.9009999999999962, -2.500000000000000000 ) ) ;
#99 = CARTESIAN_POINT ( 'NONE',  ( -23.49999999999999645, 56.99904332247878358, 37.72788120213483865 ) ) ;
#100 = PLANE ( 'NONE',  #5034 ) ;
#101 = ORIENTED_EDGE ( 'NONE', *, *, #4309, .T. ) ;
#102 = EDGE_CURVE ( 'NONE', #2575, #1401, #1631, .T. ) ;
#103 = CARTESIAN_POINT ( 'NONE',  ( -23.49999999999999289, 66.15099999999999625, 7.999999999999994671 ) ) ;
#104 = DIRECTION ( 'NONE',  ( 3.936961080231052807E-16, -1.000000000000000000, 0.000000000000000000 ) ) ;
#105 = CARTESIAN_POINT ( 'NONE',  ( -25.99999999999999645, 81.15099999999999625, 40.89999999999999858 ) ) ;
#106 = EDGE_LOOP ( 'NONE', ( #4606, #4853, #3223, #4847 ) ) ;
#107 = ORIENTED_EDGE ( 'NONE', *, *, #3859, .T. ) ;
#108 = VECTOR ( 'NONE', #4994, 1000.000000000000000 ) ;
#109 = FACE_OUTER_BOUND ( 'NONE', #2482, .T. ) ;
#110 = VERTEX_POINT ( 'NONE', #4839 ) ;
#111 = VERTEX_POINT ( 'NONE', #347 ) ;
#112 = CARTESIAN_POINT ( 'NONE',  ( -23.49999999999999289, 62.85407056418736005, 32.65944962115539596 ) ) ;
#113 = LINE ( 'NONE', #4244, #4192 ) ;
#114 = VECTOR ( 'NONE', #1338, 1000.000000000000000 ) ;
#115 = CARTESIAN_POINT ( 'NONE',  ( 62.57000000000000028, 102.0809999999999746, 40.29625838435640617 ) ) ;
#116 = CARTESIAN_POINT ( 'NONE',  ( -25.99999999999999645, 57.65100000000000335, 58.00000000000000000 ) ) ;
#117 = VECTOR ( 'NONE', #1683, 1000.000000000000000 ) ;
#118 = DIRECTION ( 'NONE',  ( 0.000000000000000000, 0.000000000000000000, -1.000000000000000000 ) ) ;
#119 = FACE_BOUND ( 'NONE', #3946, .T. ) ;
#120 = VERTEX_POINT ( 'NONE', #2804 ) ;
#121 = ADVANCED_FACE ( 'NONE', ( #788 ), #708, .F. ) ;
#122 = CARTESIAN_POINT ( 'NONE',  ( -20.19999999999999929, 101.1510000000000105, 8.000000000000000000 ) ) ;
#123 = CARTESIAN_POINT ( 'NONE',  ( 45.50000000000000711, 90.49710212525111785, -2.500000000000000000 ) ) ;
#124 = CARTESIAN_POINT ( 'NONE',  ( 104.8300000000000125, 107.4810000000000088, 40.29625838435640617 ) ) ;
#125 = ORIENTED_EDGE ( 'NONE', *, *, #3328, .T. ) ;
#126 = CARTESIAN_POINT ( 'NONE',  ( 23.50000000000002132, 52.40099999999998204, 0.000000000000000000 ) ) ;
#127 = VERTEX_POINT ( 'NONE', #2360 ) ;
#128 = ADVANCED_FACE ( 'NONE', ( #2032 ), #2386, .T. ) ;
#129 = LINE ( 'NONE', #4236, #3499 ) ;
#130 = DIRECTION ( 'NONE',  ( 0.000000000000000000, 0.000000000000000000, 1.000000000000000000 ) ) ;
#131 = DIRECTION ( 'NONE',  ( 1.000000000000000000, 0.000000000000000000, 0.000000000000000000 ) ) ;
#132 = EDGE_CURVE ( 'NONE', #3311, #1796, #1344, .T. ) ;
#133 = ORIENTED_EDGE ( 'NONE', *, *, #4714, .T. ) ;
#134 = ORIENTED_EDGE ( 'NONE', *, *, #2532, .F. ) ;
#135 = ADVANCED_FACE ( 'NONE', ( #319 ), #1977, .F. ) ;
#136 = B_SPLINE_CURVE_WITH_KNOTS ( 'NONE', 3,
 ( #3580, #4842, #1527, #294, #2263, #3911, #2749, #4817, #1905, #3534, #2363, #216, #2288, #3557, #4766, #3940, #1122, #3968, #1926, #2782, #1877, #5279, #1554, #3209, #2668, #189, #5227, #3992, #1502, #1044 ),
 .UNSPECIFIED., .F., .F.,
 ( 4, 2, 2, 2, 2, 2, 2, 2, 2, 2, 2, 2, 2, 2, 4 ),
 ( 0.000000000000000000, 0.001120379356164854460, 0.002240758712329708920, 0.004481517424659457738, 0.005601896780824349061, 0.006722276136989239516, 0.007842655493154132573, 0.008963034849319023029, 0.01120379356164878139, 0.01344455227397853975, 0.01792606969863803912, 0.02240758712329753502, 0.02688910454795703092, 0.03137062197261653723, 0.03585213939727603660 ),
 .UNSPECIFIED. ) ;
#137 = DIRECTION ( 'NONE',  ( 1.000000000000000000, 0.000000000000000000, 0.000000000000000000 ) ) ;
#138 = VERTEX_POINT ( 'NONE', #3254 ) ;
#139 = VERTEX_POINT ( 'NONE', #4921 ) ;
#140 = ORIENTED_EDGE ( 'NONE', *, *, #4845, .F. ) ;
#141 = CIRCLE ( 'NONE', #1104, 2.500000000000002220 ) ;
#142 = CARTESIAN_POINT ( 'NONE',  ( -23.49999999999999289, 60.05953571083519194, 35.95628593500165238 ) ) ;
#143 = CYLINDRICAL_SURFACE ( 'NONE', #1419, 2.899999999999999911 ) ;
#144 = CARTESIAN_POINT ( 'NONE',  ( -2.500000000000000000, 104.1510000000000105, 55.50000000000000000 ) ) ;
#145 = CARTESIAN_POINT ( 'NONE',  ( 41.00000000000000711, 76.15100000000001046, 10.50000000000000000 ) ) ;
#146 =( BOUNDED_CURVE ( )  B_SPLINE_CURVE ( 3, ( #3778, #900, #4286, #4620 ),
 .UNSPECIFIED., .F., .F. ) 
 B_SPLINE_CURVE_WITH_KNOTS ( ( 4, 4 ),
 ( 0.000000000000000000, 1.570796326794896336 ),
 .UNSPECIFIED. ) 
 CURVE ( )  GEOMETRIC_REPRESENTATION_ITEM ( )  RATIONAL_B_SPLINE_CURVE ( ( 1.000000000000000000, 0.8047378541243650485, 0.8047378541243650485, 1.000000000000000000 ) ) 
 REPRESENTATION_ITEM ( '' )  );
#147 = AXIS2_PLACEMENT_3D ( 'NONE', #1648, #2454, #4107 ) ;
#148 = DIRECTION ( 'NONE',  ( -1.000000000000000000, -2.775557561562889379E-15, -2.627547755863695731E-31 ) ) ;
#149 = AXIS2_PLACEMENT_3D ( 'NONE', #1471, #208, #1841 ) ;
#150 = CARTESIAN_POINT ( 'NONE',  ( 45.63083989060734780, 112.4009999999999962, -11.02880872412753810 ) ) ;
#151 = ORIENTED_EDGE ( 'NONE', *, *, #2453, .T. ) ;
#152 = CARTESIAN_POINT ( 'NONE',  ( -22.99999999999999645, 104.1510000000000105, 37.19321514473028856 ) ) ;
#153 = CARTESIAN_POINT ( 'NONE',  ( 31.00000000000000000, 113.4009999999999962, -30.00000000000000000 ) ) ;
#154 = DIRECTION ( 'NONE',  ( -0.9396926207859083169, 0.3420201433256693790, 5.049449973480776558E-17 ) ) ;
#155 = CARTESIAN_POINT ( 'NONE',  ( 26.00000000000002132, 49.90099999999998914, 0.000000000000000000 ) ) ;
#156 = EDGE_LOOP ( 'NONE', ( #863, #764, #3331, #3640, #2034, #2161, #4298, #1039 ) ) ;
#157 = CARTESIAN_POINT ( 'NONE',  ( 0.000000000000000000, 54.68849999999999056, 55.50000000000000000 ) ) ;
#158 = VECTOR ( 'NONE', #2746, 999.9999999999998863 ) ;
#159 = DIRECTION ( 'NONE',  ( 1.000000000000000000, -6.938893903907228378E-16, -0.000000000000000000 ) ) ;
#160 = EDGE_CURVE ( 'NONE', #2020, #241, #2441, .T. ) ;
#161 = AXIS2_PLACEMENT_3D ( 'NONE', #4152, #4232, #5082 ) ;
#162 = EDGE_CURVE ( 'NONE', #4160, #3526, #4370, .T. ) ;
#163 = FACE_OUTER_BOUND ( 'NONE', #3022, .T. ) ;
#164 = FACE_BOUND ( 'NONE', #1908, .T. ) ;
#165 = ORIENTED_EDGE ( 'NONE', *, *, #1474, .T. ) ;
#166 = ORIENTED_EDGE ( 'NONE', *, *, #3529, .T. ) ;
#167 = B_SPLINE_CURVE_WITH_KNOTS ( 'NONE', 3,
 ( #1324, #3735, #3275, #392, #1705, #447, #913, #1221, #5020, #1678, #2054, #2110, #2983, #1271, #1299, #366 ),
 .UNSPECIFIED., .F., .F.,
 ( 4, 2, 2, 2, 2, 2, 2, 4 ),
 ( 3.469446951953614189E-18, 0.0004965033044475211481, 0.0009930066088950388267, 0.001489509913342556505, 0.001986013217790074184, 0.002979019826685116914, 0.003475523131132638496, 0.003972026435580160511 ),
 .UNSPECIFIED. ) ;
#168 = CARTESIAN_POINT ( 'NONE',  ( 57.56999999999999318, 102.0809999999999746, 40.29625838435640617 ) ) ;
#169 = ORIENTED_EDGE ( 'NONE', *, *, #2863, .F. ) ;
#170 = EDGE_LOOP ( 'NONE', ( #1016, #2589, #1587, #2856 ) ) ;
#171 = EDGE_LOOP ( 'NONE', ( #3558, #2009, #4913, #5167 ) ) ;
#172 = CARTESIAN_POINT ( 'NONE',  ( -20.99999999999999645, 55.71432484231749527, 37.99999999654384197 ) ) ;
#173 = CARTESIAN_POINT ( 'NONE',  ( 28.50000000000000711, 112.4009999999999962, -7.627588583212783213 ) ) ;
#174 = CARTESIAN_POINT ( 'NONE',  ( 0.000000000000000000, 55.15099999999999625, 58.00000000000000000 ) ) ;
#175 = CARTESIAN_POINT ( 'NONE',  ( -19.99999999999999645, 76.40099999999999625, 55.50000000000000000 ) ) ;
#176 = ORIENTED_EDGE ( 'NONE', *, *, #4721, .F. ) ;
#177 = ADVANCED_FACE ( 'NONE', ( #4560 ), #2912, .F. ) ;
#178 = CARTESIAN_POINT ( 'NONE',  ( 33.85000000000000853, 106.1509999999999962, -30.00000000000000000 ) ) ;
#179 = CARTESIAN_POINT ( 'NONE',  ( -20.99999999999999289, 107.1510000000000105, 8.000000000000000000 ) ) ;
#180 = ORIENTED_EDGE ( 'NONE', *, *, #4047, .F. ) ;
#181 = CARTESIAN_POINT ( 'NONE',  ( -23.00000000000000000, 97.51335557587634639, 28.94814809600704919 ) ) ;
#182 = LINE ( 'NONE', #4310, #4919 ) ;
#183 = DIRECTION ( 'NONE',  ( 0.000000000000000000, -0.000000000000000000, 1.000000000000000000 ) ) ;
#184 = VERTEX_POINT ( 'NONE', #3332 ) ;
#185 = FACE_OUTER_BOUND ( 'NONE', #3810, .T. ) ;
#186 = VERTEX_POINT ( 'NONE', #2519 ) ;
#187 = DIRECTION ( 'NONE',  ( 0.3420201433256689905, -0.9396926207859084279, 0.000000000000000000 ) ) ;
#188 = ADVANCED_FACE ( 'NONE', ( #4667 ), #3794, .T. ) ;
#189 = CARTESIAN_POINT ( 'NONE',  ( -23.49999999999999289, 94.04598624845793609, 15.36233359722052860 ) ) ;
#190 = DIRECTION ( 'NONE',  ( 3.936961080231052807E-16, -1.000000000000000000, 1.968480540115528967E-15 ) ) ;
#191 = EDGE_LOOP ( 'NONE', ( #3741, #3052, #1314, #4495 ) ) ;
#192 = CARTESIAN_POINT ( 'NONE',  ( 0.000000000000000000, 46.36350000000002325, 10.49999999999999467 ) ) ;
#193 = ORIENTED_EDGE ( 'NONE', *, *, #1834, .F. ) ;
#194 = ORIENTED_EDGE ( 'NONE', *, *, #2119, .T. ) ;
#195 = EDGE_CURVE ( 'NONE', #4420, #79, #1754, .T. ) ;
#196 = CARTESIAN_POINT ( 'NONE',  ( -23.49999999999999289, 107.1510000000000105, 38.00000000000000000 ) ) ;
#197 = CARTESIAN_POINT ( 'NONE',  ( 57.56999999999999318, 104.7810000000000059, -30.00000000000000000 ) ) ;
#198 = CARTESIAN_POINT ( 'NONE',  ( 26.00000000000002132, 45.90099999999998204, -7.627588583212784101 ) ) ;
#199 = B_SPLINE_CURVE_WITH_KNOTS ( 'NONE', 3,
 ( #2120, #5055, #1388, #2579, #1785, #75, #3413, #2608, #48, #2991, #3848, #4254, #1688, #3438, #4593, #5108, #3018, #4202, #2969, #2525, #4618, #4643, #4179, #519, #457, #99, #1310, #2174, #2547, #925 ),
 .UNSPECIFIED., .F., .F.,
 ( 4, 2, 2, 2, 2, 2, 2, 2, 2, 2, 2, 2, 2, 2, 4 ),
 ( 0.000000000000000000, 0.004428408434416313683, 0.008856816868832627365, 0.01328522530324894452, 0.01771363373766526514, 0.02214204217208158229, 0.02435624638928975128, 0.02657045060649791679, 0.02767755271510200302, 0.02878465482370608924, 0.02989175693231017200, 0.03099885904091425823, 0.03321306325812244803, 0.03432016536672653079, 0.03542726747533061354 ),
 .UNSPECIFIED. ) ;
#200 = CARTESIAN_POINT ( 'NONE',  ( 33.85000000000000853, 56.15099999999998914, 40.29625838435640617 ) ) ;
#201 = VECTOR ( 'NONE', #2816, 1000.000000000000000 ) ;
#202 = CARTESIAN_POINT ( 'NONE',  ( 27.99999999999999645, 48.90100000000001046, -25.00000000000000000 ) ) ;
#203 = LINE ( 'NONE', #3928, #2839 ) ;
#204 = VERTEX_POINT ( 'NONE', #452 ) ;
#205 = ADVANCED_FACE ( 'NONE', ( #2541 ), #4999, .F. ) ;
#206 = DIRECTION ( 'NONE',  ( 1.000000000000000000, 0.000000000000000000, 0.000000000000000000 ) ) ;
#207 = CARTESIAN_POINT ( 'NONE',  ( -25.99999999999999289, 62.99075382771981424, 38.16553272792099705 ) ) ;
#208 = DIRECTION ( 'NONE',  ( 0.000000000000000000, -1.000000000000000000, -0.000000000000000000 ) ) ;
#209 = ORIENTED_EDGE ( 'NONE', *, *, #1280, .F. ) ;
#210 = CARTESIAN_POINT ( 'NONE',  ( 30.99999999999999645, 48.90100000000001046, -25.00000000000000711 ) ) ;
#211 = VECTOR ( 'NONE', #1687, 1000.000000000000000 ) ;
#212 = EDGE_LOOP ( 'NONE', ( #5258, #587, #3095, #1963 ) ) ;
#213 = FACE_OUTER_BOUND ( 'NONE', #576, .T. ) ;
#214 = VECTOR ( 'NONE', #3783, 1000.000000000000000 ) ;
#215 = CIRCLE ( 'NONE', #3258, 2.500000000000000444 ) ;
#216 = CARTESIAN_POINT ( 'NONE',  ( -23.49999999999999645, 101.0899524963310512, 34.81373009058057733 ) ) ;
#217 = MANIFOLD_SOLID_BREP ( 'Fillet3', #1019 ) ;
#218 = CARTESIAN_POINT ( 'NONE',  ( -22.99999999999999645, 85.90099999999999625, 58.00000000000000000 ) ) ;
#219 = AXIS2_PLACEMENT_3D ( 'NONE', #1300, #3816, #89 ) ;
#220 = ORIENTED_EDGE ( 'NONE', *, *, #1247, .F. ) ;
#221 = AXIS2_PLACEMENT_3D ( 'NONE', #1113, #704, #3465 ) ;
#222 = CARTESIAN_POINT ( 'NONE',  ( 124.0000000000000142, 113.4010000000000247, 8.000000000000000000 ) ) ;
#223 = ORIENTED_EDGE ( 'NONE', *, *, #3470, .F. ) ;
#224 = ORIENTED_EDGE ( 'NONE', *, *, #4424, .F. ) ;
#225 = VECTOR ( 'NONE', #747, 1000.000000000000000 ) ;
#226 = CARTESIAN_POINT ( 'NONE',  ( 62.57000000000000028, 60.22100000000001785, -18.50000000000001421 ) ) ;
#227 = PLANE ( 'NONE',  #2721 ) ;
#228 = LINE ( 'NONE', #4801, #2047 ) ;
#229 = CYLINDRICAL_SURFACE ( 'NONE', #1265, 2.499999999999998668 ) ;
#230 = CIRCLE ( 'NONE', #930, 19.50000000000000355 ) ;
#231 = CARTESIAN_POINT ( 'NONE',  ( 45.50000000000000711, 90.49710212525111785, -2.500000000000000000 ) ) ;
#232 = EDGE_CURVE ( 'NONE', #110, #952, #4637, .T. ) ;
#233 = ORIENTED_EDGE ( 'NONE', *, *, #2140, .F. ) ;
#234 = DIRECTION ( 'NONE',  ( 1.000000000000000000, 4.082155997157831493E-17, 0.000000000000000000 ) ) ;
#235 = CARTESIAN_POINT ( 'NONE',  ( -23.49999999999998934, 62.99075382771981424, 38.16553272792099705 ) ) ;
#236 = CYLINDRICAL_SURFACE ( 'NONE', #3536, 4.150000000000001243 ) ;
#237 = ORIENTED_EDGE ( 'NONE', *, *, #3230, .T. ) ;
#238 = AXIS2_PLACEMENT_3D ( 'NONE', #1725, #884, #3375 ) ;
#239 = CIRCLE ( 'NONE', #682, 2.500000000000002220 ) ;
#240 = DIRECTION ( 'NONE',  ( -1.000000000000000000, 0.000000000000000000, 0.000000000000000000 ) ) ;
#241 = VERTEX_POINT ( 'NONE', #918 ) ;
#242 = CIRCLE ( 'NONE', #1028, 2.500000000000002220 ) ;
#243 = CARTESIAN_POINT ( 'NONE',  ( -23.00000000000000355, 64.20485379359904243, 30.15662735442416320 ) ) ;
#244 = EDGE_CURVE ( 'NONE', #3982, #3205, #1604, .T. ) ;
#245 = DIRECTION ( 'NONE',  ( -1.000000000000000000, 0.000000000000000000, 0.000000000000000000 ) ) ;
#246 = VERTEX_POINT ( 'NONE', #4226 ) ;
#247 = CARTESIAN_POINT ( 'NONE',  ( -6.123233995736752477E-17, 104.1510000000000105, 10.50000000000000178 ) ) ;
#248 = ORIENTED_EDGE ( 'NONE', *, *, #1635, .F. ) ;
#249 = VERTEX_POINT ( 'NONE', #3740 ) ;
#250 = VECTOR ( 'NONE', #4343, 1000.000000000000000 ) ;
#251 = FACE_OUTER_BOUND ( 'NONE', #3888, .T. ) ;
#252 = FACE_OUTER_BOUND ( 'NONE', #4074, .T. ) ;
#253 = DIRECTION ( 'NONE',  ( 1.000000000000000000, 0.000000000000000000, 0.000000000000000000 ) ) ;
#254 = LINE ( 'NONE', #563, #1949 ) ;
#255 = ORIENTED_EDGE ( 'NONE', *, *, #1996, .F. ) ;
#256 = EDGE_CURVE ( 'NONE', #3282, #2232, #95, .T. ) ;
#257 = DIRECTION ( 'NONE',  ( -0.000000000000000000, -0.000000000000000000, 1.000000000000000000 ) ) ;
#258 = VERTEX_POINT ( 'NONE', #2195 ) ;
#259 = CARTESIAN_POINT ( 'NONE',  ( -22.99999999999999289, 100.5826012472330433, 34.15245838391538769 ) ) ;
#260 = DIRECTION ( 'NONE',  ( 1.000000000000000000, 0.000000000000000000, 0.000000000000000000 ) ) ;
#261 = PLANE ( 'NONE',  #149 ) ;
#262 = ORIENTED_EDGE ( 'NONE', *, *, #4893, .F. ) ;
#263 = EDGE_LOOP ( 'NONE', ( #3080, #3452, #1499, #656, #166, #2134 ) ) ;
#264 = EDGE_CURVE ( 'NONE', #3993, #451, #3768, .T. ) ;
#265 = EDGE_CURVE ( 'NONE', #1727, #4742, #867, .T. ) ;
#266 = CARTESIAN_POINT ( 'NONE',  ( 45.63083989060734780, 49.90442616311354840, -11.02880872412753810 ) ) ;
#267 = EDGE_LOOP ( 'NONE', ( #1825, #810, #2894, #1149 ) ) ;
#268 = CARTESIAN_POINT ( 'NONE',  ( -21.20852764240008170, 58.15100000000001046, 35.52929414217127402 ) ) ;
#269 = AXIS2_PLACEMENT_3D ( 'NONE', #1189, #1133, #4029 ) ;
#270 = DIRECTION ( 'NONE',  ( 0.000000000000000000, 0.000000000000000000, -1.000000000000000000 ) ) ;
#271 = ORIENTED_EDGE ( 'NONE', *, *, #2549, .T. ) ;
#272 = EDGE_CURVE ( 'NONE', #279, #1682, #4550, .T. ) ;
#273 = FACE_OUTER_BOUND ( 'NONE', #5078, .T. ) ;
#274 = VERTEX_POINT ( 'NONE', #2144 ) ;
#275 = ORIENTED_EDGE ( 'NONE', *, *, #2329, .T. ) ;
#276 = LINE ( 'NONE', #5211, #4544 ) ;
#277 = FACE_OUTER_BOUND ( 'NONE', #806, .T. ) ;
#278 = PLANE ( 'NONE',  #765 ) ;
#279 = VERTEX_POINT ( 'NONE', #1031 ) ;
#280 = DIRECTION ( 'NONE',  ( -0.000000000000000000, -0.000000000000000000, -1.000000000000000000 ) ) ;
#281 = CARTESIAN_POINT ( 'NONE',  ( 53.00000000000000711, 45.90100000000001046, 8.000000000000000000 ) ) ;
#282 = ORIENTED_EDGE ( 'NONE', *, *, #3931, .T. ) ;
#283 = CARTESIAN_POINT ( 'NONE',  ( -20.99999999999998934, 65.29206030304493424, 18.41309878920764120 ) ) ;
#284 = ORIENTED_EDGE ( 'NONE', *, *, #5054, .T. ) ;
#285 = DIRECTION ( 'NONE',  ( 0.000000000000000000, 1.000000000000000000, 0.000000000000000000 ) ) ;
#286 = VECTOR ( 'NONE', #1078, 1000.000000000000114 ) ;
#287 = CARTESIAN_POINT ( 'NONE',  ( 54.87000000000000455, 57.52099999999999369, -30.00000000000000711 ) ) ;
#288 = ORIENTED_EDGE ( 'NONE', *, *, #3133, .F. ) ;
#289 = CYLINDRICAL_SURFACE ( 'NONE', #3353, 2.500000000000002220 ) ;
#290 = ORIENTED_EDGE ( 'NONE', *, *, #4925, .T. ) ;
#291 = EDGE_CURVE ( 'NONE', #552, #3475, #3590, .T. ) ;
#292 = CARTESIAN_POINT ( 'NONE',  ( -23.00000000000000000, 62.13066327447825898, 33.61445522386514995 ) ) ;
#293 = AXIS2_PLACEMENT_3D ( 'NONE', #2092, #4070, #4509 ) ;
#294 = CARTESIAN_POINT ( 'NONE',  ( -23.49999999999999645, 105.6668606448790513, 37.82944183696484686 ) ) ;
#295 = ADVANCED_FACE ( 'NONE', ( #2815 ), #5103, .F. ) ;
#296 = FACE_OUTER_BOUND ( 'NONE', #1297, .T. ) ;
#297 = ORIENTED_EDGE ( 'NONE', *, *, #399, .F. ) ;
#298 = EDGE_CURVE ( 'NONE', #329, #1920, #2121, .T. ) ;
#299 = ORIENTED_EDGE ( 'NONE', *, *, #3362, .T. ) ;
#300 = AXIS2_PLACEMENT_3D ( 'NONE', #1379, #4248, #3038 ) ;
#301 = EDGE_CURVE ( 'NONE', #186, #3369, #2822, .T. ) ;
#302 = AXIS2_PLACEMENT_3D ( 'NONE', #3199, #3626, #784 ) ;
#303 = CARTESIAN_POINT ( 'NONE',  ( -26.50000000000000000, 101.1510000000000105, 0.000000000000000000 ) ) ;
#304 = CARTESIAN_POINT ( 'NONE',  ( -23.49999999999999289, 107.2782326188474542, 37.99866761326849485 ) ) ;
#305 = ADVANCED_FACE ( 'NONE', ( #622 ), #2278, .F. ) ;
#306 = VECTOR ( 'NONE', #2028, 1000.000000000000114 ) ;
#307 = FACE_OUTER_BOUND ( 'NONE', #2604, .T. ) ;
#308 = ORIENTED_EDGE ( 'NONE', *, *, #503, .T. ) ;
#309 = CARTESIAN_POINT ( 'NONE',  ( 31.00000000000000000, 116.4010000000000105, -24.99999999999999289 ) ) ;
#310 = CARTESIAN_POINT ( 'NONE',  ( 124.0000000000000284, 48.90100000000001756, -30.00000000000000711 ) ) ;
#311 = ORIENTED_EDGE ( 'NONE', *, *, #2069, .T. ) ;
#312 = FACE_OUTER_BOUND ( 'NONE', #639, .T. ) ;
#313 = ORIENTED_EDGE ( 'NONE', *, *, #3951, .F. ) ;
#314 = DIRECTION ( 'NONE',  ( 0.000000000000000000, 0.000000000000000000, -1.000000000000000000 ) ) ;
#315 = CARTESIAN_POINT ( 'NONE',  ( 30.99999999999999645, 48.90100000000001046, -30.00000000000000711 ) ) ;
#316 = AXIS2_PLACEMENT_3D ( 'NONE', #2791, #1217, #1622 ) ;
#317 = VERTEX_POINT ( 'NONE', #3063 ) ;
#318 = CONICAL_SURFACE ( 'NONE', #3270, 6.199999999999997513, 0.7853981633974482790 ) ;
#319 = FACE_OUTER_BOUND ( 'NONE', #1613, .T. ) ;
#320 = ORIENTED_EDGE ( 'NONE', *, *, #561, .T. ) ;
#321 = VECTOR ( 'NONE', #5385, 1000.000000000000114 ) ;
#322 = DIRECTION ( 'NONE',  ( -0.9805806756909202226, 0.000000000000000000, 0.1961161351381837947 ) ) ;
#323 =( BOUNDED_CURVE ( )  B_SPLINE_CURVE ( 3, ( #4261, #3472, #1764, #3886 ),
 .UNSPECIFIED., .F., .F. ) 
 B_SPLINE_CURVE_WITH_KNOTS ( ( 4, 4 ),
 ( 1.570796326794896114, 3.141592653589794448 ),
 .UNSPECIFIED. ) 
 CURVE ( )  GEOMETRIC_REPRESENTATION_ITEM ( )  RATIONAL_B_SPLINE_CURVE ( ( 1.000000000000000000, 0.8047378541243646044, 0.8047378541243646044, 1.000000000000000000 ) ) 
 REPRESENTATION_ITEM ( '' )  );
#324 = DIRECTION ( 'NONE',  ( 0.000000000000000000, 0.000000000000000000, 1.000000000000000000 ) ) ;
#325 = AXIS2_PLACEMENT_3D ( 'NONE', #1520, #3572, #5241 ) ;
#326 = CIRCLE ( 'NONE', #4399, 4.150000000000001243 ) ;
#327 = CARTESIAN_POINT ( 'NONE',  ( -26.50000000000000000, 101.1510000000000105, 8.000000000000000000 ) ) ;
#328 = ORIENTED_EDGE ( 'NONE', *, *, #2096, .F. ) ;
#329 = VERTEX_POINT ( 'NONE', #3094 ) ;
#330 = EDGE_CURVE ( 'NONE', #241, #138, #3872, .T. ) ;
#331 = EDGE_CURVE ( 'NONE', #3934, #813, #203, .T. ) ;
#332 = CARTESIAN_POINT ( 'NONE',  ( -21.00000000003614886, 93.65099999997289615, 9.353295343175863863 ) ) ;
#333 = DIRECTION ( 'NONE',  ( 4.082155997157831493E-17, -1.000000000000000000, 0.000000000000000000 ) ) ;
#334 = FACE_OUTER_BOUND ( 'NONE', #191, .T. ) ;
#335 = DIRECTION ( 'NONE',  ( 0.000000000000000000, 0.000000000000000000, 1.000000000000000000 ) ) ;
#336 = VERTEX_POINT ( 'NONE', #1863 ) ;
#337 = DIRECTION ( 'NONE',  ( 1.000000000000000000, 0.000000000000000000, 0.000000000000000000 ) ) ;
#338 = CARTESIAN_POINT ( 'NONE',  ( 57.57000000000000028, 54.82100000000001216, -30.00000000000000711 ) ) ;
#339 = CIRCLE ( 'NONE', #2868, 2.700000000000008171 ) ;
#340 = ORIENTED_EDGE ( 'NONE', *, *, #2689, .T. ) ;
#341 = CARTESIAN_POINT ( 'NONE',  ( -20.99999999999998934, 65.49925985246640892, 17.12635680791776238 ) ) ;
#342 = EDGE_CURVE ( 'NONE', #2881, #981, #566, .T. ) ;
#343 = ORIENTED_EDGE ( 'NONE', *, *, #244, .T. ) ;
#344 = CARTESIAN_POINT ( 'NONE',  ( -5.000000000000000000, 107.1510000000000105, 58.00000000000000000 ) ) ;
#345 = DIRECTION ( 'NONE',  ( -0.000000000000000000, -0.000000000000000000, 1.000000000000000000 ) ) ;
#346 = ORIENTED_EDGE ( 'NONE', *, *, #2633, .F. ) ;
#347 = CARTESIAN_POINT ( 'NONE',  ( 102.1299999999999955, 104.7810000000000059, -18.50000000000001776 ) ) ;
#348 = CARTESIAN_POINT ( 'NONE',  ( -3.016806942086832884E-15, 49.90099999999997493, 0.000000000000000000 ) ) ;
#349 = ORIENTED_EDGE ( 'NONE', *, *, #736, .F. ) ;
#350 = DIRECTION ( 'NONE',  ( 0.000000000000000000, 0.000000000000000000, 1.000000000000000000 ) ) ;
#351 = PRODUCT_DEFINITION_FORMATION_WITH_SPECIFIED_SOURCE ( 'ANY', '', #541, .NOT_KNOWN. ) ;
#352 = CARTESIAN_POINT ( 'NONE',  ( 0.000000000000000000, 107.1510000000000105, 58.00000000000000000 ) ) ;
#353 = CIRCLE ( 'NONE', #535, 2.699999999999993960 ) ;
#354 = EDGE_CURVE ( 'NONE', #3166, #2642, #4753, .T. ) ;
#355 = CARTESIAN_POINT ( 'NONE',  ( 26.00000000000002132, 45.90099999999998204, -7.627588583212784101 ) ) ;
#356 = ORIENTED_EDGE ( 'NONE', *, *, #4561, .F. ) ;
#357 = ORIENTED_EDGE ( 'NONE', *, *, #2126, .F. ) ;
#358 = CARTESIAN_POINT ( 'NONE',  ( -20.99999999999999289, 96.19045855370562492, 10.60908309126059024 ) ) ;
#359 = DIRECTION ( 'NONE',  ( 1.445602896647339410E-16, -1.000000000000000000, 4.849634169527176179E-32 ) ) ;
#360 = DIRECTION ( 'NONE',  ( -0.000000000000000000, 0.000000000000000000, 1.000000000000000000 ) ) ;
#361 = ADVANCED_FACE ( 'NONE', ( #5287 ), #4432, .F. ) ;
#362 = FACE_OUTER_BOUND ( 'NONE', #3297, .T. ) ;
#363 = VERTEX_POINT ( 'NONE', #4873 ) ;
#364 = LINE ( 'NONE', #1566, #4083 ) ;
#365 = CARTESIAN_POINT ( 'NONE',  ( -25.99999999999999645, 57.65100000000000335, 37.48110924760354834 ) ) ;
#366 = CARTESIAN_POINT ( 'NONE',  ( -25.99999999999999645, 57.65100000000000335, 37.48110924760354834 ) ) ;
#367 = VERTEX_POINT ( 'NONE', #1000 ) ;
#368 = FACE_OUTER_BOUND ( 'NONE', #4975, .T. ) ;
#369 = DIRECTION ( 'NONE',  ( -0.000000000000000000, -0.000000000000000000, 1.000000000000000000 ) ) ;
#370 = CARTESIAN_POINT ( 'NONE',  ( 57.57000000000000028, 57.52099999999999369, 40.29625838435640617 ) ) ;
#371 = EDGE_LOOP ( 'NONE', ( #2005, #4350, #4338 ) ) ;
#372 = DIRECTION ( 'NONE',  ( 1.000000000000000000, 0.000000000000000000, 0.000000000000000000 ) ) ;
#373 = ADVANCED_FACE ( 'NONE', ( #720 ), #2627, .T. ) ;
#374 = CARTESIAN_POINT ( 'NONE',  ( 38.00000000000000711, 56.15099999999998914, -30.00000000000000711 ) ) ;
#375 = EDGE_LOOP ( 'NONE', ( #297, #2203, #837, #4257 ) ) ;
#376 = ADVANCED_FACE ( 'NONE', ( #4023 ), #1958, .T. ) ;
#377 = AXIS2_PLACEMENT_3D ( 'NONE', #1988, #1932, #3543 ) ;
#378 = FACE_OUTER_BOUND ( 'NONE', #4948, .T. ) ;
#379 = AXIS2_PLACEMENT_3D ( 'NONE', #3137, #3212, #2705 ) ;
#380 = CARTESIAN_POINT ( 'NONE',  ( 45.50000000000000711, 90.49710212525111785, 0.000000000000000000 ) ) ;
#381 = CARTESIAN_POINT ( 'NONE',  ( 45.50000000000000711, 49.90099999999998204, -2.500000000000000000 ) ) ;
#382 = ORIENTED_EDGE ( 'NONE', *, *, #298, .T. ) ;
#383 = ORIENTED_EDGE ( 'NONE', *, *, #1589, .T. ) ;
#384 = CARTESIAN_POINT ( 'NONE',  ( -20.99999999999999289, 101.9150976182608872, 31.84977730367300097 ) ) ;
#385 = CARTESIAN_POINT ( 'NONE',  ( -20.99999999999998934, 104.3670609714377946, 34.45545102532951631 ) ) ;
#386 = CARTESIAN_POINT ( 'NONE',  ( -20.99999999999999289, 104.2234582991474383, 8.000000000000000000 ) ) ;
#387 = LINE ( 'NONE', #499, #4759 ) ;
#388 = ORIENTED_EDGE ( 'NONE', *, *, #2394, .F. ) ;
#389 = CARTESIAN_POINT ( 'NONE',  ( 0.000000000000000000, 61.65099999999999625, 40.29625838435640617 ) ) ;
#390 = CARTESIAN_POINT ( 'NONE',  ( 121.3000000000000114, 91.15099999999999625, -9.099999999999981881 ) ) ;
#391 = AXIS2_PLACEMENT_3D ( 'NONE', #4357, #3458, #5128 ) ;
#392 = CARTESIAN_POINT ( 'NONE',  ( -24.15750665211643877, 55.23333545681459356, 37.99953058374938308 ) ) ;
#393 = ORIENTED_EDGE ( 'NONE', *, *, #672, .T. ) ;
#394 = AXIS2_PLACEMENT_3D ( 'NONE', #3514, #619, #673 ) ;
#395 = LINE ( 'NONE', #2855, #829 ) ;
#396 = LINE ( 'NONE', #3304, #575 ) ;
#397 = DIRECTION ( 'NONE',  ( 0.000000000000000000, 0.000000000000000000, -1.000000000000000000 ) ) ;
#398 = EDGE_LOOP ( 'NONE', ( #4780, #4234, #4165, #1115, #3965, #2930, #1611, #4997, #3672, #2551, #4656, #4844, #1144, #5311, #2352, #1956, #3001, #2170, #827, #3226, #1321, #2157, #5037, #4840, #4505, #5374, #1009, #2645, #2824, #4793, #4772, #1398, #680, #5249, #1424, #1362 ) ) ;
#399 = EDGE_CURVE ( 'NONE', #552, #3416, #2657, .T. ) ;
#400 = EDGE_CURVE ( 'NONE', #813, #3890, #4691, .T. ) ;
#401 = LINE ( 'NONE', #3177, #3244 ) ;
#402 =( NAMED_UNIT ( * ) PLANE_ANGLE_UNIT ( ) SI_UNIT ( $, .RADIAN. ) );
#403 = VERTEX_POINT ( 'NONE', #974 ) ;
#404 = FACE_OUTER_BOUND ( 'NONE', #2242, .T. ) ;
#405 = LINE ( 'NONE', #3314, #2125 ) ;
#406 = FACE_OUTER_BOUND ( 'NONE', #4473, .T. ) ;
#407 = CYLINDRICAL_SURFACE ( 'NONE', #2259, 2.500000000000002220 ) ;
#408 = ADVANCED_FACE ( 'NONE', ( #2401, #1836, #119 ), #3433, .T. ) ;
#409 = ORIENTED_EDGE ( 'NONE', *, *, #3751, .F. ) ;
#410 = VECTOR ( 'NONE', #4681, 1000.000000000000000 ) ;
#411 = AXIS2_PLACEMENT_3D ( 'NONE', #5196, #4808, #4391 ) ;
#412 = CARTESIAN_POINT ( 'NONE',  ( -20.99999999999999289, 99.21925021958446678, 26.60564790976576788 ) ) ;
#413 = LINE ( 'NONE', #3752, #2098 ) ;
#414 = CARTESIAN_POINT ( 'NONE',  ( -23.83349743449598179, 107.1342602806902136, 38.00006733998785080 ) ) ;
#415 = DIRECTION ( 'NONE',  ( 1.000000000000000000, 7.796510004390143566E-17, 4.214329732102796443E-16 ) ) ;
#416 = ORIENTED_EDGE ( 'NONE', *, *, #5248, .F. ) ;
#417 = DIRECTION ( 'NONE',  ( -0.000000000000000000, 0.000000000000000000, 1.000000000000000000 ) ) ;
#418 = LINE ( 'NONE', #2136, #3687 ) ;
#419 = CARTESIAN_POINT ( 'NONE',  ( 45.50000000000000711, 71.80489787474886043, -2.500000000000000000 ) ) ;
#420 = FACE_BOUND ( 'NONE', #795, .T. ) ;
#422 = EDGE_CURVE ( 'NONE', #1294, #1443, #4490, .T. ) ;
#421 = DIRECTION ( 'NONE',  ( -1.000000000000000000, -1.801018917263768674E-16, 0.000000000000000000 ) ) ;
#423 = CARTESIAN_POINT ( 'NONE',  ( 30.99999999999999645, 48.90100000000001046, 8.000000000000000000 ) ) ;
#424 = ORIENTED_EDGE ( 'NONE', *, *, #5267, .T. ) ;
#425 = AXIS2_PLACEMENT_3D ( 'NONE', #2550, #2638, #2204 ) ;
#426 = AXIS2_PLACEMENT_3D ( 'NONE', #4670, #433, #2094 ) ;
#427 = SURFACE_SIDE_STYLE ('',( #3014 ) ) ;
#428 = DIRECTION ( 'NONE',  ( -1.000000000000000000, -7.975740119433597806E-17, 0.000000000000000000 ) ) ;
#429 = ORIENTED_EDGE ( 'NONE', *, *, #736, .T. ) ;
#430 = ADVANCED_FACE ( 'NONE', ( #439 ), #4602, .F. ) ;
#431 = CYLINDRICAL_SURFACE ( 'NONE', #3114, 2.700000000000008171 ) ;
#432 = CARTESIAN_POINT ( 'NONE',  ( 20.20000000000000284, 61.15099999999999625, 8.000000000000000000 ) ) ;
#433 = DIRECTION ( 'NONE',  ( -7.796510004390144799E-17, 1.000000000000000000, 0.000000000000000000 ) ) ;
#434 = DIRECTION ( 'NONE',  ( 0.000000000000000000, 1.000000000000000000, 0.000000000000000000 ) ) ;
#435 = ORIENTED_EDGE ( 'NONE', *, *, #76, .T. ) ;
#436 = CARTESIAN_POINT ( 'NONE',  ( -36.00000000000001421, 116.4009999999999820, 0.000000000000000000 ) ) ;
#437 = ORIENTED_EDGE ( 'NONE', *, *, #4096, .F. ) ;
#438 = CARTESIAN_POINT ( 'NONE',  ( -23.49999999999999289, 98.68774506481679509, 31.39658350933736841 ) ) ;
#439 = FACE_OUTER_BOUND ( 'NONE', #3661, .T. ) ;
#440 = DIRECTION ( 'NONE',  ( 0.000000000000000000, -1.000000000000000000, 2.775557561562888984E-15 ) ) ;
#441 = ADVANCED_FACE ( 'NONE', ( #1184 ), #2017, .F. ) ;
#442 = EDGE_CURVE ( 'NONE', #3369, #186, #2156, .T. ) ;
#443 = CARTESIAN_POINT ( 'NONE',  ( 121.3000000000000114, 91.15099999999999625, -11.99999999999998046 ) ) ;
#444 = ORIENTED_EDGE ( 'NONE', *, *, #25, .T. ) ;
#445 = EDGE_LOOP ( 'NONE', ( #4820, #388, #877, #248 ) ) ;
#446 = CARTESIAN_POINT ( 'NONE',  ( 48.00000000000000000, 72.89191517278177912, -24.47744973989406958 ) ) ;
#447 = CARTESIAN_POINT ( 'NONE',  ( -24.62544259957557458, 55.41245784252204487, 37.99471787920808907 ) ) ;
#448 = AXIS2_PLACEMENT_3D ( 'NONE', #4542, #1987, #2103 ) ;
#449 = DIRECTION ( 'NONE',  ( -9.842402700577632017E-17, 1.000000000000000000, -3.201631872496236389E-18 ) ) ;
#450 = CARTESIAN_POINT ( 'NONE',  ( 0.000000000000000000, 109.6510000000000105, 10.50000000000000000 ) ) ;
#451 = VERTEX_POINT ( 'NONE', #5341 ) ;
#452 = CARTESIAN_POINT ( 'NONE',  ( 48.00000000000000711, 52.40099999999998204, -2.500000000000000000 ) ) ;
#453 = PLANE ( 'NONE',  #4962 ) ;
#454 = ORIENTED_EDGE ( 'NONE', *, *, #1710, .F. ) ;
#455 = CARTESIAN_POINT ( 'NONE',  ( 48.00000000000001421, 8.377687886472587405E-15, -25.00000000000001066 ) ) ;
#456 = DIRECTION ( 'NONE',  ( -0.000000000000000000, -0.000000000000000000, 1.000000000000000000 ) ) ;
#457 = CARTESIAN_POINT ( 'NONE',  ( -23.49999999999999645, 58.04145385319529993, 37.34606952728989171 ) ) ;
#458 = EDGE_CURVE ( 'NONE', #4604, #120, #2754, .T. ) ;
#459 = DIRECTION ( 'NONE',  ( 0.000000000000000000, -0.000000000000000000, 1.000000000000000000 ) ) ;
#460 = ORIENTED_EDGE ( 'NONE', *, *, #2651, .F. ) ;
#461 = CIRCLE ( 'NONE', #5242, 3.499999999999999556 ) ;
#462 = CIRCLE ( 'NONE', #1083, 2.700000000000008171 ) ;
#463 = LINE ( 'NONE', #4622, #3159 ) ;
#464 = ADVANCED_FACE ( 'NONE', ( #5012 ), #1617, .F. ) ;
#465 = EDGE_CURVE ( 'NONE', #4810, #4809, #4052, .T. ) ;
#466 = DIRECTION ( 'NONE',  ( -1.000000000000000000, 0.000000000000000000, 0.000000000000000000 ) ) ;
#467 = DIRECTION ( 'NONE',  ( -1.296057769407959998E-16, 1.000000000000000000, 0.000000000000000000 ) ) ;
#468 = EDGE_CURVE ( 'NONE', #3338, #4469, #5317, .T. ) ;
#469 = AXIS2_PLACEMENT_3D ( 'NONE', #4337, #3040, #1807 ) ;
#470 = DIRECTION ( 'NONE',  ( -1.000000000000000000, -0.000000000000000000, -0.000000000000000000 ) ) ;
#471 = EDGE_LOOP ( 'NONE', ( #5148, #2778, #4365, #886 ) ) ;
#472 = EDGE_LOOP ( 'NONE', ( #909, #4043, #613, #194, #2620, #3377, #5016, #5193, #1948, #1790, #1762, #3918 ) ) ;
#473 = EDGE_CURVE ( 'NONE', #4067, #2133, #2451, .T. ) ;
#474 = CARTESIAN_POINT ( 'NONE',  ( 86.20000000000001705, 100.6510000000000105, -18.50000000000001776 ) ) ;
#475 = EDGE_CURVE ( 'NONE', #849, #317, #1694, .T. ) ;
#476 = AXIS2_PLACEMENT_3D ( 'NONE', #660, #4790, #4765 ) ;
#477 = CARTESIAN_POINT ( 'NONE',  ( -25.99999999999999645, 93.65099999999999625, 58.00000000000000000 ) ) ;
#478 = CARTESIAN_POINT ( 'NONE',  ( -2.500000000000000000, 107.1510000000000105, 58.00000000000000000 ) ) ;
#479 = VECTOR ( 'NONE', #3447, 1000.000000000000000 ) ;
#480 = CARTESIAN_POINT ( 'NONE',  ( 121.3000000000000256, 71.15100000000001046, -9.099999999999996092 ) ) ;
#481 = EDGE_CURVE ( 'NONE', #4717, #2106, #1, .T. ) ;
#482 = AXIS2_PLACEMENT_3D ( 'NONE', #4335, #5188, #1889 ) ;
#483 = DIRECTION ( 'NONE',  ( 1.000000000000000000, 0.000000000000000000, 0.000000000000000000 ) ) ;
#484 = SHAPE_DEFINITION_REPRESENTATION ( #2035, #2768 ) ;
#485 = VECTOR ( 'NONE', #1655, 1000.000000000000000 ) ;
#486 = ORIENTED_EDGE ( 'NONE', *, *, #2350, .T. ) ;
#487 = CIRCLE ( 'NONE', #3780, 3.000000000000002665 ) ;
#488 = DIRECTION ( 'NONE',  ( -0.000000000000000000, -0.000000000000000000, 1.000000000000000000 ) ) ;
#489 = DIRECTION ( 'NONE',  ( -9.842402700577632017E-17, 1.000000000000000000, -0.000000000000000000 ) ) ;
#490 = CARTESIAN_POINT ( 'NONE',  ( -35.49999999999998579, 73.65100000000001046, 10.50000000000001599 ) ) ;
#491 = ORIENTED_EDGE ( 'NONE', *, *, #160, .T. ) ;
#492 = DIRECTION ( 'NONE',  ( 1.000000000000000000, 0.000000000000000000, 0.000000000000000000 ) ) ;
#493 = ORIENTED_EDGE ( 'NONE', *, *, #3683, .F. ) ;
#494 = AXIS2_PLACEMENT_3D ( 'NONE', #565, #5076, #4752 ) ;
#495 = CARTESIAN_POINT ( 'NONE',  ( -21.89432831472182528, 104.1510000000000247, 36.59556867546092462 ) ) ;
#496 = CYLINDRICAL_SURFACE ( 'NONE', #3456, 2.499999999999998668 ) ;
#497 = CARTESIAN_POINT ( 'NONE',  ( -23.66787567299621386, 107.1510000000000247, 38.00000000000001421 ) ) ;
#498 = ORIENTED_EDGE ( 'NONE', *, *, #3008, .T. ) ;
#499 = CARTESIAN_POINT ( 'NONE',  ( 118.0000000000000284, 71.15100000000001046, -5.799999999999998046 ) ) ;
#500 = ORIENTED_EDGE ( 'NONE', *, *, #2697, .F. ) ;
#501 = ORIENTED_EDGE ( 'NONE', *, *, #615, .T. ) ;
#502 = AXIS2_PLACEMENT_3D ( 'NONE', #3645, #696, #4875 ) ;
#503 = EDGE_CURVE ( 'NONE', #1357, #4702, #4104, .T. ) ;
#504 = EDGE_LOOP ( 'NONE', ( #3986, #2771, #4821, #3873 ) ) ;
#505 = ADVANCED_FACE ( 'NONE', ( #1645 ), #2896, .F. ) ;
#506 =( BOUNDED_CURVE ( )  B_SPLINE_CURVE ( 3, ( #4678, #957, #2612, #1722 ),
 .UNSPECIFIED., .F., .F. ) 
 B_SPLINE_CURVE_WITH_KNOTS ( ( 4, 4 ),
 ( -8.881784197001252323E-16, 1.570796326794896558 ),
 .UNSPECIFIED. ) 
 CURVE ( )  GEOMETRIC_REPRESENTATION_ITEM ( )  RATIONAL_B_SPLINE_CURVE ( ( 1.000000000000000000, 0.8047378541243648264, 0.8047378541243648264, 1.000000000000000000 ) ) 
 REPRESENTATION_ITEM ( '' )  );
#507 = CARTESIAN_POINT ( 'NONE',  ( -20.99999999999999289, 60.38690238173451519, 31.84977730367300097 ) ) ;
#508 = LINE ( 'NONE', #4746, #3405 ) ;
#509 = CIRCLE ( 'NONE', #325, 4.150000000000001243 ) ;
#510 = CARTESIAN_POINT ( 'NONE',  ( -1.521588410824383176E-13, 54.82099999999971374, -18.50000000000001776 ) ) ;
#511 = CARTESIAN_POINT ( 'NONE',  ( -25.99999999999999645, 68.65100000000001046, 58.00000000000000000 ) ) ;
#512 = AXIS2_PLACEMENT_3D ( 'NONE', #1262, #4076, #775 ) ;
#513 = DIRECTION ( 'NONE',  ( 1.000000000000000000, 0.000000000000000000, 0.000000000000000000 ) ) ;
#514 = ORIENTED_EDGE ( 'NONE', *, *, #3751, .T. ) ;
#515 = EDGE_CURVE ( 'NONE', #2747, #4395, #3744, .T. ) ;
#516 = LINE ( 'NONE', #5051, #2860 ) ;
#517 = FACE_OUTER_BOUND ( 'NONE', #1927, .T. ) ;
#518 = VECTOR ( 'NONE', #1068, 1000.000000000000000 ) ;
#519 = CARTESIAN_POINT ( 'NONE',  ( -23.49999999999999645, 58.68602840017933886, 36.98791598457723495 ) ) ;
#520 = LINE ( 'NONE', #1717, #3723 ) ;
#521 = ORIENTED_EDGE ( 'NONE', *, *, #3319, .T. ) ;
#522 = ORIENTED_EDGE ( 'NONE', *, *, #572, .F. ) ;
#523 = CARTESIAN_POINT ( 'NONE',  ( 53.00000000000000711, 45.90100000000001046, 8.000000000000000000 ) ) ;
#524 = PLANE ( 'NONE',  #2080 ) ;
#525 = DIRECTION ( 'NONE',  ( 1.042677680898292906E-32, -9.842402700577632017E-17, 1.000000000000000000 ) ) ;
#526 = ORIENTED_EDGE ( 'NONE', *, *, #603, .F. ) ;
#527 = EDGE_LOOP ( 'NONE', ( #320, #209, #1100, #1021, #2318 ) ) ;
#528 = CARTESIAN_POINT ( 'NONE',  ( 26.50000000000000000, 101.1510000000000105, 8.000000000000000000 ) ) ;
#529 = ORIENTED_EDGE ( 'NONE', *, *, #4695, .T. ) ;
#530 = ORIENTED_EDGE ( 'NONE', *, *, #4586, .F. ) ;
#531 = CARTESIAN_POINT ( 'NONE',  ( -20.99999999999999289, 63.93522228973086641, 24.11829906530812906 ) ) ;
#532 = DIRECTION ( 'NONE',  ( 1.042677680898292906E-32, -9.842402700577632017E-17, 1.000000000000000000 ) ) ;
#533 = EDGE_CURVE ( 'NONE', #3346, #3917, #413, .T. ) ;
#534 = LINE ( 'NONE', #510, #485 ) ;
#535 = AXIS2_PLACEMENT_3D ( 'NONE', #1539, #3194, #2407 ) ;
#536 = DIRECTION ( 'NONE',  ( 0.000000000000000000, 0.000000000000000000, 1.000000000000000000 ) ) ;
#537 = DIRECTION ( 'NONE',  ( 0.000000000000000000, 0.000000000000000000, 1.000000000000000000 ) ) ;
#538 = ORIENTED_EDGE ( 'NONE', *, *, #1563, .F. ) ;
#539 = EDGE_CURVE ( 'NONE', #3890, #4930, #1316, .T. ) ;
#540 = LINE ( 'NONE', #1712, #5021 ) ;
#541 = PRODUCT ( 'MountingPlate^Redesign belt drive', 'MountingPlate^Redesign belt drive', '', ( #2196 ) ) ;
#542 = DIRECTION ( 'NONE',  ( 0.000000000000000000, 0.000000000000000000, -1.000000000000000000 ) ) ;
#543 = EDGE_CURVE ( 'NONE', #3739, #3135, #2587, .T. ) ;
#544 = CARTESIAN_POINT ( 'NONE',  ( 62.57000000000000028, 102.0809999999999746, -30.00000000000000000 ) ) ;
#545 = ORIENTED_EDGE ( 'NONE', *, *, #4893, .T. ) ;
#546 = CARTESIAN_POINT ( 'NONE',  ( 28.47793872581510755, 80.66086593559738560, -23.96446609406726580 ) ) ;
#547 = VERTEX_POINT ( 'NONE', #5062 ) ;
#548 = CARTESIAN_POINT ( 'NONE',  ( -2.499999999999995559, -1.020538999289456117E-16, 58.00000000000000000 ) ) ;
#549 = CARTESIAN_POINT ( 'NONE',  ( -20.19999999999999929, 61.15099999999999625, 8.000000000000000000 ) ) ;
#550 = DIRECTION ( 'NONE',  ( 1.000000000000000000, 9.842402700577632017E-17, 0.000000000000000000 ) ) ;
#551 = EDGE_LOOP ( 'NONE', ( #3498, #5378, #3027, #1668 ) ) ;
#552 = VERTEX_POINT ( 'NONE', #4184 ) ;
#553 = CIRCLE ( 'NONE', #4985, 2.699999999999993960 ) ;
#554 = CARTESIAN_POINT ( 'NONE',  ( 121.0000000000000284, 45.90100000000002467, -30.00000000000000711 ) ) ;
#555 = EDGE_LOOP ( 'NONE', ( #1159, #3495, #586, #1545, #2736, #5312, #5132, #3682, #985, #4709, #991, #3126, #5354, #1307, #718 ) ) ;
#556 = ORIENTED_EDGE ( 'NONE', *, *, #8, .T. ) ;
#557 = ORIENTED_EDGE ( 'NONE', *, *, #2243, .F. ) ;
#558 = CARTESIAN_POINT ( 'NONE',  ( -20.99999999999999645, 55.15099999999997493, 38.00000000000000000 ) ) ;
#559 = DIRECTION ( 'NONE',  ( 0.7071067811865474617, 0.000000000000000000, 0.7071067811865476838 ) ) ;
#560 = CONICAL_SURFACE ( 'NONE', #3937, 6.299999999999996270, 0.7853981633974473908 ) ;
#561 = EDGE_CURVE ( 'NONE', #2756, #4087, #3446, .T. ) ;
#562 = CARTESIAN_POINT ( 'NONE',  ( 48.00000000000000000, 109.9009999999999962, -13.52538256101397529 ) ) ;
#563 = CARTESIAN_POINT ( 'NONE',  ( -5.000000000000000000, 55.15099999999999625, 10.50000000000000178 ) ) ;
#564 =( GEOMETRIC_REPRESENTATION_CONTEXT ( 3 ) GLOBAL_UNCERTAINTY_ASSIGNED_CONTEXT ( ( #1181 ) ) GLOBAL_UNIT_ASSIGNED_CONTEXT ( ( #41, #2986, #4976 ) ) REPRESENTATION_CONTEXT ( 'NONE', 'WORKASPACE' ) );
#565 = CARTESIAN_POINT ( 'NONE',  ( -26.50000000000000000, 101.1510000000000105, 8.000000000000000000 ) ) ;
#566 = LINE ( 'NONE', #150, #2571 ) ;
#567 = VERTEX_POINT ( 'NONE', #2555 ) ;
#568 = CARTESIAN_POINT ( 'NONE',  ( -23.00000000000000000, 103.5454020525795471, 36.88401310284021406 ) ) ;
#569 = DIRECTION ( 'NONE',  ( 2.775557561562888984E-15, 1.000000000000000000, -0.000000000000000000 ) ) ;
#570 = CARTESIAN_POINT ( 'NONE',  ( 118.0000000000000142, 91.15099999999999625, -11.99999999999998046 ) ) ;
#571 = CIRCLE ( 'NONE', #1095, 2.499999999999998668 ) ;
#572 = EDGE_CURVE ( 'NONE', #5265, #4420, #2128, .T. ) ;
#573 = VECTOR ( 'NONE', #3322, 1000.000000000000000 ) ;
#574 = DIRECTION ( 'NONE',  ( 0.000000000000000000, 1.000000000000000000, -0.000000000000000000 ) ) ;
#575 = VECTOR ( 'NONE', #314, 1000.000000000000000 ) ;
#576 = EDGE_LOOP ( 'NONE', ( #4833, #3803, #5331, #2087 ) ) ;
#577 = CARTESIAN_POINT ( 'NONE',  ( 9.299514755445043227E-16, 54.95942622740243166, 56.96446609406726225 ) ) ;
#578 = CARTESIAN_POINT ( 'NONE',  ( 28.36916010939266641, 116.4010000000000105, -10.12416242009921774 ) ) ;
#579 = LINE ( 'NONE', #1393, #1425 ) ;
#580 = CARTESIAN_POINT ( 'NONE',  ( -36.00000000000001421, 116.4009999999999820, 7.999999999999857891 ) ) ;
#581 = VERTEX_POINT ( 'NONE', #904 ) ;
#582 = VERTEX_POINT ( 'NONE', #1416 ) ;
#583 = EDGE_CURVE ( 'NONE', #2344, #4156, #2975, .T. ) ;
#584 = CARTESIAN_POINT ( 'NONE',  ( 1.035533905932741972, 45.90100000000003888, 7.999999999999998224 ) ) ;
#585 = VERTEX_POINT ( 'NONE', #2640 ) ;
#586 = ORIENTED_EDGE ( 'NONE', *, *, #3644, .T. ) ;
#587 = ORIENTED_EDGE ( 'NONE', *, *, #3195, .F. ) ;
#588 = CARTESIAN_POINT ( 'NONE',  ( -20.99999999999999289, 61.74100852478368751, 29.59989809709211883 ) ) ;
#589 = CARTESIAN_POINT ( 'NONE',  ( -22.99999999999999645, 85.90099999999999625, 58.00000000000000000 ) ) ;
#590 = VECTOR ( 'NONE', #3784, 1000.000000000000000 ) ;
#591 = CARTESIAN_POINT ( 'NONE',  ( 48.00000000000001421, 4.686786873755976163E-15, -2.500000000000000000 ) ) ;
#592 = CARTESIAN_POINT ( 'NONE',  ( 57.57000000000000028, 57.52099999999999369, -30.00000000000000711 ) ) ;
#593 = AXIS2_PLACEMENT_3D ( 'NONE', #4375, #2918, #2753 ) ;
#594 = CARTESIAN_POINT ( 'NONE',  ( 7.121443601721749817E-15, 8.721253112156912278E-31, 10.50000000000000178 ) ) ;
#595 = CIRCLE ( 'NONE', #4582, 6.299999999999999822 ) ;
#596 = CARTESIAN_POINT ( 'NONE',  ( -22.49999999999999645, 0.000000000000000000, 55.50000000000000000 ) ) ;
#597 = EDGE_LOOP ( 'NONE', ( #3749, #101, #454 ) ) ;
#598 = EDGE_CURVE ( 'NONE', #1075, #5303, #5116, .T. ) ;
#599 = CARTESIAN_POINT ( 'NONE',  ( -22.99999999999999645, 95.08312563388943772, 21.29205506322674069 ) ) ;
#600 = CARTESIAN_POINT ( 'NONE',  ( -25.99999999999999289, 68.65099999999999625, 25.70520066485318722 ) ) ;
#601 = PLANE ( 'NONE',  #5023 ) ;
#602 = ORIENTED_EDGE ( 'NONE', *, *, #5306, .F. ) ;
#603 = EDGE_CURVE ( 'NONE', #4595, #336, #579, .T. ) ;
#604 = CARTESIAN_POINT ( 'NONE',  ( 109.8300000000000125, 107.4809999999999945, 40.29625838435640617 ) ) ;
#605 = VECTOR ( 'NONE', #3879, 1000.000000000000114 ) ;
#606 = CARTESIAN_POINT ( 'NONE',  ( -4.999999999999996447, 116.2094262274024175, 9.035533905932739529 ) ) ;
#607 = DIRECTION ( 'NONE',  ( 0.000000000000000000, 0.000000000000000000, -1.000000000000000000 ) ) ;
#608 = FACE_OUTER_BOUND ( 'NONE', #472, .T. ) ;
#609 = EDGE_LOOP ( 'NONE', ( #1581, #1177, #1322, #1396 ) ) ;
#610 = VERTEX_POINT ( 'NONE', #4210 ) ;
#611 = CARTESIAN_POINT ( 'NONE',  ( 3.910708529437651300E-15, 46.09257377259758215, 9.035533905932735976 ) ) ;
#612 = ORIENTED_EDGE ( 'NONE', *, *, #898, .F. ) ;
#613 = ORIENTED_EDGE ( 'NONE', *, *, #1635, .T. ) ;
#614 = ORIENTED_EDGE ( 'NONE', *, *, #3445, .T. ) ;
#615 = EDGE_CURVE ( 'NONE', #4428, #4810, #323, .T. ) ;
#616 = ADVANCED_FACE ( 'NONE', ( #163 ), #496, .T. ) ;
#617 = CARTESIAN_POINT ( 'NONE',  ( -23.49999999999999289, 64.88007381346680802, 28.81721251301615183 ) ) ;
#618 = DIRECTION ( 'NONE',  ( 0.4142671703051469256, -0.1507809190247613729, 0.8975788689944826926 ) ) ;
#619 = DIRECTION ( 'NONE',  ( -1.000000000000000000, -0.000000000000000000, -0.000000000000000000 ) ) ;
#620 = CARTESIAN_POINT ( 'NONE',  ( -25.99999999999999645, 81.15099999999999625, 38.00000000000000711 ) ) ;
#621 = CARTESIAN_POINT ( 'NONE',  ( 4.251606292599853178E-15, 1.735572012489046672E-31, 10.50000000000000178 ) ) ;
#622 = FACE_OUTER_BOUND ( 'NONE', #1143, .T. ) ;
#623 = VERTEX_POINT ( 'NONE', #81 ) ;
#624 = AXIS2_PLACEMENT_3D ( 'NONE', #1086, #625, #5163 ) ;
#625 = DIRECTION ( 'NONE',  ( 0.000000000000000000, 0.000000000000000000, -1.000000000000000000 ) ) ;
#626 = CARTESIAN_POINT ( 'NONE',  ( 30.00000000000000000, 101.1510000000000105, 8.000000000000000000 ) ) ;
#627 = CARTESIAN_POINT ( 'NONE',  ( 45.63083989060734780, 49.90442616311354840, -11.02880872412753810 ) ) ;
#628 = ORIENTED_EDGE ( 'NONE', *, *, #2704, .T. ) ;
#629 = LINE ( 'NONE', #3575, #865 ) ;
#630 = ORIENTED_EDGE ( 'NONE', *, *, #4626, .F. ) ;
#631 = AXIS2_PLACEMENT_3D ( 'NONE', #2926, #2506, #2048 ) ;
#632 = CARTESIAN_POINT ( 'NONE',  ( -25.99999999999999645, 57.65100000000000335, 58.00000000000000000 ) ) ;
#633 = EDGE_CURVE ( 'NONE', #71, #4883, #5143, .T. ) ;
#634 = CARTESIAN_POINT ( 'NONE',  ( 28.00000000000000000, 84.12762302559254124, -24.99999999999999645 ) ) ;
#635 = FACE_OUTER_BOUND ( 'NONE', #709, .T. ) ;
#636 = ORIENTED_EDGE ( 'NONE', *, *, #2623, .T. ) ;
#637 = CARTESIAN_POINT ( 'NONE',  ( 48.00000000000000711, 90.49710212525111785, -2.500000000000000000 ) ) ;
#638 = ORIENTED_EDGE ( 'NONE', *, *, #473, .F. ) ;
#639 = EDGE_LOOP ( 'NONE', ( #2616, #4621, #1450, #1629 ) ) ;
#640 = EDGE_CURVE ( 'NONE', #4387, #3448, #4652, .T. ) ;
#641 = EDGE_CURVE ( 'NONE', #1922, #2031, #3075, .T. ) ;
#642 = CARTESIAN_POINT ( 'NONE',  ( 28.00000000000000000, 116.4010000000000105, -24.99999999999999289 ) ) ;
#643 = CARTESIAN_POINT ( 'NONE',  ( 124.0000000000000284, 48.90100000000002467, 8.000000000000000000 ) ) ;
#644 = ADVANCED_FACE ( 'NONE', ( #4736 ), #524, .F. ) ;
#645 = DIRECTION ( 'NONE',  ( -0.000000000000000000, 0.000000000000000000, -1.000000000000000000 ) ) ;
#646 = EDGE_CURVE ( 'NONE', #2833, #3561, #506, .T. ) ;
#647 = CARTESIAN_POINT ( 'NONE',  ( 23.50000000000002132, 45.90100000000001046, -2.500000000000000000 ) ) ;
#648 = CIRCLE ( 'NONE', #4814, 2.500000000000002220 ) ;
#649 = CARTESIAN_POINT ( 'NONE',  ( 0.000000000000000000, 0.000000000000000000, 8.000000000000000000 ) ) ;
#650 = ORIENTED_EDGE ( 'NONE', *, *, #162, .F. ) ;
#651 = CARTESIAN_POINT ( 'NONE',  ( -23.00000000000000000, 95.92926918564457139, 24.51843892923671220 ) ) ;
#652 = ADVANCED_FACE ( 'NONE', ( #3373 ), #3418, .F. ) ;
#653 = VECTOR ( 'NONE', #69, 1000.000000000000000 ) ;
#654 = CARTESIAN_POINT ( 'NONE',  ( -7.500000000000000000, 116.4009999999999962, 8.000000000000000000 ) ) ;
#655 = LINE ( 'NONE', #4784, #2763 ) ;
#656 = ORIENTED_EDGE ( 'NONE', *, *, #3874, .T. ) ;
#657 = ORIENTED_EDGE ( 'NONE', *, *, #458, .F. ) ;
#658 = CARTESIAN_POINT ( 'NONE',  ( 45.50000000000002842, 49.90099999999998204, -11.02195169601917257 ) ) ;
#659 = VERTEX_POINT ( 'NONE', #3854 ) ;
#660 = CARTESIAN_POINT ( 'NONE',  ( -23.49999999999999289, 96.15099999999999625, 7.999999999999994671 ) ) ;
#661 = CONICAL_SURFACE ( 'NONE', #2392, 6.299999999999999822, 0.7853981633974481680 ) ;
#662 = AXIS2_PLACEMENT_3D ( 'NONE', #592, #2654, #3516 ) ;
#663 = DIRECTION ( 'NONE',  ( 0.000000000000000000, 1.000000000000000000, -0.000000000000000000 ) ) ;
#664 = VECTOR ( 'NONE', #889, 1000.000000000000000 ) ;
#665 = ORIENTED_EDGE ( 'NONE', *, *, #4789, .T. ) ;
#666 = LINE ( 'NONE', #2064, #4228 ) ;
#667 = ORIENTED_EDGE ( 'NONE', *, *, #3787, .F. ) ;
#668 = VERTEX_POINT ( 'NONE', #2670 ) ;
#669 = CARTESIAN_POINT ( 'NONE',  ( -20.99999999999998934, 104.6739036339680524, 34.67415992023055793 ) ) ;
#670 = LINE ( 'NONE', #2323, #741 ) ;
#671 = ADVANCED_FACE ( 'NONE', ( #1014 ), #4320, .T. ) ;
#672 = EDGE_CURVE ( 'NONE', #1311, #1155, #1284, .T. ) ;
#673 = DIRECTION ( 'NONE',  ( 0.000000000000000000, 0.000000000000000000, 1.000000000000000000 ) ) ;
#674 = DIRECTION ( 'NONE',  ( 0.000000000000000000, 0.000000000000000000, -1.000000000000000000 ) ) ;
#675 = CARTESIAN_POINT ( 'NONE',  ( -20.99999999999998934, 56.24600127986171572, 35.34352358838889074 ) ) ;
#676 = ORIENTED_EDGE ( 'NONE', *, *, #1071, .T. ) ;
#677 = CARTESIAN_POINT ( 'NONE',  ( -23.00000000000000000, 96.12426303460915733, 25.15832198141499987 ) ) ;
#678 = CARTESIAN_POINT ( 'NONE',  ( -26.50000000000000000, 61.15099999999999625, 5.199999999999999289 ) ) ;
#679 = CARTESIAN_POINT ( 'NONE',  ( -23.49999999999999645, 57.65100000000000335, 58.00000000000000000 ) ) ;
#680 = ORIENTED_EDGE ( 'NONE', *, *, #1647, .F. ) ;
#681 = VERTEX_POINT ( 'NONE', #544 ) ;
#682 = AXIS2_PLACEMENT_3D ( 'NONE', #2661, #4757, #3098 ) ;
#683 = CARTESIAN_POINT ( 'NONE',  ( -19.99999999999999645, 81.15099999999999625, 35.10000000000001563 ) ) ;
#684 = EDGE_CURVE ( 'NONE', #2811, #2344, #896, .T. ) ;
#685 = ORIENTED_EDGE ( 'NONE', *, *, #468, .F. ) ;
#686 = CARTESIAN_POINT ( 'NONE',  ( -22.69221443119712234, 58.15100000000001046, 37.10514281886710819 ) ) ;
#687 = CARTESIAN_POINT ( 'NONE',  ( 29.15384615384614975, 81.88714424932530278, -22.50000000000001066 ) ) ;
#688 = ORIENTED_EDGE ( 'NONE', *, *, #2573, .F. ) ;
#689 = LINE ( 'NONE', #2342, #768 ) ;
#690 = ORIENTED_EDGE ( 'NONE', *, *, #1873, .T. ) ;
#691 = ORIENTED_EDGE ( 'NONE', *, *, #5066, .F. ) ;
#692 = VECTOR ( 'NONE', #5310, 1000.000000000000000 ) ;
#693 = VECTOR ( 'NONE', #3149, 1000.000000000000000 ) ;
#694 = CARTESIAN_POINT ( 'NONE',  ( -23.49999999999999289, 100.8112815530064381, 34.51419495240647706 ) ) ;
#695 = CARTESIAN_POINT ( 'NONE',  ( 45.50000000000001421, 4.478293228762823775E-15, 0.000000000000000000 ) ) ;
#696 = DIRECTION ( 'NONE',  ( 0.000000000000000000, 0.000000000000000000, -1.000000000000000000 ) ) ;
#697 = FACE_OUTER_BOUND ( 'NONE', #3391, .T. ) ;
#698 = DIRECTION ( 'NONE',  ( -0.000000000000000000, 1.000000000000000000, -0.000000000000000000 ) ) ;
#699 = ADVANCED_FACE ( 'NONE', ( #873 ), #1360, .F. ) ;
#700 = DIRECTION ( 'NONE',  ( 0.000000000000000000, 0.000000000000000000, -1.000000000000000000 ) ) ;
#701 = EDGE_LOOP ( 'NONE', ( #5122, #2832, #5207, #2321 ) ) ;
#702 = CARTESIAN_POINT ( 'NONE',  ( -20.99999999999999645, 68.65100000002712477, 9.353295343175853205 ) ) ;
#703 = ORIENTED_EDGE ( 'NONE', *, *, #4695, .F. ) ;
#704 = DIRECTION ( 'NONE',  ( 0.000000000000000000, -0.9833145924917903180, 0.1819131996109805416 ) ) ;
#705 = CARTESIAN_POINT ( 'NONE',  ( 38.00000000000000711, 56.15099999999998914, 40.29625838435640617 ) ) ;
#706 = EDGE_LOOP ( 'NONE', ( #2841, #2615, #5139, #1660, #5358, #3733, #2183 ) ) ;
#707 = VERTEX_POINT ( 'NONE', #1738 ) ;
#708 = PLANE ( 'NONE',  #4816 ) ;
#709 = EDGE_LOOP ( 'NONE', ( #4299, #1409, #667, #223 ) ) ;
#710 = ADVANCED_FACE ( 'NONE', ( #2948 ), #951, .T. ) ;
#711 = CARTESIAN_POINT ( 'NONE',  ( -23.00000000000000000, 62.88942552722772206, 32.50924626817514707 ) ) ;
#712 = EDGE_CURVE ( 'NONE', #139, #274, #199, .T. ) ;
#713 = ADVANCED_FACE ( 'NONE', ( #3045 ), #3337, .F. ) ;
#714 = CARTESIAN_POINT ( 'NONE',  ( 62.57000000000000028, 107.4809999999999945, 40.29625838435640617 ) ) ;
#715 = ORIENTED_EDGE ( 'NONE', *, *, #1506, .T. ) ;
#716 = PLANE ( 'NONE',  #2417 ) ;
#717 = ORIENTED_EDGE ( 'NONE', *, *, #1313, .F. ) ;
#718 = ORIENTED_EDGE ( 'NONE', *, *, #3527, .T. ) ;
#719 = DIRECTION ( 'NONE',  ( 1.000000000000000000, 0.000000000000000000, 0.000000000000000000 ) ) ;
#720 = FACE_OUTER_BOUND ( 'NONE', #3101, .T. ) ;
#721 = CARTESIAN_POINT ( 'NONE',  ( -25.99999999999999289, 93.65099999999999625, 25.70520066485318722 ) ) ;
#722 = CARTESIAN_POINT ( 'NONE',  ( 0.000000000000000000, 58.15100000000000335, 58.00000000000000000 ) ) ;
#723 = CARTESIAN_POINT ( 'NONE',  ( -19.99999999999999645, 76.40099999999999625, 58.00000000000000000 ) ) ;
#724 = CARTESIAN_POINT ( 'NONE',  ( -25.99999999999999645, 73.65100000000001046, 58.00000000000000000 ) ) ;
#725 = DIRECTION ( 'NONE',  ( 0.000000000000000000, 0.000000000000000000, -1.000000000000000000 ) ) ;
#726 = ORIENTED_EDGE ( 'NONE', *, *, #458, .T. ) ;
#727 = CARTESIAN_POINT ( 'NONE',  ( -23.49999999999999289, 67.22050220074092408, 21.51942900886643528 ) ) ;
#728 = ORIENTED_EDGE ( 'NONE', *, *, #1043, .T. ) ;
#729 = DIRECTION ( 'NONE',  ( -1.224646799147349263E-16, 1.000000000000000000, -0.000000000000000000 ) ) ;
#730 = CIRCLE ( 'NONE', #1163, 2.899999999999999911 ) ;
#731 = DIRECTION ( 'NONE',  ( 1.000000000000000000, 0.000000000000000000, 0.000000000000000000 ) ) ;
#732 = VECTOR ( 'NONE', #3180, 1000.000000000000000 ) ;
#733 = VERTEX_POINT ( 'NONE', #844 ) ;
#734 = DIRECTION ( 'NONE',  ( 0.000000000000000000, 1.000000000000000000, 0.000000000000000000 ) ) ;
#735 = VERTEX_POINT ( 'NONE', #490 ) ;
#736 = EDGE_CURVE ( 'NONE', #2367, #3369, #2499, .T. ) ;
#737 = EDGE_CURVE ( 'NONE', #2959, #4352, #2512, .T. ) ;
#738 = LINE ( 'NONE', #842, #2552 ) ;
#739 = AXIS2_PLACEMENT_3D ( 'NONE', #570, #1811, #1283 ) ;
#740 = DIRECTION ( 'NONE',  ( -1.000000000000000000, -1.968480540115525171E-16, -0.000000000000000000 ) ) ;
#741 = VECTOR ( 'NONE', #1911, 1000.000000000000000 ) ;
#742 = EDGE_LOOP ( 'NONE', ( #3508, #393, #220, #1383 ) ) ;
#743 = ORIENTED_EDGE ( 'NONE', *, *, #3420, .F. ) ;
#744 = AXIS2_PLACEMENT_3D ( 'NONE', #996, #1861, #3485 ) ;
#745 = CARTESIAN_POINT ( 'NONE',  ( -20.99999999999999289, 105.8416886336879941, 35.27671433363803288 ) ) ;
#746 = VECTOR ( 'NONE', #1517, 1000.000000000000000 ) ;
#747 = DIRECTION ( 'NONE',  ( -0.7071067811865474617, 8.659560562354931626E-17, 0.7071067811865476838 ) ) ;
#748 = DIRECTION ( 'NONE',  ( 0.000000000000000000, 1.000000000000000000, 0.000000000000000000 ) ) ;
#749 = EDGE_CURVE ( 'NONE', #1516, #771, #3207, .T. ) ;
#750 = VECTOR ( 'NONE', #4917, 1000.000000000000000 ) ;
#751 = DIRECTION ( 'NONE',  ( 0.000000000000000000, 0.000000000000000000, -1.000000000000000000 ) ) ;
#752 = ORIENTED_EDGE ( 'NONE', *, *, #2595, .T. ) ;
#753 = DIRECTION ( 'NONE',  ( -1.000000000000000000, 3.965082230804130220E-16, -0.000000000000000000 ) ) ;
#754 = CARTESIAN_POINT ( 'NONE',  ( 109.8300000000000125, 54.82100000000001216, 40.29625838435640617 ) ) ;
#755 = EDGE_LOOP ( 'NONE', ( #1285, #2077 ) ) ;
#756 = CARTESIAN_POINT ( 'NONE',  ( -20.99999999999999289, 66.15100000001808667, 9.302541155652473748 ) ) ;
#757 = ORIENTED_EDGE ( 'NONE', *, *, #195, .T. ) ;
#758 = CARTESIAN_POINT ( 'NONE',  ( -0.4514269561257858721, 116.4010000000000105, -8.613739454362045578 ) ) ;
#759 = FACE_OUTER_BOUND ( 'NONE', #2271, .T. ) ;
#760 = ORIENTED_EDGE ( 'NONE', *, *, #2287, .T. ) ;
#761 = VECTOR ( 'NONE', #1467, 1000.000000000000000 ) ;
#762 = CARTESIAN_POINT ( 'NONE',  ( -20.99999999999999289, 55.15099999999998914, 35.50000000000000000 ) ) ;
#763 = EDGE_CURVE ( 'NONE', #547, #2747, #3935, .T. ) ;
#764 = ORIENTED_EDGE ( 'NONE', *, *, #5127, .F. ) ;
#765 = AXIS2_PLACEMENT_3D ( 'NONE', #4852, #253, #5289 ) ;
#766 = DIRECTION ( 'NONE',  ( 0.000000000000000000, 0.000000000000000000, -1.000000000000000000 ) ) ;
#767 = CARTESIAN_POINT ( 'NONE',  ( 48.00000000000000000, 109.9009999999999962, -11.15297114422675762 ) ) ;
#768 = VECTOR ( 'NONE', #4534, 1000.000000000000000 ) ;
#769 = ADVANCED_FACE ( 'NONE', ( #1413 ), #2718, .F. ) ;
#770 = CARTESIAN_POINT ( 'NONE',  ( 121.0000000000000284, 48.90100000000001756, 8.000000000000000000 ) ) ;
#771 = VERTEX_POINT ( 'NONE', #5138 ) ;
#772 = VERTEX_POINT ( 'NONE', #1091 ) ;
#773 = APPLICATION_CONTEXT ( 'automotive_design' ) ;
#774 = CARTESIAN_POINT ( 'NONE',  ( -21.00000000000678924, 94.32969087149272980, 17.49670034637001237 ) ) ;
#775 = DIRECTION ( 'NONE',  ( 0.9986295347545742773, 0.000000000000000000, -0.05233595624293728432 ) ) ;
#776 = CARTESIAN_POINT ( 'NONE',  ( -25.06076585301733672, 106.6316627614641135, 37.98241635793323212 ) ) ;
#777 = CARTESIAN_POINT ( 'NONE',  ( -19.99999999999999645, 0.000000000000000000, 10.50000000000000178 ) ) ;
#778 = ORIENTED_EDGE ( 'NONE', *, *, #2739, .T. ) ;
#779 = DIRECTION ( 'NONE',  ( -0.1961161351381838225, 0.000000000000000000, -0.9805806756909202226 ) ) ;
#780 = EDGE_CURVE ( 'NONE', #3166, #4614, #3963, .T. ) ;
#781 = DIRECTION ( 'NONE',  ( 1.000000000000000000, 0.000000000000000000, 0.000000000000000000 ) ) ;
#782 = CARTESIAN_POINT ( 'NONE',  ( 81.20000000000000284, 81.15099999999998204, -18.50000000000001776 ) ) ;
#783 = VERTEX_POINT ( 'NONE', #4394 ) ;
#784 = DIRECTION ( 'NONE',  ( 1.000000000000000000, 1.224646799147349016E-16, 0.000000000000000000 ) ) ;
#785 = DIRECTION ( 'NONE',  ( -1.000000000000000000, 2.775557561562888984E-15, 0.000000000000000000 ) ) ;
#786 = DIRECTION ( 'NONE',  ( 0.000000000000000000, 0.000000000000000000, -1.000000000000000000 ) ) ;
#787 = VERTEX_POINT ( 'NONE', #683 ) ;
#788 = FACE_OUTER_BOUND ( 'NONE', #156, .T. ) ;
#789 = FACE_BOUND ( 'NONE', #938, .T. ) ;
#790 = ORIENTED_EDGE ( 'NONE', *, *, #25, .F. ) ;
#791 = CARTESIAN_POINT ( 'NONE',  ( -25.99999999999999645, 71.15100000000001046, 58.00000000000000000 ) ) ;
#792 = DIRECTION ( 'NONE',  ( -1.000000000000000000, 0.000000000000000000, 0.000000000000000000 ) ) ;
#793 = AXIS2_PLACEMENT_3D ( 'NONE', #4548, #1438, #206 ) ;
#794 = DIRECTION ( 'NONE',  ( 0.000000000000000000, 0.000000000000000000, 1.000000000000000000 ) ) ;
#795 = EDGE_LOOP ( 'NONE', ( #3186, #5283, #2829, #2980, #3423 ) ) ;
#796 = ORIENTED_EDGE ( 'NONE', *, *, #2425, .F. ) ;
#797 = CARTESIAN_POINT ( 'NONE',  ( -20.99999999999999289, 97.82378212440815446, 22.23476245740471668 ) ) ;
#798 = DIRECTION ( 'NONE',  ( 1.000000000000000000, 0.000000000000000000, 0.000000000000000000 ) ) ;
#799 = DIRECTION ( 'NONE',  ( -1.000000000000000000, 0.000000000000000000, 0.000000000000000000 ) ) ;
#800 = CYLINDRICAL_SURFACE ( 'NONE', #147, 2.500000000000000000 ) ;
#801 = DIRECTION ( 'NONE',  ( -0.000000000000000000, -0.000000000000000000, -1.000000000000000000 ) ) ;
#802 = CYLINDRICAL_SURFACE ( 'NONE', #1916, 2.500000000000000444 ) ;
#803 = EDGE_CURVE ( 'NONE', #3988, #2303, #1872, .T. ) ;
#804 = CARTESIAN_POINT ( 'NONE',  ( 109.8300000000000125, 54.82099999999999795, -18.50000000000001776 ) ) ;
#805 = DIRECTION ( 'NONE',  ( 3.936961080231052807E-16, -1.000000000000000000, 1.968480540115528967E-15 ) ) ;
#806 = EDGE_LOOP ( 'NONE', ( #1755, #3929, #3481, #3974 ) ) ;
#807 = CARTESIAN_POINT ( 'NONE',  ( -23.49999999999999289, 67.97230912858894669, 17.49670034638152671 ) ) ;
#808 = DIRECTION ( 'NONE',  ( -1.000000000000000000, 0.000000000000000000, 0.000000000000000000 ) ) ;
#809 = DIRECTION ( 'NONE',  ( 0.000000000000000000, 0.000000000000000000, -1.000000000000000000 ) ) ;
#810 = ORIENTED_EDGE ( 'NONE', *, *, #4770, .T. ) ;
#811 = CARTESIAN_POINT ( 'NONE',  ( -20.99999999999999289, 58.15100000000000335, 34.28321493267161202 ) ) ;
#812 = DIRECTION ( 'NONE',  ( -0.000000000000000000, -0.000000000000000000, 1.000000000000000000 ) ) ;
#813 = VERTEX_POINT ( 'NONE', #1038 ) ;
#814 = ADVANCED_FACE ( 'NONE', ( #3496, #185 ), #2313, .T. ) ;
#815 = VECTOR ( 'NONE', #618, 1000.000000000000114 ) ;
#816 = DIRECTION ( 'NONE',  ( 0.4190581774617478383, -0.000000000000000000, 0.9079593845004512165 ) ) ;
#817 = DIRECTION ( 'NONE',  ( -0.7071067811865469066, 8.659560562354926695E-17, 0.7071067811865482389 ) ) ;
#818 = VECTOR ( 'NONE', #5254, 1000.000000000000000 ) ;
#819 = DIRECTION ( 'NONE',  ( 9.842402700577629551E-17, -1.000000000000000000, 0.000000000000000000 ) ) ;
#820 = FACE_OUTER_BOUND ( 'NONE', #4267, .T. ) ;
#821 = ORIENTED_EDGE ( 'NONE', *, *, #1207, .T. ) ;
#822 = CARTESIAN_POINT ( 'NONE',  ( -23.49999999999999289, 96.63779939017359766, 26.83827823685938796 ) ) ;
#823 = DIRECTION ( 'NONE',  ( -0.000000000000000000, -0.000000000000000000, 1.000000000000000000 ) ) ;
#824 = CARTESIAN_POINT ( 'NONE',  ( -25.40628223694175603, 106.2768357201049554, 37.93819724099731161 ) ) ;
#825 = EDGE_CURVE ( 'NONE', #2015, #963, #4412, .T. ) ;
#826 = CARTESIAN_POINT ( 'NONE',  ( 53.00000000000000711, 111.4009999999999962, 8.000000000000000000 ) ) ;
#827 = ORIENTED_EDGE ( 'NONE', *, *, #874, .F. ) ;
#828 = CARTESIAN_POINT ( 'NONE',  ( 23.50000000000001066, 109.9009999999999962, 0.000000000000000000 ) ) ;
#829 = VECTOR ( 'NONE', #1160, 1000.000000000000000 ) ;
#830 = CARTESIAN_POINT ( 'NONE',  ( 121.0000000000000142, 116.4010000000000105, -30.00000000000000000 ) ) ;
#831 = CARTESIAN_POINT ( 'NONE',  ( 0.000000000000000000, 85.90099999999999625, 58.00000000000000000 ) ) ;
#832 = ADVANCED_FACE ( 'NONE', ( #1447 ), #4786, .F. ) ;
#833 = ORIENTED_EDGE ( 'NONE', *, *, #1984, .T. ) ;
#834 = CARTESIAN_POINT ( 'NONE',  ( 48.00000000000000000, 116.4009999999999962, -30.00000000000000000 ) ) ;
#835 = CARTESIAN_POINT ( 'NONE',  ( 48.00000000000001421, 8.377687886472587405E-15, -25.00000000000001066 ) ) ;
#836 = CARTESIAN_POINT ( 'NONE',  ( 104.8300000000000125, 57.52100000000000080, -30.00000000000000711 ) ) ;
#837 = ORIENTED_EDGE ( 'NONE', *, *, #898, .T. ) ;
#838 = LINE ( 'NONE', #4532, #3994 ) ;
#839 = ORIENTED_EDGE ( 'NONE', *, *, #1677, .F. ) ;
#840 = DIRECTION ( 'NONE',  ( 1.296057769407959998E-16, -1.000000000000000000, 0.000000000000000000 ) ) ;
#841 = VECTOR ( 'NONE', #2253, 1000.000000000000000 ) ;
#842 = CARTESIAN_POINT ( 'NONE',  ( -36.00000000000000711, 73.65100000000001046, 10.50000000000000000 ) ) ;
#843 = ADVANCED_FACE ( 'NONE', ( #2335 ), #1475, .F. ) ;
#844 = CARTESIAN_POINT ( 'NONE',  ( -25.99999999999999645, 68.65100000000001046, 7.999999999999994671 ) ) ;
#845 = CYLINDRICAL_SURFACE ( 'NONE', #1853, 2.700000000000008171 ) ;
#846 = ORIENTED_EDGE ( 'NONE', *, *, #4255, .T. ) ;
#847 = AXIS2_PLACEMENT_3D ( 'NONE', #3117, #2624, #3088 ) ;
#848 = LINE ( 'NONE', #3664, #5295 ) ;
#849 = VERTEX_POINT ( 'NONE', #1498 ) ;
#850 = UNCERTAINTY_MEASURE_WITH_UNIT (LENGTH_MEASURE( 1.000000000000000082E-05 ), #1632, 'distance_accuracy_value', 'NONE');
#851 = AXIS2_PLACEMENT_3D ( 'NONE', #4627, #3296, #2898 ) ;
#852 = AXIS2_PLACEMENT_3D ( 'NONE', #836, #3305, #1595 ) ;
#853 = CARTESIAN_POINT ( 'NONE',  ( 54.87000000000000455, 57.52099999999999369, -18.50000000000001776 ) ) ;
#854 = DIRECTION ( 'NONE',  ( 1.000000000000000000, 0.000000000000000000, 0.000000000000000000 ) ) ;
#855 = CARTESIAN_POINT ( 'NONE',  ( -25.76307002457952322, 105.7255504693410160, 37.83419002353222993 ) ) ;
#856 = CARTESIAN_POINT ( 'NONE',  ( 48.00000000000000711, 91.40702771091662271, -24.99999999999999645 ) ) ;
#857 = EDGE_LOOP ( 'NONE', ( #2751, #4692, #1556, #308 ) ) ;
#858 = VERTEX_POINT ( 'NONE', #2663 ) ;
#859 = FACE_OUTER_BOUND ( 'NONE', #1741, .T. ) ;
#860 = DIRECTION ( 'NONE',  ( -0.000000000000000000, -1.000000000000000000, -0.000000000000000000 ) ) ;
#861 = FACE_OUTER_BOUND ( 'NONE', #4189, .T. ) ;
#862 = DIRECTION ( 'NONE',  ( -0.1961161351381838225, 0.000000000000000000, -0.9805806756909202226 ) ) ;
#863 = ORIENTED_EDGE ( 'NONE', *, *, #2934, .F. ) ;
#864 = EDGE_CURVE ( 'NONE', #2364, #910, #4313, .T. ) ;
#865 = VECTOR ( 'NONE', #1523, 1000.000000000000000 ) ;
#866 = AXIS2_PLACEMENT_3D ( 'NONE', #549, #5039, #2209 ) ;
#867 = LINE ( 'NONE', #5026, #1519 ) ;
#868 = LINE ( 'NONE', #2520, #5226 ) ;
#869 = ORIENTED_EDGE ( 'NONE', *, *, #4316, .F. ) ;
#870 = DIRECTION ( 'NONE',  ( -0.000000000000000000, -0.000000000000000000, 1.000000000000000000 ) ) ;
#871 = CARTESIAN_POINT ( 'NONE',  ( 34.00000000000000711, 78.65099999999998204, -11.45090789030152578 ) ) ;
#872 = EDGE_CURVE ( 'NONE', #363, #367, #1066, .T. ) ;
#873 = FACE_OUTER_BOUND ( 'NONE', #1491, .T. ) ;
#874 = EDGE_CURVE ( 'NONE', #4773, #858, #4366, .T. ) ;
#875 = EDGE_CURVE ( 'NONE', #581, #4197, #1446, .T. ) ;
#876 = CARTESIAN_POINT ( 'NONE',  ( -25.99999999999999645, 76.15100000000001046, 8.000000000000000000 ) ) ;
#877 = ORIENTED_EDGE ( 'NONE', *, *, #2408, .F. ) ;
#878 = EDGE_CURVE ( 'NONE', #3015, #3166, #1815, .T. ) ;
#879 = CARTESIAN_POINT ( 'NONE',  ( -20.99999999999999289, 98.36677771027368067, 24.11829906531493251 ) ) ;
#880 = CARTESIAN_POINT ( 'NONE',  ( -20.99999999999999289, 106.5977729096223214, 35.46734175467522476 ) ) ;
#881 = CARTESIAN_POINT ( 'NONE',  ( -25.98575767429157679, 104.9603448725810324, 37.60442251944565584 ) ) ;
#882 = ORIENTED_EDGE ( 'NONE', *, *, #1435, .T. ) ;
#883 = EDGE_CURVE ( 'NONE', #4469, #1258, #4762, .T. ) ;
#884 = DIRECTION ( 'NONE',  ( 1.000000000000000000, -0.000000000000000000, -0.000000000000000000 ) ) ;
#885 = ORIENTED_EDGE ( 'NONE', *, *, #2295, .F. ) ;
#886 = ORIENTED_EDGE ( 'NONE', *, *, #640, .F. ) ;
#887 = CARTESIAN_POINT ( 'NONE',  ( 104.8300000000000125, 102.0809999999999889, -30.00000000000000000 ) ) ;
#888 = DIRECTION ( 'NONE',  ( 1.000000000000000000, -2.775557561562892929E-15, -2.836083292043357514E-31 ) ) ;
#889 = DIRECTION ( 'NONE',  ( 0.000000000000000000, 1.000000000000000000, -0.000000000000000000 ) ) ;
#890 = DIRECTION ( 'NONE',  ( 1.000000000000000000, 0.000000000000000000, 0.000000000000000000 ) ) ;
#891 = DIRECTION ( 'NONE',  ( -1.000000000000000000, 0.000000000000000000, 0.000000000000000000 ) ) ;
#892 = APPLICATION_PROTOCOL_DEFINITION ( 'draft international standard', 'automotive_design', 1998, #773 ) ;
#893 = EDGE_LOOP ( 'NONE', ( #3562, #5092, #4166, #1726 ) ) ;
#894 = CARTESIAN_POINT ( 'NONE',  ( -20.99999999999999289, 58.15100000000000335, 8.000000000000000000 ) ) ;
#895 = CYLINDRICAL_SURFACE ( 'NONE', #5343, 2.500000000000001776 ) ;
#896 = LINE ( 'NONE', #3745, #3897 ) ;
#897 = VERTEX_POINT ( 'NONE', #1843 ) ;
#898 = EDGE_CURVE ( 'NONE', #3475, #2563, #629, .T. ) ;
#899 = ADVANCED_FACE ( 'NONE', ( #697 ), #3694, .F. ) ;
#900 = CARTESIAN_POINT ( 'NONE',  ( -1.035533905932737087, 107.1509999999999678, 57.99999999999999289 ) ) ;
#901 = EDGE_LOOP ( 'NONE', ( #3397, #4417 ) ) ;
#902 = AXIS2_PLACEMENT_3D ( 'NONE', #5175, #4319, #1069 ) ;
#903 = CARTESIAN_POINT ( 'NONE',  ( -21.67847725562688410, 104.1510000000000105, 36.36202982043171517 ) ) ;
#904 = CARTESIAN_POINT ( 'NONE',  ( 45.50000000000002842, 49.90099999999998204, -11.02195169601917257 ) ) ;
#905 = DIRECTION ( 'NONE',  ( 0.000000000000000000, 0.000000000000000000, -1.000000000000000000 ) ) ;
#906 = ORIENTED_EDGE ( 'NONE', *, *, #4797, .F. ) ;
#907 = VECTOR ( 'NONE', #3685, 1000.000000000000000 ) ;
#908 = CARTESIAN_POINT ( 'NONE',  ( -0.000000000000000000, 104.1510000000000105, 8.000000000000000000 ) ) ;
#909 = ORIENTED_EDGE ( 'NONE', *, *, #993, .F. ) ;
#910 = VERTEX_POINT ( 'NONE', #1981 ) ;
#911 = EDGE_CURVE ( 'NONE', #1633, #3425, #2893, .T. ) ;
#912 = CARTESIAN_POINT ( 'NONE',  ( -20.99999999999999289, 56.46031136631316372, 35.27671433363803999 ) ) ;
#913 = CARTESIAN_POINT ( 'NONE',  ( -24.77070938185387305, 55.49163050045233092, 37.99116965058792772 ) ) ;
#914 = CARTESIAN_POINT ( 'NONE',  ( 34.00000000000000711, 78.65099999999998204, -11.45090789030152578 ) ) ;
#915 = AXIS2_PLACEMENT_3D ( 'NONE', #3374, #2954, #4543 ) ;
#916 = DIRECTION ( 'NONE',  ( 4.921201350288814159E-17, 1.000000000000000000, 1.476360405086644309E-16 ) ) ;
#917 = AXIS2_PLACEMENT_3D ( 'NONE', #450, #5075, #1732 ) ;
#918 = CARTESIAN_POINT ( 'NONE',  ( 104.8300000000000125, 60.22100000000001785, -30.00000000000000711 ) ) ;
#919 = VECTOR ( 'NONE', #4221, 999.9999999999998863 ) ;
#920 = ORIENTED_EDGE ( 'NONE', *, *, #1675, .T. ) ;
#921 = VECTOR ( 'NONE', #4090, 1000.000000000000000 ) ;
#922 =( BOUNDED_CURVE ( )  B_SPLINE_CURVE ( 3, ( #30, #1697, #2214, #3450 ),
 .UNSPECIFIED., .F., .F. ) 
 B_SPLINE_CURVE_WITH_KNOTS ( ( 4, 4 ),
 ( 1.570796326794896780, 3.141592653589793116 ),
 .UNSPECIFIED. ) 
 CURVE ( )  GEOMETRIC_REPRESENTATION_ITEM ( )  RATIONAL_B_SPLINE_CURVE ( ( 1.000000000000000000, 0.8047378541243650485, 0.8047378541243650485, 1.000000000000000000 ) ) 
 REPRESENTATION_ITEM ( '' )  );
#923 = CARTESIAN_POINT ( 'NONE',  ( 109.8300000000000125, 104.7810000000000059, 40.29625838435640617 ) ) ;
#924 = CARTESIAN_POINT ( 'NONE',  ( -22.49999999999999645, 85.90099999999999625, 58.00000000000000000 ) ) ;
#925 = CARTESIAN_POINT ( 'NONE',  ( -23.49999999999999289, 55.15099999999998914, 38.00000000000000000 ) ) ;
#926 = DIRECTION ( 'NONE',  ( -0.1961161351381838225, -0.000000000000000000, -0.9805806756909202226 ) ) ;
#927 = ORIENTED_EDGE ( 'NONE', *, *, #2635, .F. ) ;
#928 = VERTEX_POINT ( 'NONE', #2502 ) ;
#929 = EDGE_CURVE ( 'NONE', #1941, #4742, #2013, .T. ) ;
#930 = AXIS2_PLACEMENT_3D ( 'NONE', #782, #3980, #2434 ) ;
#931 = CARTESIAN_POINT ( 'NONE',  ( 104.8300000000000125, 104.7810000000000059, -18.50000000000001776 ) ) ;
#932 = DIRECTION ( 'NONE',  ( 0.000000000000000000, 0.000000000000000000, -1.000000000000000000 ) ) ;
#933 = DIRECTION ( 'NONE',  ( 0.000000000000000000, 0.000000000000000000, -1.000000000000000000 ) ) ;
#934 = ORIENTED_EDGE ( 'NONE', *, *, #1107, .F. ) ;
#935 = ORIENTED_EDGE ( 'NONE', *, *, #2567, .T. ) ;
#936 = CARTESIAN_POINT ( 'NONE',  ( 2.500000000000002220, 45.90100000000000335, 7.999999999999903189 ) ) ;
#937 = ORIENTED_EDGE ( 'NONE', *, *, #4684, .T. ) ;
#938 = EDGE_LOOP ( 'NONE', ( #3453, #5111 ) ) ;
#939 = AXIS2_PLACEMENT_3D ( 'NONE', #2325, #2019, #1912 ) ;
#940 = VECTOR ( 'NONE', #3067, 1000.000000000000000 ) ;
#941 = CARTESIAN_POINT ( 'NONE',  ( -20.99999999999999289, 63.31352839078346761, 25.98604953930966488 ) ) ;
#942 = LINE ( 'NONE', #3429, #4274 ) ;
#943 = DIRECTION ( 'NONE',  ( -1.000000000000000000, -1.968480540115525171E-16, -0.000000000000000000 ) ) ;
#944 = EDGE_CURVE ( 'NONE', #3831, #4886, #4594, .T. ) ;
#945 = DIRECTION ( 'NONE',  ( 1.000000000000000000, 0.000000000000000000, 0.000000000000000000 ) ) ;
#946 = CARTESIAN_POINT ( 'NONE',  ( 28.00000000000000000, 116.4010000000000105, -24.99999999999999289 ) ) ;
#947 = VERTEX_POINT ( 'NONE', #3264 ) ;
#948 = CARTESIAN_POINT ( 'NONE',  ( 48.00000000000000711, 70.89497228908335558, -25.00000000000000000 ) ) ;
#949 = DIRECTION ( 'NONE',  ( 1.090186876030910762E-16, -1.000000000000000000, 0.000000000000000000 ) ) ;
#950 = VECTOR ( 'NONE', #5007, 1000.000000000000000 ) ;
#951 = PLANE ( 'NONE',  #2780 ) ;
#952 = VERTEX_POINT ( 'NONE', #4538 ) ;
#953 = DIRECTION ( 'NONE',  ( 1.000000000000000000, 0.000000000000000000, 0.000000000000000000 ) ) ;
#954 = ORIENTED_EDGE ( 'NONE', *, *, #4663, .T. ) ;
#955 = EDGE_CURVE ( 'NONE', #3135, #4123, #2337, .T. ) ;
#956 = DIRECTION ( 'NONE',  ( -1.000000000000000000, 0.000000000000000000, 0.000000000000000000 ) ) ;
#957 = CARTESIAN_POINT ( 'NONE',  ( -4.999999999999998224, 107.1510000000000247, 9.035533905932739529 ) ) ;
#958 = PLANE ( 'NONE',  #2653 ) ;
#959 = ORIENTED_EDGE ( 'NONE', *, *, #533, .T. ) ;
#960 = ORIENTED_EDGE ( 'NONE', *, *, #3315, .F. ) ;
#961 = LINE ( 'NONE', #4655, #410 ) ;
#962 = EDGE_LOOP ( 'NONE', ( #703, #869, #3150 ) ) ;
#963 = VERTEX_POINT ( 'NONE', #1257 ) ;
#964 = ORIENTED_EDGE ( 'NONE', *, *, #132, .T. ) ;
#965 = CARTESIAN_POINT ( 'NONE',  ( -20.99999999999999289, 55.81456521580117425, 35.45278355486853172 ) ) ;
#966 =( GEOMETRIC_REPRESENTATION_CONTEXT ( 3 ) GLOBAL_UNCERTAINTY_ASSIGNED_CONTEXT ( ( #850 ) ) GLOBAL_UNIT_ASSIGNED_CONTEXT ( ( #1632, #402, #5382 ) ) REPRESENTATION_CONTEXT ( 'NONE', 'WORKASPACE' ) );
#967 = LINE ( 'NONE', #1377, #5158 ) ;
#968 = ADVANCED_FACE ( 'NONE', ( #1287 ), #3638, .F. ) ;
#969 = ADVANCED_FACE ( 'NONE', ( #820 ), #407, .F. ) ;
#970 = CARTESIAN_POINT ( 'NONE',  ( -7.500000000000000000, 109.6510000000000105, 8.000000000000000000 ) ) ;
#971 = AXIS2_PLACEMENT_3D ( 'NONE', #2078, #417, #3734 ) ;
#972 = DIRECTION ( 'NONE',  ( -1.000000000000000000, -0.000000000000000000, -0.000000000000000000 ) ) ;
#973 = CARTESIAN_POINT ( 'NONE',  ( 34.00000000000000711, 83.65099999999999625, -2.499999999999998668 ) ) ;
#974 = CARTESIAN_POINT ( 'NONE',  ( -17.49999999999999645, 85.90099999999999625, 8.000000000000000000 ) ) ;
#975 = VERTEX_POINT ( 'NONE', #4929 ) ;
#976 = CARTESIAN_POINT ( 'NONE',  ( -22.99999999999999645, 102.9890934174451047, 36.50334684679845765 ) ) ;
#977 = CARTESIAN_POINT ( 'NONE',  ( 1.521588410824398322E-13, 54.82100000000017559, -18.50000000000001776 ) ) ;
#978 = CARTESIAN_POINT ( 'NONE',  ( -20.19999999999999929, 101.1510000000000105, 8.000000000000000000 ) ) ;
#979 = CARTESIAN_POINT ( 'NONE',  ( -32.79999999999999716, 101.1510000000000105, 8.000000000000000000 ) ) ;
#980 = EDGE_CURVE ( 'NONE', #2642, #1969, #5362, .T. ) ;
#981 = VERTEX_POINT ( 'NONE', #1610 ) ;
#982 = CARTESIAN_POINT ( 'NONE',  ( -2.499999999999999556, 55.15099999999999625, 58.00000000000000000 ) ) ;
#983 = FACE_OUTER_BOUND ( 'NONE', #4186, .T. ) ;
#984 = FACE_OUTER_BOUND ( 'NONE', #5370, .T. ) ;
#985 = ORIENTED_EDGE ( 'NONE', *, *, #2264, .T. ) ;
#986 = ORIENTED_EDGE ( 'NONE', *, *, #1508, .T. ) ;
#987 = VECTOR ( 'NONE', #2569, 1000.000000000000000 ) ;
#988 = LINE ( 'NONE', #1017, #1634 ) ;
#989 = ORIENTED_EDGE ( 'NONE', *, *, #684, .F. ) ;
#990 = ORIENTED_EDGE ( 'NONE', *, *, #4956, .F. ) ;
#991 = ORIENTED_EDGE ( 'NONE', *, *, #3230, .F. ) ;
#992 = CARTESIAN_POINT ( 'NONE',  ( -21.00000000000341416, 62.85407056324505959, 32.65944962058818390 ) ) ;
#993 = EDGE_CURVE ( 'NONE', #4123, #2642, #848, .T. ) ;
#994 = CARTESIAN_POINT ( 'NONE',  ( -28.49999999999999289, 86.15099999999999625, 8.000000000000000000 ) ) ;
#995 = DIRECTION ( 'NONE',  ( 1.595148023886718822E-16, -1.000000000000000000, 0.000000000000000000 ) ) ;
#996 = CARTESIAN_POINT ( 'NONE',  ( 45.50000000000001421, 4.478293228762823775E-15, -2.500000000000000000 ) ) ;
#997 = VECTOR ( 'NONE', #5081, 1000.000000000000000 ) ;
#998 = EDGE_CURVE ( 'NONE', #5069, #4754, #3288, .T. ) ;
#999 = FACE_BOUND ( 'NONE', #551, .T. ) ;
#1000 = CARTESIAN_POINT ( 'NONE',  ( 26.00000000000002132, 49.90099999999998914, -2.500000000000000000 ) ) ;
#1001 = ORIENTED_EDGE ( 'NONE', *, *, #1107, .T. ) ;
#1002 = CARTESIAN_POINT ( 'NONE',  ( -22.99999999999999645, 94.02875780885044321, 14.70574414809735408 ) ) ;
#1003 = CARTESIAN_POINT ( 'NONE',  ( 121.0000000000000000, 116.4010000000000389, 8.000000000000000000 ) ) ;
#1004 = CYLINDRICAL_SURFACE ( 'NONE', #3970, 2.500000000000000000 ) ;
#1005 = AXIS2_PLACEMENT_3D ( 'NONE', #4143, #421, #4611 ) ;
#1006 = VECTOR ( 'NONE', #2380, 1000.000000000000000 ) ;
#1007 = DIRECTION ( 'NONE',  ( 0.9805806756909202226, 0.000000000000000000, -0.1961161351381837947 ) ) ;
#1008 = AXIS2_PLACEMENT_3D ( 'NONE', #3066, #2308, #4725 ) ;
#1009 = ORIENTED_EDGE ( 'NONE', *, *, #5127, .T. ) ;
#1010 = DIRECTION ( 'NONE',  ( 0.000000000000000000, 1.000000000000000000, 0.000000000000000000 ) ) ;
#1011 = AXIS2_PLACEMENT_3D ( 'NONE', #179, #2687, #1382 ) ;
#1012 = EDGE_CURVE ( 'NONE', #258, #2958, #1902, .T. ) ;
#1013 = CARTESIAN_POINT ( 'NONE',  ( -7.500000000000000000, 116.4009999999999962, 7.999999999999960032 ) ) ;
#1014 = FACE_OUTER_BOUND ( 'NONE', #1642, .T. ) ;
#1015 = CARTESIAN_POINT ( 'NONE',  ( 45.50000000000000000, 112.4009999999999962, 0.000000000000000000 ) ) ;
#1016 = ORIENTED_EDGE ( 'NONE', *, *, #1787, .F. ) ;
#1017 = CARTESIAN_POINT ( 'NONE',  ( 1.042677680904954337E-35, 100.6510000000000105, -30.00000000000000000 ) ) ;
#1018 = ORIENTED_EDGE ( 'NONE', *, *, #4014, .T. ) ;
#1019 = CLOSED_SHELL ( 'NONE', ( #4729, #2397, #2808, #93, #3712, #1053, #3490, #3128, #1827, #2024, #441, #5185, #1891, #3587, #2426, #3559, #205, #4158, #1832, #3155, #3140, #3154, #2002, #408, #2167, #2978, #5361, #4760, #3187, #295, #2369, #710, #4270, #814, #4025, #1993, #3552, #3167, #2359, #3354, #121, #644, #1884, #5053, #5224, #769, #3480, #135, #2437, #4114, #671, #4208, #5056, #1303, #1481, #4332, #4088, #2175, #2928, #1605, #3761, #3766, #5097, #2097, #1603, #188, #4246, #1179, #1599, #4201, #2878, #2963, #3253, #1391, #3788, #1839, #832, #3807, #899, #843, #305, #4477, #3797, #373, #2902, #4445, #4527, #713, #3989, #4822, #1730, #652, #968, #4388, #1575, #2522, #1365, #4161, #128, #2915, #1782, #3085, #1500, #3607, #2565, #3444, #1380, #430, #3699, #699, #3037, #2992, #5334, #464, #1232, #2276, #4888, #505, #1544, #4612, #4515, #177, #3219, #1444, #969, #3847, #1801, #3347, #4967, #4832, #3059, #68, #361, #5292, #4894, #2846, #376, #4891, #4497, #1135, #5057, #1923, #4724, #3290, #4781, #616, #5002, #5223, #3910, #3392, #1665, #3359, #1924, #4924, #1858, #3746, #3382, #1555 ) ) ;
#1020 = ORIENTED_EDGE ( 'NONE', *, *, #2689, .F. ) ;
#1021 = ORIENTED_EDGE ( 'NONE', *, *, #1933, .T. ) ;
#1022 = VECTOR ( 'NONE', #5349, 1000.000000000000000 ) ;
#1023 = CARTESIAN_POINT ( 'NONE',  ( -23.49999999999999289, 59.73349672215914552, 36.23134781736079191 ) ) ;
#1024 = CARTESIAN_POINT ( 'NONE',  ( -25.99999999999999645, 93.65099999999999625, 7.999999999999994671 ) ) ;
#1025 = CIRCLE ( 'NONE', #3707, 2.500000000000002220 ) ;
#1026 = FACE_OUTER_BOUND ( 'NONE', #4590, .T. ) ;
#1027 = DIRECTION ( 'NONE',  ( 1.000000000000000000, -0.000000000000000000, 0.000000000000000000 ) ) ;
#1028 = AXIS2_PLACEMENT_3D ( 'NONE', #1735, #569, #3043 ) ;
#1029 = CARTESIAN_POINT ( 'NONE',  ( -20.99999999999999289, 109.6510000000000105, 8.000000000000000000 ) ) ;
#1030 = VECTOR ( 'NONE', #1681, 1000.000000000000000 ) ;
#1031 = CARTESIAN_POINT ( 'NONE',  ( 57.56999999999999318, 107.4809999999999945, -18.50000000000001776 ) ) ;
#1032 = ORIENTED_EDGE ( 'NONE', *, *, #763, .T. ) ;
#1033 = DIRECTION ( 'NONE',  ( -1.000000000000000000, -0.000000000000000000, -0.000000000000000000 ) ) ;
#1034 = EDGE_CURVE ( 'NONE', #4883, #14, #1690, .T. ) ;
#1035 = FACE_OUTER_BOUND ( 'NONE', #2159, .T. ) ;
#1036 = CARTESIAN_POINT ( 'NONE',  ( 48.00000000000000711, 52.40099999999998204, -13.52538256101397351 ) ) ;
#1037 = ORIENTED_EDGE ( 'NONE', *, *, #1167, .T. ) ;
#1038 = CARTESIAN_POINT ( 'NONE',  ( 53.00000000000000000, 111.4009999999999962, -18.50000000000001421 ) ) ;
#1039 = ORIENTED_EDGE ( 'NONE', *, *, #980, .T. ) ;
#1040 = EDGE_CURVE ( 'NONE', #3574, #367, #4072, .T. ) ;
#1041 = EDGE_CURVE ( 'NONE', #681, #1929, #1667, .T. ) ;
#1042 = CARTESIAN_POINT ( 'NONE',  ( 118.0000000000000142, 91.15099999999999625, -18.19999999999998153 ) ) ;
#1043 = EDGE_CURVE ( 'NONE', #363, #3581, #3317, .T. ) ;
#1044 = CARTESIAN_POINT ( 'NONE',  ( -23.49999999999999289, 93.65099999999999625, 7.999999999999994671 ) ) ;
#1045 = CARTESIAN_POINT ( 'NONE',  ( 121.0000000000000142, 116.4010000000000389, -30.00000000000000711 ) ) ;
#1046 = EDGE_CURVE ( 'NONE', #4156, #3852, #4099, .T. ) ;
#1047 = EDGE_LOOP ( 'NONE', ( #4439, #2911, #2801, #882, #3880, #3785 ) ) ;
#1048 = CARTESIAN_POINT ( 'NONE',  ( 34.00000000000000711, 78.65099999999998204, -2.500000000000000444 ) ) ;
#1049 = VERTEX_POINT ( 'NONE', #381 ) ;
#1050 = ORIENTED_EDGE ( 'NONE', *, *, #3755, .F. ) ;
#1051 = PLANE ( 'NONE',  #1514 ) ;
#1052 = DIRECTION ( 'NONE',  ( -1.000000000000000000, -0.000000000000000000, -0.000000000000000000 ) ) ;
#1053 = ADVANCED_FACE ( 'NONE', ( #1176 ), #1558, .F. ) ;
#1054 = DIRECTION ( 'NONE',  ( -9.842402700577632017E-17, 1.000000000000000000, -1.634166268253291139E-18 ) ) ;
#1055 = CYLINDRICAL_SURFACE ( 'NONE', #2920, 2.500000000000000444 ) ;
#1056 = B_SPLINE_CURVE_WITH_KNOTS ( 'NONE', 3,
 ( #2767, #4438, #4803, #675, #2409, #4030, #1997, #4855, #4061, #3143 ),
 .UNSPECIFIED., .F., .F.,
 ( 4, 2, 2, 2, 4 ),
 ( 0.000000000000000000, 0.0008294745027407621814, 0.001658949005481524363, 0.002488423508222286328, 0.003317898010963048726 ),
 .UNSPECIFIED. ) ;
#1057 = PLANE ( 'NONE',  #4132 ) ;
#1058 = ORIENTED_EDGE ( 'NONE', *, *, #1275, .T. ) ;
#1059 = VECTOR ( 'NONE', #2432, 1000.000000000000000 ) ;
#1060 = CARTESIAN_POINT ( 'NONE',  ( -22.99999999999998934, 95.38734283495641364, 22.58977651954464250 ) ) ;
#1061 = DIRECTION ( 'NONE',  ( 0.000000000000000000, 1.000000000000000000, 0.000000000000000000 ) ) ;
#1062 = DIRECTION ( 'NONE',  ( -0.000000000000000000, 0.000000000000000000, 1.000000000000000000 ) ) ;
#1063 = EDGE_LOOP ( 'NONE', ( #1073, #424, #3064, #1659, #3248 ) ) ;
#1064 = ORIENTED_EDGE ( 'NONE', *, *, #400, .T. ) ;
#1065 =( BOUNDED_CURVE ( )  B_SPLINE_CURVE ( 3, ( #3635, #5307, #3229, #4097 ),
 .UNSPECIFIED., .F., .F. ) 
 B_SPLINE_CURVE_WITH_KNOTS ( ( 4, 4 ),
 ( 2.709184878019251563, 3.141592653589793560 ),
 .UNSPECIFIED. ) 
 CURVE ( )  GEOMETRIC_REPRESENTATION_ITEM ( )  RATIONAL_B_SPLINE_CURVE ( ( 1.000000000000000000, 0.9844792266118160828, 0.9844792266118160828, 1.000000000000000000 ) ) 
 REPRESENTATION_ITEM ( '' )  );
#1066 = LINE ( 'NONE', #155, #250 ) ;
#1067 = ORIENTED_EDGE ( 'NONE', *, *, #291, .F. ) ;
#1068 = DIRECTION ( 'NONE',  ( 0.000000000000000000, 0.000000000000000000, 1.000000000000000000 ) ) ;
#1069 = DIRECTION ( 'NONE',  ( -1.000000000000000000, 0.000000000000000000, 0.000000000000000000 ) ) ;
#1070 = EDGE_CURVE ( 'NONE', #4123, #2211, #520, .T. ) ;
#1071 = EDGE_CURVE ( 'NONE', #2419, #3850, #1386, .T. ) ;
#1072 = VERTEX_POINT ( 'NONE', #3441 ) ;
#1073 = ORIENTED_EDGE ( 'NONE', *, *, #874, .T. ) ;
#1074 = CARTESIAN_POINT ( 'NONE',  ( -22.99999999999999645, 0.000000000000000000, 58.00000000000000000 ) ) ;
#1075 = VERTEX_POINT ( 'NONE', #2582 ) ;
#1076 = VERTEX_POINT ( 'NONE', #3370 ) ;
#1077 = CARTESIAN_POINT ( 'NONE',  ( 26.50000000000000000, 101.1510000000000105, 0.000000000000000000 ) ) ;
#1078 = DIRECTION ( 'NONE',  ( 0.000000000000000000, -0.1819131996109805138, -0.9833145924917902070 ) ) ;
#1079 = CIRCLE ( 'NONE', #4807, 3.499999999999999556 ) ;
#1080 = LINE ( 'NONE', #2732, #1780 ) ;
#1081 = DIRECTION ( 'NONE',  ( 0.000000000000000000, 1.000000000000000000, 0.000000000000000000 ) ) ;
#1082 = EDGE_CURVE ( 'NONE', #3246, #3777, #5113, .T. ) ;
#1083 = AXIS2_PLACEMENT_3D ( 'NONE', #931, #2974, #1791 ) ;
#1084 = DIRECTION ( 'NONE',  ( 1.000000000000000000, 0.000000000000000000, 0.000000000000000000 ) ) ;
#1085 = ORIENTED_EDGE ( 'NONE', *, *, #1041, .F. ) ;
#1086 = CARTESIAN_POINT ( 'NONE',  ( 81.20000000000000284, 81.15099999999998204, 40.29625838435640617 ) ) ;
#1087 = DIRECTION ( 'NONE',  ( 0.000000000000000000, 0.000000000000000000, -1.000000000000000000 ) ) ;
#1088 = DIRECTION ( 'NONE',  ( 0.000000000000000000, 1.000000000000000000, 0.000000000000000000 ) ) ;
#1089 = ORIENTED_EDGE ( 'NONE', *, *, #4615, .T. ) ;
#1090 = EDGE_LOOP ( 'NONE', ( #3892, #1808, #4328, #4508 ) ) ;
#1091 = CARTESIAN_POINT ( 'NONE',  ( 48.00000000000000711, 71.80489787474886043, -2.500000000000000000 ) ) ;
#1092 = VERTEX_POINT ( 'NONE', #4701 ) ;
#1093 = CARTESIAN_POINT ( 'NONE',  ( -22.00916317982293791, 58.15100000000001756, 36.69903621725522669 ) ) ;
#1094 = AXIS2_PLACEMENT_3D ( 'NONE', #4191, #4167, #2022 ) ;
#1095 = AXIS2_PLACEMENT_3D ( 'NONE', #2765, #4828, #2877 ) ;
#1096 = FACE_OUTER_BOUND ( 'NONE', #2885, .T. ) ;
#1097 = EDGE_LOOP ( 'NONE', ( #3210, #1503, #1138, #4304, #416, #2755 ) ) ;
#1098 = DIRECTION ( 'NONE',  ( 1.224646799147349263E-16, -1.000000000000000000, 0.000000000000000000 ) ) ;
#1099 = ORIENTED_EDGE ( 'NONE', *, *, #1818, .T. ) ;
#1100 = ORIENTED_EDGE ( 'NONE', *, *, #272, .F. ) ;
#1101 = EDGE_CURVE ( 'NONE', #3425, #3003, #4205, .T. ) ;
#1102 = CARTESIAN_POINT ( 'NONE',  ( -22.49999999999999645, 85.90099999999999625, 55.50000000000000000 ) ) ;
#1103 = LINE ( 'NONE', #2758, #4032 ) ;
#1104 = AXIS2_PLACEMENT_3D ( 'NONE', #1515, #4086, #1967 ) ;
#1105 = DIRECTION ( 'NONE',  ( -0.000000000000000000, 1.000000000000000000, -0.000000000000000000 ) ) ;
#1106 = DIRECTION ( 'NONE',  ( -1.000000000000000000, 0.000000000000000000, 0.000000000000000000 ) ) ;
#1107 = EDGE_CURVE ( 'NONE', #367, #1781, #2171, .T. ) ;
#1108 = DIRECTION ( 'NONE',  ( 1.000000000000000000, 7.796510004390144799E-17, -0.000000000000000000 ) ) ;
#1109 = VERTEX_POINT ( 'NONE', #3415 ) ;
#1110 = EDGE_CURVE ( 'NONE', #4039, #3439, #5333, .T. ) ;
#1111 = CARTESIAN_POINT ( 'NONE',  ( 33.76989846125113104, 83.65099999999999625, -12.49855333395589518 ) ) ;
#1112 = ORIENTED_EDGE ( 'NONE', *, *, #1947, .T. ) ;
#1113 = CARTESIAN_POINT ( 'NONE',  ( 0.000000000000000000, 55.15099999999998914, 58.00000000000000000 ) ) ;
#1114 = DIRECTION ( 'NONE',  ( -0.000000000000000000, -0.000000000000000000, 1.000000000000000000 ) ) ;
#1115 = ORIENTED_EDGE ( 'NONE', *, *, #2729, .T. ) ;
#1116 = EDGE_LOOP ( 'NONE', ( #717, #989, #2388, #3833 ) ) ;
#1117 = VECTOR ( 'NONE', #4406, 1000.000000000000000 ) ;
#1118 = AXIS2_PLACEMENT_3D ( 'NONE', #5377, #1572, #3225 ) ;
#1119 = DIRECTION ( 'NONE',  ( 1.000000000000000000, 3.936961080231052807E-16, -0.000000000000000000 ) ) ;
#1120 = EDGE_LOOP ( 'NONE', ( #5209, #4294, #3726, #715 ) ) ;
#1121 = CARTESIAN_POINT ( 'NONE',  ( -22.40226900862407078, 58.15100000000001756, 36.97031827940594439 ) ) ;
#1122 = CARTESIAN_POINT ( 'NONE',  ( -23.49999999999999289, 99.11550333706152571, 32.12881957049455650 ) ) ;
#1123 = ORIENTED_EDGE ( 'NONE', *, *, #3520, .F. ) ;
#1124 = CYLINDRICAL_SURFACE ( 'NONE', #4938, 2.700000000000008171 ) ;
#1125 = EDGE_LOOP ( 'NONE', ( #1709, #4585, #1898, #1593 ) ) ;
#1126 = ORIENTED_EDGE ( 'NONE', *, *, #4482, .F. ) ;
#1127 = VECTOR ( 'NONE', #4646, 1000.000000000000000 ) ;
#1128 = AXIS2_PLACEMENT_3D ( 'NONE', #3775, #1715, #3367 ) ;
#1129 = CYLINDRICAL_SURFACE ( 'NONE', #379, 2.500000000000000444 ) ;
#1130 = DIRECTION ( 'NONE',  ( -0.000000000000000000, 0.000000000000000000, 1.000000000000000000 ) ) ;
#1131 = PLANE ( 'NONE',  #1798 ) ;
#1132 = ORIENTED_EDGE ( 'NONE', *, *, #5033, .F. ) ;
#1133 = DIRECTION ( 'NONE',  ( 0.000000000000000000, 0.000000000000000000, -1.000000000000000000 ) ) ;
#1134 = LINE ( 'NONE', #2795, #4572 ) ;
#1135 = ADVANCED_FACE ( 'NONE', ( #5110 ), #3021, .F. ) ;
#1136 = EDGE_LOOP ( 'NONE', ( #357, #1288, #2785, #522, #691, #5363 ) ) ;
#1137 = CARTESIAN_POINT ( 'NONE',  ( -23.49999999999999289, 66.90175198551661140, 22.85317152257769635 ) ) ;
#1138 = ORIENTED_EDGE ( 'NONE', *, *, #1846, .T. ) ;
#1139 = DIRECTION ( 'NONE',  ( 9.842402700577632017E-17, -1.000000000000000000, 0.000000000000000000 ) ) ;
#1140 = CARTESIAN_POINT ( 'NONE',  ( 34.00000000000000711, 78.65099999999998204, 13.99999999999999822 ) ) ;
#1141 = ORIENTED_EDGE ( 'NONE', *, *, #646, .T. ) ;
#1142 = DIRECTION ( 'NONE',  ( 1.000000000000000000, 0.000000000000000000, 0.000000000000000000 ) ) ;
#1143 = EDGE_LOOP ( 'NONE', ( #2141, #1842, #5284 ) ) ;
#1144 = ORIENTED_EDGE ( 'NONE', *, *, #4437, .T. ) ;
#1145 = CARTESIAN_POINT ( 'NONE',  ( -35.99999999999999289, 87.61546609406725850, 8.000000000000000000 ) ) ;
#1146 = VECTOR ( 'NONE', #2530, 1000.000000000000114 ) ;
#1147 = EDGE_CURVE ( 'NONE', #3478, #127, #146, .T. ) ;
#1148 = CARTESIAN_POINT ( 'NONE',  ( -25.99999999999999645, 73.65100000000001046, 10.50000000000000178 ) ) ;
#1149 = ORIENTED_EDGE ( 'NONE', *, *, #1400, .F. ) ;
#1150 = EDGE_LOOP ( 'NONE', ( #2494, #2593, #4466, #959, #4013 ) ) ;
#1151 = DIRECTION ( 'NONE',  ( -1.000000000000000000, 4.921201350288813543E-17, 1.643610237446544972E-32 ) ) ;
#1152 = CARTESIAN_POINT ( 'NONE',  ( -32.79999999999999716, 61.15099999999999625, 8.000000000000000000 ) ) ;
#1153 = DIRECTION ( 'NONE',  ( 1.445602896647339410E-16, -1.000000000000000000, 4.849634169527176179E-32 ) ) ;
#1154 = CARTESIAN_POINT ( 'NONE',  ( 118.0000000000000284, 71.15100000000001046, -11.99999999999999467 ) ) ;
#1155 = VERTEX_POINT ( 'NONE', #2235 ) ;
#1156 = CARTESIAN_POINT ( 'NONE',  ( 38.00000000000000000, 106.1509999999999962, -30.00000000000000000 ) ) ;
#1157 = EDGE_CURVE ( 'NONE', #4197, #1516, #4233, .T. ) ;
#1158 = DIRECTION ( 'NONE',  ( 2.775557561562892929E-15, 1.000000000000000000, 0.000000000000000000 ) ) ;
#1159 = ORIENTED_EDGE ( 'NONE', *, *, #5014, .T. ) ;
#1160 = DIRECTION ( 'NONE',  ( 1.000000000000000000, 1.801018917263768674E-16, -0.000000000000000000 ) ) ;
#1161 = ORIENTED_EDGE ( 'NONE', *, *, #2241, .T. ) ;
#1162 = CARTESIAN_POINT ( 'NONE',  ( 0.000000000000000000, 46.36350000000002325, 10.49999999999999467 ) ) ;
#1163 = AXIS2_PLACEMENT_3D ( 'NONE', #2486, #4112, #4168 ) ;
#1164 = CYLINDRICAL_SURFACE ( 'NONE', #4315, 3.499999999999999556 ) ;
#1165 = AXIS2_PLACEMENT_3D ( 'NONE', #4537, #2168, #819 ) ;
#1166 = ORIENTED_EDGE ( 'NONE', *, *, #1327, .T. ) ;
#1167 = EDGE_CURVE ( 'NONE', #2647, #4614, #1817, .T. ) ;
#1168 = DIRECTION ( 'NONE',  ( -1.000000000000000000, -1.445602896647339410E-16, 0.000000000000000000 ) ) ;
#1169 = ORIENTED_EDGE ( 'NONE', *, *, #3755, .T. ) ;
#1170 = AXIS2_PLACEMENT_3D ( 'NONE', #3632, #2861, #1574 ) ;
#1171 = DIRECTION ( 'NONE',  ( 1.000000000000000000, 2.775557561562888984E-15, 0.000000000000000000 ) ) ;
#1172 = CIRCLE ( 'NONE', #2301, 3.000000000000002665 ) ;
#1173 = FACE_OUTER_BOUND ( 'NONE', #2977, .T. ) ;
#1174 = EDGE_CURVE ( 'NONE', #3200, #2564, #1390, .T. ) ;
#1175 = AXIS2_PLACEMENT_3D ( 'NONE', #3000, #2613, #2240 ) ;
#1176 = FACE_OUTER_BOUND ( 'NONE', #4486, .T. ) ;
#1177 = ORIENTED_EDGE ( 'NONE', *, *, #3585, .F. ) ;
#1178 = VERTEX_POINT ( 'NONE', #2151 ) ;
#1179 = ADVANCED_FACE ( 'NONE', ( #3825 ), #100, .F. ) ;
#1180 = CIRCLE ( 'NONE', #391, 6.299999999999996270 ) ;
#1181 = UNCERTAINTY_MEASURE_WITH_UNIT (LENGTH_MEASURE( 1.000000000000000082E-05 ), #41, 'distance_accuracy_value', 'NONE');
#1182 = CARTESIAN_POINT ( 'NONE',  ( -20.99999999999999289, 96.80274014753359779, 17.12635680791776593 ) ) ;
#1183 = AXIS2_PLACEMENT_3D ( 'NONE', #4272, #1887, #4383 ) ;
#1184 = FACE_OUTER_BOUND ( 'NONE', #2122, .T. ) ;
#1185 = CARTESIAN_POINT ( 'NONE',  ( 45.50000000000000711, 52.40099999999998204, -2.500000000000000000 ) ) ;
#1186 = AXIS2_PLACEMENT_3D ( 'NONE', #678, #3984, #4555 ) ;
#1187 = DIRECTION ( 'NONE',  ( 1.042677680898292906E-32, -9.842402700577632017E-17, 1.000000000000000000 ) ) ;
#1188 = ORIENTED_EDGE ( 'NONE', *, *, #2809, .F. ) ;
#1189 = CARTESIAN_POINT ( 'NONE',  ( 62.57000000000000028, 104.7809999999999917, 40.29625838435640617 ) ) ;
#1190 = DIRECTION ( 'NONE',  ( 1.000000000000000000, 3.118604001756057426E-16, 0.000000000000000000 ) ) ;
#1191 = LINE ( 'NONE', #754, #1788 ) ;
#1192 = ORIENTED_EDGE ( 'NONE', *, *, #481, .T. ) ;
#1193 = CARTESIAN_POINT ( 'NONE',  ( 34.00000000000000711, 78.65099999999998204, -2.499999999999998668 ) ) ;
#1194 = ORIENTED_EDGE ( 'NONE', *, *, #3759, .T. ) ;
#1195 = CARTESIAN_POINT ( 'NONE',  ( 62.57000000000000028, 107.4809999999999945, -30.00000000000000000 ) ) ;
#1196 = CARTESIAN_POINT ( 'NONE',  ( -20.99999999999999289, 52.65099999999999625, 8.000000000000000000 ) ) ;
#1197 = EDGE_LOOP ( 'NONE', ( #4711, #2197, #3434, #2444, #165, #5008, #3158, #2518, #3148, #885, #2664, #3054, #1456, #3598, #4788, #3900, #4619, #3109, #2938, #4685 ) ) ;
#1198 = VECTOR ( 'NONE', #3901, 1000.000000000000000 ) ;
#1199 = DIRECTION ( 'NONE',  ( 0.9396926207859082059, -0.3420201433256693235, -5.049449973480774709E-17 ) ) ;
#1200 = CARTESIAN_POINT ( 'NONE',  ( 26.50000000000000000, 101.1510000000000105, 0.000000000000000000 ) ) ;
#1201 = ORIENTED_EDGE ( 'NONE', *, *, #5153, .T. ) ;
#1202 = CIRCLE ( 'NONE', #238, 2.500000000000000444 ) ;
#1203 = CARTESIAN_POINT ( 'NONE',  ( -1.521588410824383176E-13, 54.82099999999971374, 40.29625838435640617 ) ) ;
#1204 = CARTESIAN_POINT ( 'NONE',  ( 57.57000000000000028, 54.82100000000001216, -18.50000000000001776 ) ) ;
#1205 = AXIS2_PLACEMENT_3D ( 'NONE', #923, #4199, #3364 ) ;
#1206 = EDGE_CURVE ( 'NONE', #2712, #4886, #4258, .T. ) ;
#1207 = EDGE_CURVE ( 'NONE', #3993, #1922, #339, .T. ) ;
#1208 = VECTOR ( 'NONE', #333, 1000.000000000000000 ) ;
#1209 = DIRECTION ( 'NONE',  ( -0.000000000000000000, 0.000000000000000000, 1.000000000000000000 ) ) ;
#1210 = ORIENTED_EDGE ( 'NONE', *, *, #301, .T. ) ;
#1211 = EDGE_LOOP ( 'NONE', ( #2217, #4869, #3539, #4031, #2071 ) ) ;
#1212 = CARTESIAN_POINT ( 'NONE',  ( -20.99999999999997868, 96.88510986621950849, 27.50258422144920800 ) ) ;
#1213 = CARTESIAN_POINT ( 'NONE',  ( 2.500000000000004441, 1.020538999289459691E-16, 8.000000000000000000 ) ) ;
#1214 = DIRECTION ( 'NONE',  ( 1.000000000000000000, 0.000000000000000000, -0.000000000000000000 ) ) ;
#1215 = DIRECTION ( 'NONE',  ( 1.000000000000000000, 0.000000000000000000, 0.000000000000000000 ) ) ;
#1216 = VECTOR ( 'NONE', #3907, 1000.000000000000000 ) ;
#1217 = DIRECTION ( 'NONE',  ( 2.926945204235919505E-32, -1.476360405086644309E-16, 1.000000000000000000 ) ) ;
#1218 = DIRECTION ( 'NONE',  ( 0.000000000000000000, 1.000000000000000000, 0.000000000000000000 ) ) ;
#1219 = EDGE_CURVE ( 'NONE', #3714, #3604, #50, .T. ) ;
#1220 = CARTESIAN_POINT ( 'NONE',  ( 46.35505035831418041, 74.15412942671363794, -22.50000000000000000 ) ) ;
#1221 = CARTESIAN_POINT ( 'NONE',  ( -25.04516770182321039, 55.67868264674503109, 37.97779484446905229 ) ) ;
#1222 = VERTEX_POINT ( 'NONE', #3103 ) ;
#1223 = CARTESIAN_POINT ( 'NONE',  ( -21.00000000000225953, 66.90175198588987371, 22.85317152268530805 ) ) ;
#1224 = DIRECTION ( 'NONE',  ( -0.000000000000000000, -0.000000000000000000, -1.000000000000000000 ) ) ;
#1225 = LINE ( 'NONE', #2828, #2680 ) ;
#1226 = ORIENTED_EDGE ( 'NONE', *, *, #3130, .F. ) ;
#1227 = CARTESIAN_POINT ( 'NONE',  ( 109.8300000000000125, 104.7810000000000059, -18.50000000000001776 ) ) ;
#1228 = DIRECTION ( 'NONE',  ( 0.000000000000000000, 0.000000000000000000, -1.000000000000000000 ) ) ;
#1229 = ORIENTED_EDGE ( 'NONE', *, *, #5300, .T. ) ;
#1230 = FACE_OUTER_BOUND ( 'NONE', #4073, .T. ) ;
#1231 = FACE_OUTER_BOUND ( 'NONE', #7, .T. ) ;
#1232 = ADVANCED_FACE ( 'NONE', ( #213 ), #5225, .F. ) ;
#1233 = CARTESIAN_POINT ( 'NONE',  ( 118.0000000000000142, 91.15099999999999625, -5.799999999999983835 ) ) ;
#1234 = CARTESIAN_POINT ( 'NONE',  ( -25.99999999999999645, 73.65100000000001046, 58.00000000000000000 ) ) ;
#1235 = ORIENTED_EDGE ( 'NONE', *, *, #5060, .T. ) ;
#1236 = EDGE_CURVE ( 'NONE', #4160, #4006, #5278, .T. ) ;
#1237 = EDGE_CURVE ( 'NONE', #110, #858, #4639, .T. ) ;
#1238 = CARTESIAN_POINT ( 'NONE',  ( -20.99999999999998934, 101.5480566578001884, 31.30076572495672238 ) ) ;
#1239 = CARTESIAN_POINT ( 'NONE',  ( -5.000000000000000000, 55.15099999999999625, 58.00000000000000000 ) ) ;
#1240 = LINE ( 'NONE', #84, #3793 ) ;
#1241 = VERTEX_POINT ( 'NONE', #1451 ) ;
#1242 = FACE_OUTER_BOUND ( 'NONE', #2590, .T. ) ;
#1243 = DIRECTION ( 'NONE',  ( -1.000000000000000000, 0.000000000000000000, 0.000000000000000000 ) ) ;
#1244 = CARTESIAN_POINT ( 'NONE',  ( -23.49999999999999289, 107.1510000000000105, 35.50000000000000000 ) ) ;
#1245 = VERTEX_POINT ( 'NONE', #632 ) ;
#1246 = CYLINDRICAL_SURFACE ( 'NONE', #219, 3.499999999999999556 ) ;
#1247 = EDGE_CURVE ( 'NONE', #4006, #1155, #3532, .T. ) ;
#1248 = DIRECTION ( 'NONE',  ( -0.000000000000000000, 0.000000000000000000, 1.000000000000000000 ) ) ;
#1249 = CARTESIAN_POINT ( 'NONE',  ( 28.50000000000001776, 49.90099999999998204, -7.627588583212784101 ) ) ;
#1250 = ORIENTED_EDGE ( 'NONE', *, *, #3105, .F. ) ;
#1251 = PRESENTATION_STYLE_ASSIGNMENT (( #1328 ) ) ;
#1252 = DIRECTION ( 'NONE',  ( -1.000000000000000000, 0.000000000000000000, 0.000000000000000000 ) ) ;
#1253 = ORIENTED_EDGE ( 'NONE', *, *, #1606, .F. ) ;
#1254 = AXIS2_PLACEMENT_3D ( 'NONE', #3706, #1624, #2960 ) ;
#1255 = LINE ( 'NONE', #2496, #321 ) ;
#1256 = CARTESIAN_POINT ( 'NONE',  ( -5.000000000000001776, 46.09257377259757504, 9.035533905932735976 ) ) ;
#1257 = CARTESIAN_POINT ( 'NONE',  ( 30.99999999999999645, 45.90100000000002467, -25.00000000000000355 ) ) ;
#1258 = VERTEX_POINT ( 'NONE', #1042 ) ;
#1259 = PRESENTATION_LAYER_ASSIGNMENT (  '', '', ( #3849 ) ) ;
#1260 = VECTOR ( 'NONE', #766, 1000.000000000000000 ) ;
#1261 = CARTESIAN_POINT ( 'NONE',  ( -23.49999999999999289, 95.08149779925908263, 21.51942900886643528 ) ) ;
#1262 = CARTESIAN_POINT ( 'NONE',  ( -0.4514269561257852059, 112.4009999999999962, -8.613739454362045578 ) ) ;
#1263 = CARTESIAN_POINT ( 'NONE',  ( -26.50000000000000000, 61.15099999999999625, 0.000000000000000000 ) ) ;
#1264 = EDGE_CURVE ( 'NONE', #79, #1222, #5244, .T. ) ;
#1265 = AXIS2_PLACEMENT_3D ( 'NONE', #3869, #2684, #4802 ) ;
#1266 = DIRECTION ( 'NONE',  ( -0.7071067811865474617, 0.000000000000000000, 0.7071067811865474617 ) ) ;
#1267 = ORIENTED_EDGE ( 'NONE', *, *, #4014, .F. ) ;
#1268 = CIRCLE ( 'NONE', #3170, 6.299999999999996270 ) ;
#1269 =( BOUNDED_CURVE ( )  B_SPLINE_CURVE ( 3, ( #1013, #4425, #606, #3106 ),
 .UNSPECIFIED., .F., .F. ) 
 B_SPLINE_CURVE_WITH_KNOTS ( ( 4, 4 ),
 ( 0.000000000000000000, 1.570796326794897224 ),
 .UNSPECIFIED. ) 
 CURVE ( )  GEOMETRIC_REPRESENTATION_ITEM ( )  RATIONAL_B_SPLINE_CURVE ( ( 1.000000000000000000, 0.8047378541243649375, 0.8047378541243649375, 1.000000000000000000 ) ) 
 REPRESENTATION_ITEM ( '' )  );
#1270 = CARTESIAN_POINT ( 'NONE',  ( 104.8300000000000125, 57.52100000000000080, -18.50000000000001776 ) ) ;
#1271 = CARTESIAN_POINT ( 'NONE',  ( -25.98575161518603949, 57.34099351795530453, 37.60469486776850090 ) ) ;
#1272 = DIRECTION ( 'NONE',  ( -1.445602896647339410E-16, 1.000000000000000000, 0.000000000000000000 ) ) ;
#1273 = CARTESIAN_POINT ( 'NONE',  ( 0.000000000000000000, 68.65100000000001046, 8.000000000000000000 ) ) ;
#1274 = ORIENTED_EDGE ( 'NONE', *, *, #3659, .F. ) ;
#1275 = EDGE_CURVE ( 'NONE', #1222, #3996, #4256, .T. ) ;
#1276 = CARTESIAN_POINT ( 'NONE',  ( 45.50000000000000000, 109.9009999999999962, 0.000000000000000000 ) ) ;
#1277 = EDGE_CURVE ( 'NONE', #3346, #1178, #3556, .T. ) ;
#1278 = DIRECTION ( 'NONE',  ( 1.801018917263768674E-16, -1.000000000000000000, 0.000000000000000000 ) ) ;
#1279 = ORIENTED_EDGE ( 'NONE', *, *, #2835, .F. ) ;
#1280 = EDGE_CURVE ( 'NONE', #1682, #4087, #1943, .T. ) ;
#1281 = DIRECTION ( 'NONE',  ( -0.000000000000000000, -0.000000000000000000, 1.000000000000000000 ) ) ;
#1282 = VECTOR ( 'NONE', #2067, 1000.000000000000000 ) ;
#1283 = DIRECTION ( 'NONE',  ( 0.000000000000000000, 0.000000000000000000, 1.000000000000000000 ) ) ;
#1284 = LINE ( 'NONE', #124, #3724 ) ;
#1285 = ORIENTED_EDGE ( 'NONE', *, *, #4797, .T. ) ;
#1286 = AXIS2_PLACEMENT_3D ( 'NONE', #1404, #4715, #995 ) ;
#1287 = FACE_OUTER_BOUND ( 'NONE', #3399, .T. ) ;
#1288 = ORIENTED_EDGE ( 'NONE', *, *, #2425, .T. ) ;
#1289 = AXIS2_PLACEMENT_3D ( 'NONE', #3560, #5229, #1504 ) ;
#1290 = AXIS2_PLACEMENT_3D ( 'NONE', #4144, #4091, #809 ) ;
#1291 = CARTESIAN_POINT ( 'NONE',  ( -20.99999999999999289, 96.47383724855623655, 14.53572312000655664 ) ) ;
#1292 = DIRECTION ( 'NONE',  ( -0.000000000000000000, -0.000000000000000000, 1.000000000000000000 ) ) ;
#1293 = DIRECTION ( 'NONE',  ( 0.000000000000000000, -1.000000000000000000, 0.000000000000000000 ) ) ;
#1294 = VERTEX_POINT ( 'NONE', #2262 ) ;
#1295 = CARTESIAN_POINT ( 'NONE',  ( 34.00000000000000711, 78.65099999999998204, -2.500000000000000444 ) ) ;
#1296 = ORIENTED_EDGE ( 'NONE', *, *, #5204, .F. ) ;
#1297 = EDGE_LOOP ( 'NONE', ( #821, #846, #4035, #4990 ) ) ;
#1298 = PLANE ( 'NONE',  #3339 ) ;
#1299 = CARTESIAN_POINT ( 'NONE',  ( -26.00000000000000711, 57.49621705985426701, 37.54592704260502956 ) ) ;
#1300 = CARTESIAN_POINT ( 'NONE',  ( -26.50000000000000000, 101.1510000000000105, 8.000000000000000000 ) ) ;
#1301 = CARTESIAN_POINT ( 'NONE',  ( 23.00000000000000000, 61.15099999999999625, 0.000000000000000000 ) ) ;
#1302 = AXIS2_PLACEMENT_3D ( 'NONE', #327, #4569, #953 ) ;
#1303 = ADVANCED_FACE ( 'NONE', ( #1638 ), #4126, .F. ) ;
#1304 = EDGE_CURVE ( 'NONE', #2647, #952, #405, .T. ) ;
#1305 = DIRECTION ( 'NONE',  ( 0.000000000000000000, 1.000000000000000000, -0.000000000000000000 ) ) ;
#1306 = PLANE ( 'NONE',  #4171 ) ;
#1307 = ORIENTED_EDGE ( 'NONE', *, *, #749, .T. ) ;
#1308 = CARTESIAN_POINT ( 'NONE',  ( -26.50000000000000000, 101.1510000000000105, 8.000000000000000000 ) ) ;
#1309 = LINE ( 'NONE', #3877, #2917 ) ;
#1310 = CARTESIAN_POINT ( 'NONE',  ( -23.50000000000000000, 56.63513935512095543, 37.82944183696485396 ) ) ;
#1311 = VERTEX_POINT ( 'NONE', #2497 ) ;
#1312 = CARTESIAN_POINT ( 'NONE',  ( 118.0000000000000284, 50.90100000000000335, -30.00000000000000711 ) ) ;
#1313 = EDGE_CURVE ( 'NONE', #2344, #5303, #3476, .T. ) ;
#1314 = ORIENTED_EDGE ( 'NONE', *, *, #2108, .T. ) ;
#1315 = CARTESIAN_POINT ( 'NONE',  ( 104.8300000000000125, 60.22100000000001074, -18.50000000000001776 ) ) ;
#1316 = LINE ( 'NONE', #1366, #4431 ) ;
#1317 = CARTESIAN_POINT ( 'NONE',  ( 26.00000000000001066, 116.4010000000000105, -2.500000000000000000 ) ) ;
#1318 = VECTOR ( 'NONE', #1228, 1000.000000000000000 ) ;
#1319 = ORIENTED_EDGE ( 'NONE', *, *, #3034, .F. ) ;
#1320 = CARTESIAN_POINT ( 'NONE',  ( 48.00000000000000000, 109.9009999999999962, -2.500000000000000000 ) ) ;
#1321 = ORIENTED_EDGE ( 'NONE', *, *, #4413, .T. ) ;
#1322 = ORIENTED_EDGE ( 'NONE', *, *, #749, .F. ) ;
#1323 = CARTESIAN_POINT ( 'NONE',  ( -23.49999999999999289, 61.49071844699442835, 34.51419495240536861 ) ) ;
#1324 = CARTESIAN_POINT ( 'NONE',  ( -23.49999999999999289, 55.15099999999998914, 38.00000000000000000 ) ) ;
#1325 = DIRECTION ( 'NONE',  ( 0.7071067811865469066, 0.000000000000000000, 0.7071067811865482389 ) ) ;
#1327 = EDGE_CURVE ( 'NONE', #120, #707, #4980, .T. ) ;
#1326 = CARTESIAN_POINT ( 'NONE',  ( -25.99999999999999645, 81.15099999999999625, 38.00000000000000711 ) ) ;
#1328 = SURFACE_STYLE_USAGE ( .BOTH. , #427 ) ;
#1329 = EDGE_LOOP ( 'NONE', ( #3936, #2431, #3628 ) ) ;
#1330 = EDGE_CURVE ( 'NONE', #1941, #735, #738, .T. ) ;
#1331 = CARTESIAN_POINT ( 'NONE',  ( 33.85000000000000853, 56.15099999999998914, -30.00000000000000711 ) ) ;
#1332 = PLANE ( 'NONE',  #2734 ) ;
#1333 = DIRECTION ( 'NONE',  ( -1.000000000000000000, -1.090186876030910145E-16, 0.000000000000000000 ) ) ;
#1334 = CARTESIAN_POINT ( 'NONE',  ( 26.00000000000002132, 49.90099999999996783, -1.035533905932738197 ) ) ;
#1335 = ORIENTED_EDGE ( 'NONE', *, *, #2901, .T. ) ;
#1336 = ORIENTED_EDGE ( 'NONE', *, *, #1452, .T. ) ;
#1337 = VECTOR ( 'NONE', #1415, 1000.000000000000000 ) ;
#1338 = DIRECTION ( 'NONE',  ( 0.000000000000000000, 0.000000000000000000, -1.000000000000000000 ) ) ;
#1339 = DIRECTION ( 'NONE',  ( -1.000000000000000000, 0.000000000000000000, 0.000000000000000000 ) ) ;
#1340 = FACE_BOUND ( 'NONE', #2044, .T. ) ;
#1341 = EDGE_CURVE ( 'NONE', #4095, #1178, #1172, .T. ) ;
#1342 = VERTEX_POINT ( 'NONE', #2391 ) ;
#1343 = EDGE_LOOP ( 'NONE', ( #3958, #1531, #2786, #2247, #2145 ) ) ;
#1344 = CIRCLE ( 'NONE', #4636, 2.700000000000008171 ) ;
#1345 = EDGE_CURVE ( 'NONE', #4863, #3475, #4151, .T. ) ;
#1346 = DIRECTION ( 'NONE',  ( -1.000000000000000000, 0.000000000000000000, 1.042677680898292906E-32 ) ) ;
#1347 = EDGE_LOOP ( 'NONE', ( #5290, #3449, #4206, #2628 ) ) ;
#1348 = ORIENTED_EDGE ( 'NONE', *, *, #37, .F. ) ;
#1349 = CARTESIAN_POINT ( 'NONE',  ( -23.49999999999999289, 64.59044380860946433, 29.46847085635181429 ) ) ;
#1350 = AXIS2_PLACEMENT_3D ( 'NONE', #5332, #1578, #1662 ) ;
#1351 = DIRECTION ( 'NONE',  ( 0.000000000000000000, 1.000000000000000000, 0.000000000000000000 ) ) ;
#1352 = CIRCLE ( 'NONE', #38, 2.899999999999999911 ) ;
#1353 = CARTESIAN_POINT ( 'NONE',  ( 28.00000000000000000, 116.4010000000000105, -24.99999999999999289 ) ) ;
#1354 = CARTESIAN_POINT ( 'NONE',  ( 45.50000000000000711, 109.9009999999999962, -2.500000000000000000 ) ) ;
#1355 = DIRECTION ( 'NONE',  ( -0.000000000000000000, 0.000000000000000000, -1.000000000000000000 ) ) ;
#1356 = VECTOR ( 'NONE', #449, 1000.000000000000000 ) ;
#1357 = VERTEX_POINT ( 'NONE', #2919 ) ;
#1358 = FACE_OUTER_BOUND ( 'NONE', #86, .T. ) ;
#1359 = DIRECTION ( 'NONE',  ( -0.3420201433256689905, -0.9396926207859084279, 0.000000000000000000 ) ) ;
#1360 = PLANE ( 'NONE',  #5115 ) ;
#1361 = CARTESIAN_POINT ( 'NONE',  ( 86.20000000000001705, 81.15099999999998204, -18.50000000000001776 ) ) ;
#1362 = ORIENTED_EDGE ( 'NONE', *, *, #4514, .T. ) ;
#1363 = LINE ( 'NONE', #2586, #114 ) ;
#1364 = EDGE_CURVE ( 'NONE', #610, #184, #4479, .T. ) ;
#1365 = ADVANCED_FACE ( 'NONE', ( #2865 ), #1692, .F. ) ;
#1366 = CARTESIAN_POINT ( 'NONE',  ( 53.00000000000000711, 50.90099999999998914, 8.000000000000000000 ) ) ;
#1367 = CARTESIAN_POINT ( 'NONE',  ( -22.49999999999999645, 76.40099999999999625, 58.00000000000000000 ) ) ;
#1368 = ORIENTED_EDGE ( 'NONE', *, *, #4747, .T. ) ;
#1369 = ORIENTED_EDGE ( 'NONE', *, *, #3919, .F. ) ;
#1370 = CARTESIAN_POINT ( 'NONE',  ( 0.000000000000000000, 93.65099999999999625, 8.000000000000000000 ) ) ;
#1371 = ORIENTED_EDGE ( 'NONE', *, *, #160, .F. ) ;
#1372 = ORIENTED_EDGE ( 'NONE', *, *, #1439, .F. ) ;
#1373 = VECTOR ( 'NONE', #137, 1000.000000000000000 ) ;
#1374 = ORIENTED_EDGE ( 'NONE', *, *, #4322, .T. ) ;
#1375 = AXIS2_PLACEMENT_3D ( 'NONE', #1249, #4443, #1973 ) ;
#1376 = CARTESIAN_POINT ( 'NONE',  ( -23.49999999999999289, 59.01363579374189783, 36.75813515386607833 ) ) ;
#1377 = CARTESIAN_POINT ( 'NONE',  ( -30.00000000000000000, 101.1510000000000105, 8.000000000000000000 ) ) ;
#1378 = DIRECTION ( 'NONE',  ( 1.000000000000000000, 0.000000000000000000, 0.000000000000000000 ) ) ;
#1379 = CARTESIAN_POINT ( 'NONE',  ( 45.50000000000000711, 71.80489787474886043, -2.500000000000000000 ) ) ;
#1380 = ADVANCED_FACE ( 'NONE', ( #378 ), #4198, .F. ) ;
#1381 = DIRECTION ( 'NONE',  ( 2.775557561562888984E-15, -1.000000000000000000, 0.000000000000000000 ) ) ;
#1382 = DIRECTION ( 'NONE',  ( 0.000000000000000000, 0.000000000000000000, 1.000000000000000000 ) ) ;
#1383 = ORIENTED_EDGE ( 'NONE', *, *, #1236, .F. ) ;
#1384 = CARTESIAN_POINT ( 'NONE',  ( 28.40013825339125120, 78.02873856058172919, 0.000000000000000000 ) ) ;
#1385 = CARTESIAN_POINT ( 'NONE',  ( 28.36916010939267707, 49.90099999999998914, -10.12416242009921774 ) ) ;
#1386 = CIRCLE ( 'NONE', #4333, 6.299999999999996270 ) ;
#1387 = AXIS2_PLACEMENT_3D ( 'NONE', #5198, #240, #4811 ) ;
#1388 = CARTESIAN_POINT ( 'NONE',  ( -23.49999999999999645, 68.60216116650535412, 10.95273378523373076 ) ) ;
#1389 = ORIENTED_EDGE ( 'NONE', *, *, #3822, .F. ) ;
#1390 = LINE ( 'NONE', #4732, #1985 ) ;
#1391 = ADVANCED_FACE ( 'NONE', ( #1231 ), #4567, .T. ) ;
#1392 = CARTESIAN_POINT ( 'NONE',  ( 48.00000000000001421, 4.686786873755976163E-15, 0.000000000000000000 ) ) ;
#1393 = CARTESIAN_POINT ( 'NONE',  ( -5.000000000000000000, 107.1510000000000105, 58.00000000000000000 ) ) ;
#1394 = FACE_BOUND ( 'NONE', #4971, .T. ) ;
#1395 = ORIENTED_EDGE ( 'NONE', *, *, #2304, .F. ) ;
#1396 = ORIENTED_EDGE ( 'NONE', *, *, #1157, .F. ) ;
#1397 = CARTESIAN_POINT ( 'NONE',  ( 33.85000000000000853, 106.1509999999999962, -24.99999999999999289 ) ) ;
#1398 = ORIENTED_EDGE ( 'NONE', *, *, #64, .F. ) ;
#1399 = VERTEX_POINT ( 'NONE', #3743 ) ;
#1400 = EDGE_CURVE ( 'NONE', #733, #1727, #2037, .T. ) ;
#1401 = VERTEX_POINT ( 'NONE', #18 ) ;
#1402 = CARTESIAN_POINT ( 'NONE',  ( -23.49999999999999289, 60.97064021296480973, 35.10886665994235756 ) ) ;
#1403 = CARTESIAN_POINT ( 'NONE',  ( -0.4514269561257852059, 112.4009999999999962, -8.613739454362045578 ) ) ;
#1404 = CARTESIAN_POINT ( 'NONE',  ( 26.00000000000001066, 112.4009999999999962, 0.000000000000000000 ) ) ;
#1405 = CARTESIAN_POINT ( 'NONE',  ( -17.49999999999999645, 76.40099999999999625, 10.50000000000000000 ) ) ;
#1406 = DIRECTION ( 'NONE',  ( -1.224646799147349263E-16, 1.000000000000000000, -0.000000000000000000 ) ) ;
#1407 = DIRECTION ( 'NONE',  ( 0.000000000000000000, -0.000000000000000000, 1.000000000000000000 ) ) ;
#1408 = DIRECTION ( 'NONE',  ( 0.000000000000000000, 0.000000000000000000, 1.000000000000000000 ) ) ;
#1409 = ORIENTED_EDGE ( 'NONE', *, *, #342, .F. ) ;
#1410 = EDGE_CURVE ( 'NONE', #3971, #71, #3312, .T. ) ;
#1411 = LINE ( 'NONE', #3065, #1318 ) ;
#1412 = CARTESIAN_POINT ( 'NONE',  ( 0.000000000000000000, 76.40099999999999625, 58.00000000000000000 ) ) ;
#1413 = FACE_OUTER_BOUND ( 'NONE', #1930, .T. ) ;
#1414 = EDGE_LOOP ( 'NONE', ( #237, #1423, #3216, #728 ) ) ;
#1415 = DIRECTION ( 'NONE',  ( 1.000000000000000000, 9.637352644315600173E-17, 0.000000000000000000 ) ) ;
#1416 = CARTESIAN_POINT ( 'NONE',  ( 30.00000000000000000, 101.1510000000000105, 0.000000000000000000 ) ) ;
#1417 = DIRECTION ( 'NONE',  ( 1.042677680898292906E-32, -9.842402700577632017E-17, 1.000000000000000000 ) ) ;
#1418 = ORIENTED_EDGE ( 'NONE', *, *, #3198, .F. ) ;
#1419 = AXIS2_PLACEMENT_3D ( 'NONE', #1462, #1052, #1803 ) ;
#1420 = CARTESIAN_POINT ( 'NONE',  ( 0.000000000000000000, 54.68849999999999056, 55.50000000000000000 ) ) ;
#1421 = ORIENTED_EDGE ( 'NONE', *, *, #4452, .F. ) ;
#1422 = VECTOR ( 'NONE', #270, 1000.000000000000000 ) ;
#1423 = ORIENTED_EDGE ( 'NONE', *, *, #1040, .T. ) ;
#1424 = ORIENTED_EDGE ( 'NONE', *, *, #102, .T. ) ;
#1425 = VECTOR ( 'NONE', #3025, 1000.000000000000114 ) ;
#1426 = CARTESIAN_POINT ( 'NONE',  ( -20.99999999999999289, 62.31839497492686064, 28.42358746358340937 ) ) ;
#1427 = LINE ( 'NONE', #3483, #1850 ) ;
#1428 = AXIS2_PLACEMENT_3D ( 'NONE', #4147, #15, #2492 ) ;
#1429 = EDGE_CURVE ( 'NONE', #3581, #1468, #3943, .T. ) ;
#1430 = CARTESIAN_POINT ( 'NONE',  ( 34.00000000000000711, 83.65099999999999625, -2.499999999999998668 ) ) ;
#1431 = FACE_OUTER_BOUND ( 'NONE', #471, .T. ) ;
#1432 = AXIS2_PLACEMENT_3D ( 'NONE', #4867, #3909, #4317 ) ;
#1433 = DIRECTION ( 'NONE',  ( -0.000000000000000000, -1.000000000000000000, -0.000000000000000000 ) ) ;
#1434 = CARTESIAN_POINT ( 'NONE',  ( 124.0000000000000426, 2.429206804461530634E-14, 0.000000000000000000 ) ) ;
#1435 = EDGE_CURVE ( 'NONE', #14, #1294, #1065, .T. ) ;
#1436 = ORIENTED_EDGE ( 'NONE', *, *, #1532, .F. ) ;
#1437 = CIRCLE ( 'NONE', #915, 2.700000000000001066 ) ;
#1438 = DIRECTION ( 'NONE',  ( -0.000000000000000000, -0.000000000000000000, 1.000000000000000000 ) ) ;
#1439 = EDGE_CURVE ( 'NONE', #3962, #1878, #2383, .T. ) ;
#1440 = CARTESIAN_POINT ( 'NONE',  ( 121.3000000000000114, 91.15099999999999625, -14.89999999999998082 ) ) ;
#1441 = DIRECTION ( 'NONE',  ( 4.921201350288814159E-17, 1.000000000000000000, 1.476360405086644309E-16 ) ) ;
#1442 = CIRCLE ( 'NONE', #5263, 3.499999999999999556 ) ;
#1443 = VERTEX_POINT ( 'NONE', #871 ) ;
#1444 = ADVANCED_FACE ( 'NONE', ( #517 ), #895, .F. ) ;
#1445 = CIRCLE ( 'NONE', #847, 2.700000000000001066 ) ;
#1446 =( BOUNDED_CURVE ( )  B_SPLINE_CURVE ( 3, ( #658, #1921, #3987, #266 ),
 .UNSPECIFIED., .F., .F. ) 
 B_SPLINE_CURVE_WITH_KNOTS ( ( 4, 4 ),
 ( 4.712388980384697668, 4.764748857944513638 ),
 .UNSPECIFIED. ) 
 CURVE ( )  GEOMETRIC_REPRESENTATION_ITEM ( )  RATIONAL_B_SPLINE_CURVE ( ( 1.000000000000000000, 0.9997715499837049880, 0.9997715499837049880, 1.000000000000000000 ) ) 
 REPRESENTATION_ITEM ( '' )  );
#1447 = FACE_OUTER_BOUND ( 'NONE', #2798, .T. ) ;
#1448 = EDGE_CURVE ( 'NONE', #1357, #3604, #2524, .T. ) ;
#1449 = VECTOR ( 'NONE', #3654, 1000.000000000000000 ) ;
#1450 = ORIENTED_EDGE ( 'NONE', *, *, #4085, .F. ) ;
#1451 = CARTESIAN_POINT ( 'NONE',  ( -2.500000000000000000, 58.15100000000000335, 58.00000000000000000 ) ) ;
#1452 = EDGE_CURVE ( 'NONE', #2182, #2959, #3773, .T. ) ;
#1453 = LINE ( 'NONE', #714, #732 ) ;
#1454 = DIRECTION ( 'NONE',  ( -0.000000000000000000, 0.000000000000000000, 1.000000000000000000 ) ) ;
#1455 = ORIENTED_EDGE ( 'NONE', *, *, #598, .F. ) ;
#1456 = ORIENTED_EDGE ( 'NONE', *, *, #265, .F. ) ;
#1457 = CARTESIAN_POINT ( 'NONE',  ( 31.00000000000000000, 116.4010000000000105, -24.99999999999999289 ) ) ;
#1458 = ORIENTED_EDGE ( 'NONE', *, *, #4561, .T. ) ;
#1459 = ORIENTED_EDGE ( 'NONE', *, *, #2560, .F. ) ;
#1460 = AXIS2_PLACEMENT_3D ( 'NONE', #1354, #2194, #1381 ) ;
#1461 = CARTESIAN_POINT ( 'NONE',  ( -20.99999999999999289, 106.4874347841976601, 35.45278355486852462 ) ) ;
#1462 = CARTESIAN_POINT ( 'NONE',  ( 118.0000000000000284, 71.15100000000001046, -11.99999999999999467 ) ) ;
#1463 = CIRCLE ( 'NONE', #4487, 2.899999999999999911 ) ;
#1464 = DIRECTION ( 'NONE',  ( -9.842402700577632017E-17, 1.000000000000000000, -0.000000000000000000 ) ) ;
#1465 = FACE_OUTER_BOUND ( 'NONE', #3185, .T. ) ;
#1466 = VECTOR ( 'NONE', #2523, 1000.000000000000114 ) ;
#1467 = DIRECTION ( 'NONE',  ( 0.000000000000000000, 1.000000000000000000, -0.000000000000000000 ) ) ;
#1468 = VERTEX_POINT ( 'NONE', #2607 ) ;
#1469 = DIRECTION ( 'NONE',  ( 1.000000000000000000, 0.000000000000000000, 0.000000000000000000 ) ) ;
#1470 = CARTESIAN_POINT ( 'NONE',  ( -20.99999999999999289, 55.15099999999998914, 8.000000000000000000 ) ) ;
#1471 = CARTESIAN_POINT ( 'NONE',  ( 0.000000000000000000, 102.0809999999999746, 40.29625838435640617 ) ) ;
#1472 = ORIENTED_EDGE ( 'NONE', *, *, #3368, .T. ) ;
#1473 = EDGE_CURVE ( 'NONE', #1468, #2152, #4200, .T. ) ;
#1474 = EDGE_CURVE ( 'NONE', #2564, #2658, #5106, .T. ) ;
#1475 = PLANE ( 'NONE',  #1649 ) ;
#1476 = EDGE_LOOP ( 'NONE', ( #491, #3350, #4393, #2694 ) ) ;
#1477 = CARTESIAN_POINT ( 'NONE',  ( -22.99999999999999289, 59.31399146776024622, 36.50227394921230228 ) ) ;
#1478 = LINE ( 'NONE', #2340, #818 ) ;
#1479 = EDGE_LOOP ( 'NONE', ( #1557, #134, #1253, #2411, #2849 ) ) ;
#1480 = EDGE_LOOP ( 'NONE', ( #2906, #1050, #1565, #3486 ) ) ;
#1481 = ADVANCED_FACE ( 'NONE', ( #3365 ), #3044, .F. ) ;
#1482 = LINE ( 'NONE', #1823, #4932 ) ;
#1483 =( BOUNDED_CURVE ( )  B_SPLINE_CURVE ( 3, ( #936, #584, #611, #192 ),
 .UNSPECIFIED., .F., .F. ) 
 B_SPLINE_CURVE_WITH_KNOTS ( ( 4, 4 ),
 ( 0.000000000000000000, 1.570796326794895226 ),
 .UNSPECIFIED. ) 
 CURVE ( )  GEOMETRIC_REPRESENTATION_ITEM ( )  RATIONAL_B_SPLINE_CURVE ( ( 1.000000000000000000, 0.8047378541243652705, 0.8047378541243652705, 1.000000000000000000 ) ) 
 REPRESENTATION_ITEM ( '' )  );
#1484 = ORIENTED_EDGE ( 'NONE', *, *, #70, .T. ) ;
#1485 = ORIENTED_EDGE ( 'NONE', *, *, #2532, .T. ) ;
#1486 = CARTESIAN_POINT ( 'NONE',  ( -20.99999999999999289, 106.8201632462933759, 35.49999999798327366 ) ) ;
#1487 = FACE_OUTER_BOUND ( 'NONE', #3826, .T. ) ;
#1488 = DIRECTION ( 'NONE',  ( 1.000000000000000000, 0.000000000000000000, 0.000000000000000000 ) ) ;
#1489 = FACE_OUTER_BOUND ( 'NONE', #3071, .T. ) ;
#1490 = FACE_OUTER_BOUND ( 'NONE', #1625, .T. ) ;
#1491 = EDGE_LOOP ( 'NONE', ( #1348, #778, #4722, #4629, #1528 ) ) ;
#1492 = VECTOR ( 'NONE', #4782, 1000.000000000000000 ) ;
#1493 = CARTESIAN_POINT ( 'NONE',  ( 45.50000000000000711, 90.49710212525111785, -2.499999999999998668 ) ) ;
#1494 = CARTESIAN_POINT ( 'NONE',  ( -25.99999999999999645, 55.02376738115253829, 37.99866761326849485 ) ) ;
#1495 = DIRECTION ( 'NONE',  ( 0.000000000000000000, 1.000000000000000000, 0.000000000000000000 ) ) ;
#1496 = ORIENTED_EDGE ( 'NONE', *, *, #2206, .F. ) ;
#1497 = ORIENTED_EDGE ( 'NONE', *, *, #5084, .T. ) ;
#1498 = CARTESIAN_POINT ( 'NONE',  ( -20.99999999999999289, 104.1510000000000105, 8.000000000000000000 ) ) ;
#1499 = ORIENTED_EDGE ( 'NONE', *, *, #4325, .T. ) ;
#1500 = ADVANCED_FACE ( 'NONE', ( #5030 ), #1332, .F. ) ;
#1501 = DIRECTION ( 'NONE',  ( -0.9396926207859080948, -0.3420201433256695456, 0.000000000000000000 ) ) ;
#1502 = CARTESIAN_POINT ( 'NONE',  ( -23.49999999999999645, 93.65099999999999625, 9.476907465932956853 ) ) ;
#1503 = ORIENTED_EDGE ( 'NONE', *, *, #1859, .T. ) ;
#1504 = DIRECTION ( 'NONE',  ( 0.000000000000000000, -0.000000000000000000, 1.000000000000000000 ) ) ;
#1505 = ORIENTED_EDGE ( 'NONE', *, *, #4015, .T. ) ;
#1506 = EDGE_CURVE ( 'NONE', #3862, #184, #4284, .T. ) ;
#1507 = ORIENTED_EDGE ( 'NONE', *, *, #646, .F. ) ;
#1508 = EDGE_CURVE ( 'NONE', #204, #772, #1309, .T. ) ;
#1509 = CARTESIAN_POINT ( 'NONE',  ( -20.99999999999999289, 103.8825852583276372, 34.06755858303537821 ) ) ;
#1510 = DIRECTION ( 'NONE',  ( 1.000000000000000000, 0.000000000000000000, 0.000000000000000000 ) ) ;
#1511 = AXIS2_PLACEMENT_3D ( 'NONE', #5072, #2622, #3895 ) ;
#1512 = CARTESIAN_POINT ( 'NONE',  ( 41.00000000000000711, 93.65099999999999625, 13.99999999999999822 ) ) ;
#1513 = DIRECTION ( 'NONE',  ( -7.796510004390144799E-17, 1.000000000000000000, 0.000000000000000000 ) ) ;
#1514 = AXIS2_PLACEMENT_3D ( 'NONE', #642, #1151, #2370 ) ;
#1515 = CARTESIAN_POINT ( 'NONE',  ( -22.49999999999999645, 76.40099999999999625, 55.50000000000000000 ) ) ;
#1516 = VERTEX_POINT ( 'NONE', #4252 ) ;
#1517 = DIRECTION ( 'NONE',  ( -1.000000000000000000, -3.118604001756057426E-16, 1.685731892841118380E-15 ) ) ;
#1518 = VERTEX_POINT ( 'NONE', #3388 ) ;
#1519 = VECTOR ( 'NONE', #1305, 1000.000000000000000 ) ;
#1520 = CARTESIAN_POINT ( 'NONE',  ( 38.00000000000000000, 106.1509999999999962, -24.99999999999999289 ) ) ;
#1521 = FACE_OUTER_BOUND ( 'NONE', #4500, .T. ) ;
#1522 = ORIENTED_EDGE ( 'NONE', *, *, #4599, .F. ) ;
#1523 = DIRECTION ( 'NONE',  ( 0.7071067811865474617, 0.000000000000000000, 0.7071067811865476838 ) ) ;
#1524 = ORIENTED_EDGE ( 'NONE', *, *, #4190, .F. ) ;
#1525 = CARTESIAN_POINT ( 'NONE',  ( -20.99999999999998934, 58.15100000000001756, 34.60331840909420720 ) ) ;
#1526 = AXIS2_PLACEMENT_3D ( 'NONE', #1626, #3651, #3599 ) ;
#1527 = CARTESIAN_POINT ( 'NONE',  ( -23.49999999999999645, 106.4026513259502309, 37.96510340331519728 ) ) ;
#1528 = ORIENTED_EDGE ( 'NONE', *, *, #2394, .T. ) ;
#1529 = CARTESIAN_POINT ( 'NONE',  ( 23.50000000000001066, 116.4009999999999962, 0.000000000000000000 ) ) ;
#1530 = ORIENTED_EDGE ( 'NONE', *, *, #1452, .F. ) ;
#1531 = ORIENTED_EDGE ( 'NONE', *, *, #132, .F. ) ;
#1532 = EDGE_CURVE ( 'NONE', #3537, #3233, #1757, .T. ) ;
#1533 = CARTESIAN_POINT ( 'NONE',  ( -20.99999999999999289, 105.5369363119853716, 35.15199857285691110 ) ) ;
#1534 = DIRECTION ( 'NONE',  ( 1.000000000000000000, 0.000000000000000000, 0.000000000000000000 ) ) ;
#1535 = CARTESIAN_POINT ( 'NONE',  ( 62.57000000000000028, 104.7809999999999917, -18.50000000000001776 ) ) ;
#1536 = AXIS2_PLACEMENT_3D ( 'NONE', #2378, #257, #1084 ) ;
#1537 = FACE_OUTER_BOUND ( 'NONE', #4092, .T. ) ;
#1538 = ORIENTED_EDGE ( 'NONE', *, *, #301, .F. ) ;
#1539 = CARTESIAN_POINT ( 'NONE',  ( 57.56999999999999318, 104.7810000000000059, -30.00000000000000000 ) ) ;
#1540 = DIRECTION ( 'NONE',  ( 0.000000000000000000, 0.000000000000000000, 1.000000000000000000 ) ) ;
#1541 = VECTOR ( 'NONE', #2675, 1000.000000000000000 ) ;
#1542 = EDGE_LOOP ( 'NONE', ( #5325, #5240, #638, #1745, #4680, #271 ) ) ;
#1543 = CARTESIAN_POINT ( 'NONE',  ( 23.00000000000000000, 101.1510000000000105, 5.199999999999999289 ) ) ;
#1544 = ADVANCED_FACE ( 'NONE', ( #2148 ), #5052, .F. ) ;
#1545 = ORIENTED_EDGE ( 'NONE', *, *, #2947, .T. ) ;
#1546 = LINE ( 'NONE', #3629, #2568 ) ;
#1547 = FACE_OUTER_BOUND ( 'NONE', #1548, .T. ) ;
#1548 = EDGE_LOOP ( 'NONE', ( #2001, #2294, #954, #299, #2987, #3576 ) ) ;
#1549 = AXIS2_PLACEMENT_3D ( 'NONE', #1686, #4640, #2576 ) ;
#1550 = CIRCLE ( 'NONE', #1375, 2.499999999999998668 ) ;
#1551 = LINE ( 'NONE', #5304, #3501 ) ;
#1552 = ORIENTED_EDGE ( 'NONE', *, *, #539, .F. ) ;
#1553 = CARTESIAN_POINT ( 'NONE',  ( -22.99999999999999645, 68.60048974278318212, 8.000000000000000000 ) ) ;
#1554 = CARTESIAN_POINT ( 'NONE',  ( -23.49999999999999289, 95.32827739512994469, 22.56964503947180134 ) ) ;
#1555 = ADVANCED_FACE ( 'NONE', ( #3800 ), #74, .T. ) ;
#1556 = ORIENTED_EDGE ( 'NONE', *, *, #1448, .F. ) ;
#1557 = ORIENTED_EDGE ( 'NONE', *, *, #1710, .T. ) ;
#1558 = CONICAL_SURFACE ( 'NONE', #1302, 6.299999999999999822, 0.7853981633974481680 ) ;
#1559 = VECTOR ( 'NONE', #932, 1000.000000000000000 ) ;
#1560 = CARTESIAN_POINT ( 'NONE',  ( 26.50000000000000000, 101.1510000000000105, 8.000000000000000000 ) ) ;
#1561 = CARTESIAN_POINT ( 'NONE',  ( -26.50000000000000000, 61.15099999999999625, 5.199999999999999289 ) ) ;
#1562 = CARTESIAN_POINT ( 'NONE',  ( 45.63083989060735490, 116.4010000000000105, -11.02880872412753988 ) ) ;
#1563 = EDGE_CURVE ( 'NONE', #4079, #910, #4026, .T. ) ;
#1564 = CARTESIAN_POINT ( 'NONE',  ( 86.20000000000001705, 61.65099999999998204, -18.50000000000001776 ) ) ;
#1565 = ORIENTED_EDGE ( 'NONE', *, *, #5129, .F. ) ;
#1566 = CARTESIAN_POINT ( 'NONE',  ( 0.000000000000000000, 100.6510000000000105, -18.50000000000001776 ) ) ;
#1567 = CARTESIAN_POINT ( 'NONE',  ( 30.00000000000000000, 61.15099999999999625, 0.000000000000000000 ) ) ;
#1568 = ORIENTED_EDGE ( 'NONE', *, *, #4625, .F. ) ;
#1569 = CARTESIAN_POINT ( 'NONE',  ( -20.99999999999998934, 67.97230912849821038, 17.49670034637000526 ) ) ;
#1570 = VERTEX_POINT ( 'NONE', #924 ) ;
#1571 = CARTESIAN_POINT ( 'NONE',  ( -20.99999999999999289, 107.1510000000000105, 8.000000000000000000 ) ) ;
#1572 = DIRECTION ( 'NONE',  ( 0.000000000000000000, 1.000000000000000000, 0.000000000000000000 ) ) ;
#1573 = ORIENTED_EDGE ( 'NONE', *, *, #641, .F. ) ;
#1574 = DIRECTION ( 'NONE',  ( 0.000000000000000000, 1.000000000000000000, 1.779203565104417128E-16 ) ) ;
#1575 = ADVANCED_FACE ( 'NONE', ( #2578 ), #1784, .F. ) ;
#1576 = ORIENTED_EDGE ( 'NONE', *, *, #875, .T. ) ;
#1577 = EDGE_CURVE ( 'NONE', #2742, #1258, #3078, .T. ) ;
#1578 = DIRECTION ( 'NONE',  ( 7.796510004390144799E-17, -1.000000000000000000, -0.000000000000000000 ) ) ;
#1579 = DIRECTION ( 'NONE',  ( 1.000000000000000000, 0.000000000000000000, 0.000000000000000000 ) ) ;
#1580 = CARTESIAN_POINT ( 'NONE',  ( 27.14494964168581959, 78.48558985363243323, -25.00000000000000000 ) ) ;
#1581 = ORIENTED_EDGE ( 'NONE', *, *, #1606, .T. ) ;
#1582 = ORIENTED_EDGE ( 'NONE', *, *, #3730, .F. ) ;
#1583 = CARTESIAN_POINT ( 'NONE',  ( -21.00000000000910916, 93.86011265824232908, 13.43677138399962168 ) ) ;
#1584 = CARTESIAN_POINT ( 'NONE',  ( -20.99999999999999645, 104.5920063894790815, 34.61663627084137573 ) ) ;
#1585 = FACE_OUTER_BOUND ( 'NONE', #3124, .T. ) ;
#1586 = CARTESIAN_POINT ( 'NONE',  ( 41.00000000000000711, 68.65100000000001046, 13.99999999999999822 ) ) ;
#1587 = ORIENTED_EDGE ( 'NONE', *, *, #1429, .F. ) ;
#1588 = DIRECTION ( 'NONE',  ( 0.000000000000000000, -1.000000000000000000, 0.000000000000000000 ) ) ;
#1589 = EDGE_CURVE ( 'NONE', #1654, #2826, #1976, .T. ) ;
#1590 = FACE_OUTER_BOUND ( 'NONE', #3903, .T. ) ;
#1591 = ORIENTED_EDGE ( 'NONE', *, *, #4358, .F. ) ;
#1592 = CARTESIAN_POINT ( 'NONE',  ( 118.0000000000000284, 71.15100000000001046, -11.99999999999999467 ) ) ;
#1593 = ORIENTED_EDGE ( 'NONE', *, *, #4082, .T. ) ;
#1594 = DIRECTION ( 'NONE',  ( 0.000000000000000000, -0.000000000000000000, -1.000000000000000000 ) ) ;
#1595 = DIRECTION ( 'NONE',  ( 0.000000000000000000, 1.000000000000000000, 0.000000000000000000 ) ) ;
#1596 = CIRCLE ( 'NONE', #5073, 2.700000000000008171 ) ;
#1597 = EDGE_LOOP ( 'NONE', ( #5269, #1770, #3277, #3113, #630 ) ) ;
#1598 = EDGE_CURVE ( 'NONE', #2182, #4353, #2581, .T. ) ;
#1599 = ADVANCED_FACE ( 'NONE', ( #4341 ), #601, .T. ) ;
#1600 = DIRECTION ( 'NONE',  ( 0.000000000000000000, 0.000000000000000000, -1.000000000000000000 ) ) ;
#1601 = DIRECTION ( 'NONE',  ( -0.000000000000000000, -1.000000000000000000, -0.000000000000000000 ) ) ;
#1602 = ORIENTED_EDGE ( 'NONE', *, *, #5031, .T. ) ;
#1603 = ADVANCED_FACE ( 'NONE', ( #4419 ), #236, .F. ) ;
#1604 = CIRCLE ( 'NONE', #2471, 2.899999999999999911 ) ;
#1605 = ADVANCED_FACE ( 'NONE', ( #2356 ), #261, .F. ) ;
#1606 = EDGE_CURVE ( 'NONE', #4197, #2723, #4416, .T. ) ;
#1607 = VECTOR ( 'NONE', #4617, 1000.000000000000000 ) ;
#1608 = CARTESIAN_POINT ( 'NONE',  ( 62.57000000000000028, 104.7809999999999917, -30.00000000000000000 ) ) ;
#1609 = VECTOR ( 'NONE', #190, 1000.000000000000000 ) ;
#1610 = CARTESIAN_POINT ( 'NONE',  ( 45.63083989060734780, 112.3975738368864370, -11.02880872412753810 ) ) ;
#1611 = ORIENTED_EDGE ( 'NONE', *, *, #3922, .F. ) ;
#1612 = EDGE_CURVE ( 'NONE', #3863, #3831, #1720, .T. ) ;
#1613 = EDGE_LOOP ( 'NONE', ( #1909, #1319, #1906, #4671 ) ) ;
#1614 = VECTOR ( 'NONE', #3765, 999.9999999999998863 ) ;
#1615 = CARTESIAN_POINT ( 'NONE',  ( -23.49999999999999289, 93.65099999999999625, 9.353295343180263899 ) ) ;
#1616 = VECTOR ( 'NONE', #1325, 999.9999999999998863 ) ;
#1617 = CYLINDRICAL_SURFACE ( 'NONE', #1894, 2.500000000000001776 ) ;
#1618 = DIRECTION ( 'NONE',  ( -1.000000000000000000, -0.000000000000000000, -0.000000000000000000 ) ) ;
#1619 =( BOUNDED_CURVE ( )  B_SPLINE_CURVE ( 3, ( #687, #4397, #1952, #634 ),
 .UNSPECIFIED., .F., .F. ) 
 B_SPLINE_CURVE_WITH_KNOTS ( ( 4, 4 ),
 ( 2.208540682412062583, 3.779337009206957365 ),
 .UNSPECIFIED. ) 
 CURVE ( )  GEOMETRIC_REPRESENTATION_ITEM ( )  RATIONAL_B_SPLINE_CURVE ( ( 1.000000000000000000, 0.8047378541243654926, 0.8047378541243654926, 1.000000000000000000 ) ) 
 REPRESENTATION_ITEM ( '' )  );
#1620 = CIRCLE ( 'NONE', #4649, 6.299999999999999822 ) ;
#1621 = DIRECTION ( 'NONE',  ( 0.000000000000000000, 0.000000000000000000, 1.000000000000000000 ) ) ;
#1622 = DIRECTION ( 'NONE',  ( 0.000000000000000000, 1.000000000000000000, 0.000000000000000000 ) ) ;
#1623 = CARTESIAN_POINT ( 'NONE',  ( 23.50000000000002842, 3.045735758108709569E-15, -2.500000000000000000 ) ) ;
#1624 = DIRECTION ( 'NONE',  ( -1.000000000000000000, -0.000000000000000000, -0.000000000000000000 ) ) ;
#1625 = EDGE_LOOP ( 'NONE', ( #3132, #1418, #2854, #3211 ) ) ;
#1626 = CARTESIAN_POINT ( 'NONE',  ( 121.0000000000000284, 48.90100000000001756, 0.000000000000000000 ) ) ;
#1627 = LINE ( 'NONE', #4946, #3603 ) ;
#1628 = DIRECTION ( 'NONE',  ( 0.000000000000000000, 1.000000000000000000, 0.000000000000000000 ) ) ;
#1629 = ORIENTED_EDGE ( 'NONE', *, *, #4514, .F. ) ;
#1630 = AXIS2_PLACEMENT_3D ( 'NONE', #4465, #700, #5237 ) ;
#1631 = LINE ( 'NONE', #3605, #2298 ) ;
#1632 =( LENGTH_UNIT ( ) NAMED_UNIT ( * ) SI_UNIT ( .MILLI., .METRE. ) );
#1633 = VERTEX_POINT ( 'NONE', #3573 ) ;
#1634 = VECTOR ( 'NONE', #2644, 1000.000000000000000 ) ;
#1635 = EDGE_CURVE ( 'NONE', #2211, #1399, #5136, .T. ) ;
#1636 = DIRECTION ( 'NONE',  ( -1.000000000000000000, 0.000000000000000000, 0.000000000000000000 ) ) ;
#1637 = EDGE_CURVE ( 'NONE', #2152, #581, #655, .T. ) ;
#1638 = FACE_OUTER_BOUND ( 'NONE', #4259, .T. ) ;
#1639 = VECTOR ( 'NONE', #3933, 1000.000000000000000 ) ;
#1640 = DIRECTION ( 'NONE',  ( 0.000000000000000000, -0.000000000000000000, 1.000000000000000000 ) ) ;
#1641 = DIRECTION ( 'NONE',  ( -0.000000000000000000, -0.000000000000000000, 1.000000000000000000 ) ) ;
#1642 = EDGE_LOOP ( 'NONE', ( #1718, #636, #3183, #2216 ) ) ;
#1643 = EDGE_LOOP ( 'NONE', ( #4547, #1132, #2292, #4426 ) ) ;
#1644 = CARTESIAN_POINT ( 'NONE',  ( -23.49999999999999289, 95.97528706684569499, 24.84786012658999965 ) ) ;
#1645 = FACE_OUTER_BOUND ( 'NONE', #5001, .T. ) ;
#1646 = CARTESIAN_POINT ( 'NONE',  ( -19.99999999999999645, 0.000000000000000000, 55.50000000000000000 ) ) ;
#1647 = EDGE_CURVE ( 'NONE', #2563, #3416, #595, .T. ) ;
#1648 = CARTESIAN_POINT ( 'NONE',  ( -2.499999999999992895, -3.061616997868364899E-16, 55.50000000000000000 ) ) ;
#1649 = AXIS2_PLACEMENT_3D ( 'NONE', #4728, #3100, #2284 ) ;
#1650 = ORIENTED_EDGE ( 'NONE', *, *, #400, .F. ) ;
#1651 = CARTESIAN_POINT ( 'NONE',  ( -20.99999999999999289, 55.15099999999998914, 8.000000000000000000 ) ) ;
#1652 = DIRECTION ( 'NONE',  ( 3.118604001756057426E-16, -1.000000000000000000, 0.000000000000000000 ) ) ;
#1653 = LINE ( 'NONE', #2538, #2458 ) ;
#1654 = VERTEX_POINT ( 'NONE', #287 ) ;
#1655 = DIRECTION ( 'NONE',  ( -1.000000000000000000, -2.775557561562888984E-15, 0.000000000000000000 ) ) ;
#1656 = DIRECTION ( 'NONE',  ( -1.042677680898292906E-32, 9.842402700577632017E-17, -1.000000000000000000 ) ) ;
#1657 = LINE ( 'NONE', #4118, #2498 ) ;
#1658 = ORIENTED_EDGE ( 'NONE', *, *, #3492, .F. ) ;
#1659 = ORIENTED_EDGE ( 'NONE', *, *, #1174, .F. ) ;
#1660 = ORIENTED_EDGE ( 'NONE', *, *, #1904, .T. ) ;
#1661 = CARTESIAN_POINT ( 'NONE',  ( 109.8300000000000125, 107.4809999999999945, -18.50000000000001776 ) ) ;
#1662 = DIRECTION ( 'NONE',  ( -1.000000000000000000, 0.000000000000000000, 0.000000000000000000 ) ) ;
#1663 = VECTOR ( 'NONE', #2862, 1000.000000000000000 ) ;
#1664 = CARTESIAN_POINT ( 'NONE',  ( 34.00000000000000711, 75.99055556881019413, 0.000000000000000000 ) ) ;
#1665 = ADVANCED_FACE ( 'NONE', ( #1521 ), #1004, .F. ) ;
#1666 = AXIS2_PLACEMENT_3D ( 'NONE', #1493, #3145, #3522 ) ;
#1667 = LINE ( 'NONE', #3232, #3035 ) ;
#1668 = ORIENTED_EDGE ( 'NONE', *, *, #1448, .T. ) ;
#1669 = CARTESIAN_POINT ( 'NONE',  ( -20.99999999999999645, 93.65099999999999625, 7.999999999999994671 ) ) ;
#1670 = CARTESIAN_POINT ( 'NONE',  ( -20.99999999999999289, 107.1510000000000105, 35.50000000000000000 ) ) ;
#1671 = FACE_OUTER_BOUND ( 'NONE', #1414, .T. ) ;
#1672 = EDGE_CURVE ( 'NONE', #1342, #3489, #5166, .T. ) ;
#1673 = LINE ( 'NONE', #4136, #3878 ) ;
#1674 = ORIENTED_EDGE ( 'NONE', *, *, #5085, .F. ) ;
#1675 = EDGE_CURVE ( 'NONE', #4638, #138, #3278, .T. ) ;
#1676 = FACE_OUTER_BOUND ( 'NONE', #4115, .T. ) ;
#1677 = EDGE_CURVE ( 'NONE', #1245, #4217, #1888, .T. ) ;
#1678 = CARTESIAN_POINT ( 'NONE',  ( -25.51993947079411029, 56.14147976812314056, 37.92376162870497325 ) ) ;
#1679 = LINE ( 'NONE', #2515, #3954 ) ;
#1680 = LINE ( 'NONE', #116, #3596 ) ;
#1681 = DIRECTION ( 'NONE',  ( -0.000000000000000000, -0.000000000000000000, -1.000000000000000000 ) ) ;
#1682 = VERTEX_POINT ( 'NONE', #2715 ) ;
#1683 = DIRECTION ( 'NONE',  ( 1.000000000000000000, 0.000000000000000000, -1.042677680898292906E-32 ) ) ;
#1684 = ORIENTED_EDGE ( 'NONE', *, *, #2971, .T. ) ;
#1685 = AXIS2_PLACEMENT_3D ( 'NONE', #1244, #860, #5373 ) ;
#1686 = CARTESIAN_POINT ( 'NONE',  ( -26.50000000000000000, 61.15099999999999625, 8.000000000000000000 ) ) ;
#1687 = DIRECTION ( 'NONE',  ( -0.000000000000000000, -0.000000000000000000, 1.000000000000000000 ) ) ;
#1688 = CARTESIAN_POINT ( 'NONE',  ( -23.49999999999999289, 63.91204932618700951, 30.84772003450628475 ) ) ;
#1689 = ORIENTED_EDGE ( 'NONE', *, *, #1474, .F. ) ;
#1690 = LINE ( 'NONE', #3725, #4949 ) ;
#1691 = VERTEX_POINT ( 'NONE', #3985 ) ;
#1692 = CONICAL_SURFACE ( 'NONE', #293, 6.299999999999999822, 0.7853981633974481680 ) ;
#1693 = CARTESIAN_POINT ( 'NONE',  ( -23.49999999999999289, 94.32969087141090370, 17.49670034638039695 ) ) ;
#1694 = LINE ( 'NONE', #3236, #3657 ) ;
#1695 = LINE ( 'NONE', #2874, #573 ) ;
#1696 = ORIENTED_EDGE ( 'NONE', *, *, #2549, .F. ) ;
#1697 = CARTESIAN_POINT ( 'NONE',  ( -6.035533905932737753, 54.11546609406726560, 8.000000000000003553 ) ) ;
#1698 = ORIENTED_EDGE ( 'NONE', *, *, #4887, .F. ) ;
#1699 = ORIENTED_EDGE ( 'NONE', *, *, #911, .T. ) ;
#1700 = EDGE_CURVE ( 'NONE', #1747, #659, #4726, .T. ) ;
#1701 = EDGE_CURVE ( 'NONE', #2215, #3169, #3466, .T. ) ;
#1702 = CIRCLE ( 'NONE', #3774, 2.700000000000008171 ) ;
#1703 = DIRECTION ( 'NONE',  ( -0.000000000000000000, -0.000000000000000000, 1.000000000000000000 ) ) ;
#1704 = AXIS2_PLACEMENT_3D ( 'NONE', #4390, #4783, #1061 ) ;
#1705 = CARTESIAN_POINT ( 'NONE',  ( -24.31881683681393724, 55.28304074707870797, 37.99890971902082981 ) ) ;
#1706 = CARTESIAN_POINT ( 'NONE',  ( 86.20000000000001705, 81.15099999999998204, 40.29625838435640617 ) ) ;
#1707 = CARTESIAN_POINT ( 'NONE',  ( 26.00000000000001066, 112.4009999999999962, -2.500000000000000000 ) ) ;
#1708 = CARTESIAN_POINT ( 'NONE',  ( -20.99999999999999289, 93.65099999999999625, 7.999999999999994671 ) ) ;
#1709 = ORIENTED_EDGE ( 'NONE', *, *, #2466, .T. ) ;
#1710 = EDGE_CURVE ( 'NONE', #1049, #204, #239, .T. ) ;
#1711 = AXIS2_PLACEMENT_3D ( 'NONE', #4446, #2467, #1142 ) ;
#1712 = CARTESIAN_POINT ( 'NONE',  ( -17.49999999999999645, 0.000000000000000000, 8.000000000000000000 ) ) ;
#1713 = VECTOR ( 'NONE', #2277, 1000.000000000000000 ) ;
#1714 = DIRECTION ( 'NONE',  ( 0.000000000000000000, 0.000000000000000000, -1.000000000000000000 ) ) ;
#1715 = DIRECTION ( 'NONE',  ( -0.000000000000000000, -0.000000000000000000, 1.000000000000000000 ) ) ;
#1716 = VECTOR ( 'NONE', #2366, 1000.000000000000000 ) ;
#1717 = CARTESIAN_POINT ( 'NONE',  ( 23.50000000000001066, 112.4009999999999962, 0.000000000000000000 ) ) ;
#1718 = ORIENTED_EDGE ( 'NONE', *, *, #641, .T. ) ;
#1719 = AXIS2_PLACEMENT_3D ( 'NONE', #4177, #73, #4229 ) ;
#1720 = CIRCLE ( 'NONE', #3621, 19.50000000000000355 ) ;
#1721 = CARTESIAN_POINT ( 'NONE',  ( -22.40677828293272711, 104.1509999999999962, 36.97266485016749016 ) ) ;
#1722 = CARTESIAN_POINT ( 'NONE',  ( -7.500000000000000000, 109.6510000000000105, 8.000000000000000000 ) ) ;
#1723 = FACE_BOUND ( 'NONE', #2688, .T. ) ;
#1724 = EDGE_CURVE ( 'NONE', #668, #5146, #3883, .T. ) ;
#1725 = CARTESIAN_POINT ( 'NONE',  ( -20.99999999999999289, 52.65099999999999625, 10.50000000000000178 ) ) ;
#1726 = ORIENTED_EDGE ( 'NONE', *, *, #2867, .F. ) ;
#1727 = VERTEX_POINT ( 'NONE', #1944 ) ;
#1728 = CARTESIAN_POINT ( 'NONE',  ( -23.49999999999999289, 65.66420060982395057, 26.83827823686652536 ) ) ;
#1729 = CARTESIAN_POINT ( 'NONE',  ( -22.99999999999999645, 104.1510000000000105, 58.00000000000000000 ) ) ;
#1730 = ADVANCED_FACE ( 'NONE', ( #5273 ), #5365, .F. ) ;
#1731 = DIRECTION ( 'NONE',  ( 0.000000000000000000, 0.000000000000000000, -1.000000000000000000 ) ) ;
#1732 = DIRECTION ( 'NONE',  ( 0.000000000000000000, 0.000000000000000000, -1.000000000000000000 ) ) ;
#1733 = DIRECTION ( 'NONE',  ( 0.000000000000000000, 0.000000000000000000, -1.000000000000000000 ) ) ;
#1734 = ORIENTED_EDGE ( 'NONE', *, *, #2970, .F. ) ;
#1735 = CARTESIAN_POINT ( 'NONE',  ( 45.50000000000000711, 52.40099999999998914, -2.500000000000000000 ) ) ;
#1736 = CARTESIAN_POINT ( 'NONE',  ( 104.8300000000000125, 57.52100000000000080, 40.29625838435640617 ) ) ;
#1737 = EDGE_CURVE ( 'NONE', #2477, #1342, #1800, .T. ) ;
#1738 = CARTESIAN_POINT ( 'NONE',  ( -20.99999999999999289, 107.1510000000000105, 10.50000000000000178 ) ) ;
#1739 = CARTESIAN_POINT ( 'NONE',  ( 26.00000000000002132, 49.90099999999998914, -2.500000000000000000 ) ) ;
#1740 = ORIENTED_EDGE ( 'NONE', *, *, #4887, .T. ) ;
#1741 = EDGE_LOOP ( 'NONE', ( #2107, #3334, #934, #1816 ) ) ;
#1742 = CARTESIAN_POINT ( 'NONE',  ( -21.00000000000000711, 104.1510000000000389, 34.60295465289517836 ) ) ;
#1743 = DIRECTION ( 'NONE',  ( -0.9396926207859082059, -0.3420201433256696011, -5.049449973480775325E-17 ) ) ;
#1744 = DIRECTION ( 'NONE',  ( 0.000000000000000000, 1.000000000000000000, 0.000000000000000000 ) ) ;
#1745 = ORIENTED_EDGE ( 'NONE', *, *, #3615, .F. ) ;
#1746 = CARTESIAN_POINT ( 'NONE',  ( 32.79999999999999716, 101.1510000000000105, 8.000000000000000000 ) ) ;
#1747 = VERTEX_POINT ( 'NONE', #2800 ) ;
#1748 = ORIENTED_EDGE ( 'NONE', *, *, #2140, .T. ) ;
#1749 = CARTESIAN_POINT ( 'NONE',  ( -21.00000000000114397, 61.49071844550935850, 34.51419495126209114 ) ) ;
#1750 = CARTESIAN_POINT ( 'NONE',  ( 33.84384103834901936, 78.70783721385487297, -12.33834441691048589 ) ) ;
#1751 = LINE ( 'NONE', #2599, #664 ) ;
#1752 = CARTESIAN_POINT ( 'NONE',  ( 33.14494964168583380, 86.00023155196475955, 0.000000000000000000 ) ) ;
#1753 = CARTESIAN_POINT ( 'NONE',  ( -26.00000000000000355, 73.65100000000001046, 9.035533905932737753 ) ) ;
#1754 = LINE ( 'NONE', #2169, #653 ) ;
#1755 = ORIENTED_EDGE ( 'NONE', *, *, #2761, .T. ) ;
#1756 = DIRECTION ( 'NONE',  ( 0.000000000000000000, 0.000000000000000000, -1.000000000000000000 ) ) ;
#1757 = LINE ( 'NONE', #5005, #997 ) ;
#1758 = EDGE_CURVE ( 'NONE', #2020, #1796, #1225, .T. ) ;
#1759 = EDGE_CURVE ( 'NONE', #707, #2406, #3020, .T. ) ;
#1760 = CARTESIAN_POINT ( 'NONE',  ( -25.99999999999999645, 0.000000000000000000, 58.00000000000000000 ) ) ;
#1761 = AXIS2_PLACEMENT_3D ( 'NONE', #4053, #748, #2402 ) ;
#1762 = ORIENTED_EDGE ( 'NONE', *, *, #2264, .F. ) ;
#1763 = DIRECTION ( 'NONE',  ( 1.595148023886718822E-16, -1.000000000000000000, -0.000000000000000000 ) ) ;
#1764 = CARTESIAN_POINT ( 'NONE',  ( 1.035533905932737753, 116.4009999999999820, 8.000000000000000000 ) ) ;
#1765 = DIRECTION ( 'NONE',  ( 0.000000000000000000, 1.000000000000000000, 1.476360405086644309E-16 ) ) ;
#1766 = ORIENTED_EDGE ( 'NONE', *, *, #2739, .F. ) ;
#1767 = EDGE_CURVE ( 'NONE', #567, #5274, #2384, .T. ) ;
#1768 = AXIS2_PLACEMENT_3D ( 'NONE', #4041, #1168, #4120 ) ;
#1769 = CARTESIAN_POINT ( 'NONE',  ( 0.000000000000000000, 0.000000000000000000, 8.000000000000000000 ) ) ;
#1770 = ORIENTED_EDGE ( 'NONE', *, *, #2761, .F. ) ;
#1771 = ORIENTED_EDGE ( 'NONE', *, *, #3924, .T. ) ;
#1772 = CARTESIAN_POINT ( 'NONE',  ( -20.99999999999999289, 58.16626776972868385, 34.28033124267478371 ) ) ;
#1773 = B_SPLINE_CURVE_WITH_KNOTS ( 'NONE', 3,
 ( #2505, #3417, #4289, #1721, #2553, #2529, #495, #903, #3828, #2208, #5114, #3471, #1742, #4260 ),
 .UNSPECIFIED., .F., .F.,
 ( 4, 2, 2, 2, 2, 2, 4 ),
 ( 0.000000000000000000, 0.0004742121552018862336, 0.0009484243104037724673, 0.001422636465605658755, 0.001896848620807544935, 0.002845272931211335291, 0.003793697241615125431 ),
 .UNSPECIFIED. ) ;
#1774 = DIRECTION ( 'NONE',  ( 1.090186876030910145E-16, -1.000000000000000000, -0.000000000000000000 ) ) ;
#1775 = DIRECTION ( 'NONE',  ( 0.000000000000000000, 0.000000000000000000, -1.000000000000000000 ) ) ;
#1776 = AXIS2_PLACEMENT_3D ( 'NONE', #1623, #3274, #3243 ) ;
#1777 = CYLINDRICAL_SURFACE ( 'NONE', #2131, 2.899999999999992806 ) ;
#1778 = AXIS2_PLACEMENT_3D ( 'NONE', #647, #1513, #3118 ) ;
#1779 = DIRECTION ( 'NONE',  ( 0.000000000000000000, -1.000000000000000000, 0.000000000000000000 ) ) ;
#1780 = VECTOR ( 'NONE', #1831, 1000.000000000000000 ) ;
#1781 = VERTEX_POINT ( 'NONE', #3655 ) ;
#1782 = ADVANCED_FACE ( 'NONE', ( #1547 ), #2858, .F. ) ;
#1783 = CARTESIAN_POINT ( 'NONE',  ( -30.00000000000000000, 61.15099999999999625, 8.000000000000000000 ) ) ;
#1784 = PLANE ( 'NONE',  #3771 ) ;
#1785 = CARTESIAN_POINT ( 'NONE',  ( -23.50000000000000000, 68.25601375154207062, 15.36233359722056413 ) ) ;
#1786 = ORIENTED_EDGE ( 'NONE', *, *, #993, .T. ) ;
#1787 = EDGE_CURVE ( 'NONE', #2152, #363, #1550, .T. ) ;
#1788 = VECTOR ( 'NONE', #2735, 1000.000000000000000 ) ;
#1789 = CARTESIAN_POINT ( 'NONE',  ( 81.20000000000000284, 61.65099999999998914, 40.29625838435640617 ) ) ;
#1790 = ORIENTED_EDGE ( 'NONE', *, *, #4154, .T. ) ;
#1791 = DIRECTION ( 'NONE',  ( 1.000000000000000000, 0.000000000000000000, 0.000000000000000000 ) ) ;
#1792 = CARTESIAN_POINT ( 'NONE',  ( -20.99999999999999289, 55.15099999999998914, 8.000000000000000000 ) ) ;
#1793 = PLANE ( 'NONE',  #2387 ) ;
#1794 = ORIENTED_EDGE ( 'NONE', *, *, #561, .F. ) ;
#1795 = LINE ( 'NONE', #222, #1968 ) ;
#1796 = VERTEX_POINT ( 'NONE', #5353 ) ;
#1797 = ORIENTED_EDGE ( 'NONE', *, *, #291, .T. ) ;
#1798 = AXIS2_PLACEMENT_3D ( 'NONE', #4434, #4027, #5316 ) ;
#1799 = ORIENTED_EDGE ( 'NONE', *, *, #4800, .T. ) ;
#1800 = CIRCLE ( 'NONE', #4056, 3.000000000000002665 ) ;
#1801 = ADVANCED_FACE ( 'NONE', ( #3630 ), #5302, .F. ) ;
#1802 = CARTESIAN_POINT ( 'NONE',  ( -23.49999999999999289, 57.77821852476761677, 37.44237572646204626 ) ) ;
#1803 = DIRECTION ( 'NONE',  ( 0.000000000000000000, 0.000000000000000000, 1.000000000000000000 ) ) ;
#1804 = CARTESIAN_POINT ( 'NONE',  ( 45.63083989060734780, 112.3975738368864370, -11.02880872412753810 ) ) ;
#1805 = CYLINDRICAL_SURFACE ( 'NONE', #4911, 2.899999999999992806 ) ;
#1806 = CARTESIAN_POINT ( 'NONE',  ( 45.63083989060734780, 112.3975738368864370, -11.02880872412753810 ) ) ;
#1807 = DIRECTION ( 'NONE',  ( 1.000000000000000000, 0.000000000000000000, 0.000000000000000000 ) ) ;
#1808 = ORIENTED_EDGE ( 'NONE', *, *, #4222, .T. ) ;
#1809 = CARTESIAN_POINT ( 'NONE',  ( -23.00000000000000000, 101.2461759257516007, 34.90924560926117692 ) ) ;
#1810 = CARTESIAN_POINT ( 'NONE',  ( -23.49999999999999289, 68.65100000000001046, 7.999999999999994671 ) ) ;
#1811 = DIRECTION ( 'NONE',  ( -1.000000000000000000, -0.000000000000000000, -0.000000000000000000 ) ) ;
#1812 = VECTOR ( 'NONE', #926, 1000.000000000000114 ) ;
#1813 = VECTOR ( 'NONE', #1743, 999.9999999999998863 ) ;
#1814 =( BOUNDED_SURFACE ( )  B_SPLINE_SURFACE ( 3, 2, ( 
 ( #4630, #558, #4712 ),
 ( #87, #172, #5123 ),
 ( #965, #2982, #5098 ),
 ( #912, #3454, #2566 ),
 ( #5071, #3866, #1802 ),
 ( #4218, #3083, #3482 ),
 ( #4745, #1828, #1376 ),
 ( #1772, #2249, #1023 ),
 ( #2218, #3428, #142 ),
 ( #2648, #2596, #1402 ),
 ( #2681, #1749, #1323 ),
 ( #507, #4269, #3835 ),
 ( #3032, #992, #112 ),
 ( #3057, #3813, #4300 ),
 ( #588, #5151, #3009 ),
 ( #1426, #3401, #1349 ),
 ( #3894, #4330, #617 ),
 ( #2272, #3920, #4658 ),
 ( #941, #4243, #1728 ),
 ( #3378, #4686, #5044 ),
 ( #531, #2187, #2621 ),
 ( #2770, #1223, #1137 ),
 ( #4033, #2882, #727 ),
 ( #283, #1970, #4089 ),
 ( #341, #1569, #807 ),
 ( #4526, #4945, #2461 ),
 ( #4415, #2000, #4501 ),
 ( #5270, #5351, #4915 ),
 ( #756, #702, #4882 ),
 ( #2353, #3247, #4007 ) ),
 .UNSPECIFIED., .F., .F., .F. ) 
 B_SPLINE_SURFACE_WITH_KNOTS ( ( 4, 2, 2, 2, 2, 2, 2, 2, 2, 2, 2, 2, 2, 2, 4 ),
 ( 3, 3 ),
 ( 0.007464479896364890725, 0.008452574519277862922, 0.009440669142190834251, 0.01042876376510380731, 0.01141685838801677864, 0.01339304763384272304, 0.01536923687966866570, 0.01734542612549460835, 0.01932161537132055101, 0.02129780461714649714, 0.02327399386297243980, 0.02722637235462432859, 0.03117875084627621390, 0.03513112933792809922, 0.03908350782957999148 ),
 ( 0.000000000000000000, 1.000000000000000000 ),
 .UNSPECIFIED. ) 
 GEOMETRIC_REPRESENTATION_ITEM ( )  RATIONAL_B_SPLINE_SURFACE ( (
 ( 1.000000000000000000, 0.7071067811865475727, 1.000000000000000000),
 ( 1.000000000000000000, 0.7071067811865475727, 1.000000000000000000),
 ( 1.000000000000000000, 0.7071067811865475727, 1.000000000000000000),
 ( 1.000000000000000000, 0.7071067811865475727, 1.000000000000000000),
 ( 1.000000000000000000, 0.7071067811865475727, 1.000000000000000000),
 ( 1.000000000000000000, 0.7071067811865475727, 1.000000000000000000),
 ( 1.000000000000000000, 0.7071067811865475727, 1.000000000000000000),
 ( 1.000000000000000000, 0.7071067811865475727, 1.000000000000000000),
 ( 1.000000000000000000, 0.7071067811865475727, 1.000000000000000000),
 ( 1.000000000000000000, 0.7071067811865475727, 1.000000000000000000),
 ( 1.000000000000000000, 0.7071067811865475727, 1.000000000000000000),
 ( 1.000000000000000000, 0.7071067811865475727, 1.000000000000000000),
 ( 1.000000000000000000, 0.7071067811865483499, 1.000000000000000000),
 ( 1.000000000000000000, 0.7071067811865483499, 1.000000000000000000),
 ( 1.000000000000000000, 0.7071067811865475727, 1.000000000000000000),
 ( 1.000000000000000000, 0.7071067811865475727, 1.000000000000000000),
 ( 1.000000000000000000, 0.7071067811865475727, 1.000000000000000000),
 ( 1.000000000000000000, 0.7071067811865475727, 1.000000000000000000),
 ( 1.000000000000000000, 0.7071067811865475727, 1.000000000000000000),
 ( 1.000000000000000000, 0.7071067811865475727, 1.000000000000000000),
 ( 1.000000000000000000, 0.7071067811865476838, 1.000000000000000000),
 ( 1.000000000000000000, 0.7071067811865476838, 1.000000000000000000),
 ( 1.000000000000000000, 0.7071067811865475727, 1.000000000000000000),
 ( 1.000000000000000000, 0.7071067811865475727, 1.000000000000000000),
 ( 1.000000000000000000, 0.7071067811865475727, 1.000000000000000000),
 ( 1.000000000000000000, 0.7071067811865475727, 1.000000000000000000),
 ( 1.000000000000000000, 0.7071067811865475727, 1.000000000000000000),
 ( 1.000000000000000000, 0.7071067811865475727, 1.000000000000000000),
 ( 1.000000000000000000, 0.7071067811865475727, 1.000000000000000000),
 ( 1.000000000000000000, 0.7071067811865475727, 1.000000000000000000) ) ) 
 REPRESENTATION_ITEM ( '' )  SURFACE ( )  );
#1815 = LINE ( 'NONE', #2260, #1216 ) ;
#1816 = ORIENTED_EDGE ( 'NONE', *, *, #1040, .F. ) ;
#1817 = LINE ( 'NONE', #3073, #1812 ) ;
#1818 = EDGE_CURVE ( 'NONE', #4353, #2182, #326, .T. ) ;
#1819 = FACE_OUTER_BOUND ( 'NONE', #1347, .T. ) ;
#1820 = CARTESIAN_POINT ( 'NONE',  ( -36.00000000000001421, 116.4009999999999820, 8.000000000000000000 ) ) ;
#1821 = DIRECTION ( 'NONE',  ( -1.000000000000000000, -0.000000000000000000, -0.000000000000000000 ) ) ;
#1822 = ORIENTED_EDGE ( 'NONE', *, *, #2328, .T. ) ;
#1823 = CARTESIAN_POINT ( 'NONE',  ( 20.20000000000000284, 101.1510000000000105, 8.000000000000000000 ) ) ;
#1824 = VERTEX_POINT ( 'NONE', #2884 ) ;
#1825 = ORIENTED_EDGE ( 'NONE', *, *, #3289, .T. ) ;
#1826 = EDGE_LOOP ( 'NONE', ( #4570, #2619, #5364, #1459 ) ) ;
#1827 = ADVANCED_FACE ( 'NONE', ( #2909 ), #1164, .F. ) ;
#1828 = CARTESIAN_POINT ( 'NONE',  ( -20.99999999999999645, 59.01363579161532158, 36.75813515096008643 ) ) ;
#1829 = DIRECTION ( 'NONE',  ( -0.000000000000000000, -0.000000000000000000, 1.000000000000000000 ) ) ;
#1830 = EDGE_CURVE ( 'NONE', #772, #4323, #1657, .T. ) ;
#1831 = DIRECTION ( 'NONE',  ( 1.000000000000000000, 1.059373115100340372E-16, 0.000000000000000000 ) ) ;
#1832 = ADVANCED_FACE ( 'NONE', ( #759 ), #3681, .F. ) ;
#1833 = CARTESIAN_POINT ( 'NONE',  ( -22.99999999999999645, 0.000000000000000000, 8.000000000000000000 ) ) ;
#1834 = EDGE_CURVE ( 'NONE', #111, #3031, #2439, .T. ) ;
#1835 = CARTESIAN_POINT ( 'NONE',  ( -36.00000000000000000, 86.15099999999999625, 7.999999999999916511 ) ) ;
#1836 = FACE_OUTER_BOUND ( 'NONE', #1125, .T. ) ;
#1837 = ORIENTED_EDGE ( 'NONE', *, *, #3459, .F. ) ;
#1838 = CARTESIAN_POINT ( 'NONE',  ( 48.00000000000000711, 91.40702771091662271, -24.99999999999999645 ) ) ;
#1839 = ADVANCED_FACE ( 'NONE', ( #4066 ), #2004, .F. ) ;
#1840 = DIRECTION ( 'NONE',  ( -0.000000000000000000, 1.000000000000000000, 0.000000000000000000 ) ) ;
#1841 = DIRECTION ( 'NONE',  ( 0.000000000000000000, 0.000000000000000000, -1.000000000000000000 ) ) ;
#1842 = ORIENTED_EDGE ( 'NONE', *, *, #3951, .T. ) ;
#1843 = CARTESIAN_POINT ( 'NONE',  ( 86.20000000000001705, 100.6509999999999962, -29.99999999999999645 ) ) ;
#1844 = ORIENTED_EDGE ( 'NONE', *, *, #244, .F. ) ;
#1845 = CARTESIAN_POINT ( 'NONE',  ( -21.57792556624751512, 58.15100000000001756, 36.23054464533897345 ) ) ;
#1846 = EDGE_CURVE ( 'NONE', #2528, #78, #2463, .T. ) ;
#1847 = LINE ( 'NONE', #4792, #1422 ) ;
#1848 = FACE_BOUND ( 'NONE', #3540, .T. ) ;
#1849 = VERTEX_POINT ( 'NONE', #13 ) ;
#1850 = VECTOR ( 'NONE', #2649, 1000.000000000000000 ) ;
#1851 = CARTESIAN_POINT ( 'NONE',  ( 57.56999999999999318, 102.0809999999999746, -18.50000000000001776 ) ) ;
#1852 = ORIENTED_EDGE ( 'NONE', *, *, #3492, .T. ) ;
#1853 = AXIS2_PLACEMENT_3D ( 'NONE', #3722, #2810, #2838 ) ;
#1854 = ORIENTED_EDGE ( 'NONE', *, *, #2806, .F. ) ;
#1855 = DIRECTION ( 'NONE',  ( 0.000000000000000000, -0.1819131996109805138, -0.9833145924917902070 ) ) ;
#1856 = FACE_OUTER_BOUND ( 'NONE', #2270, .T. ) ;
#1857 = CIRCLE ( 'NONE', #3675, 3.000000000000002665 ) ;
#1858 = ADVANCED_FACE ( 'NONE', ( #3738 ), #3330, .T. ) ;
#1859 = EDGE_CURVE ( 'NONE', #1570, #2528, #648, .T. ) ;
#1860 = LINE ( 'NONE', #4334, #2312 ) ;
#1861 = DIRECTION ( 'NONE',  ( 9.842402700577632017E-17, -1.000000000000000000, 0.000000000000000000 ) ) ;
#1862 = FACE_BOUND ( 'NONE', #3221, .T. ) ;
#1863 = CARTESIAN_POINT ( 'NONE',  ( -5.000000000000000000, 115.9384999999999764, 10.50000000000000178 ) ) ;
#1864 = EDGE_LOOP ( 'NONE', ( #545, #3030, #4588 ) ) ;
#1865 = AXIS2_PLACEMENT_3D ( 'NONE', #4624, #905, #2210 ) ;
#1866 = CARTESIAN_POINT ( 'NONE',  ( -22.99999999999999645, 0.000000000000000000, 58.00000000000000000 ) ) ;
#1867 = CARTESIAN_POINT ( 'NONE',  ( 86.20000000000001705, 61.65099999999998914, 40.29625838435640617 ) ) ;
#1868 = CARTESIAN_POINT ( 'NONE',  ( 38.00000000000000711, 56.15099999999998914, -24.99999999999999289 ) ) ;
#1869 = CIRCLE ( 'NONE', #662, 2.700000000000001066 ) ;
#1870 = ORIENTED_EDGE ( 'NONE', *, *, #3931, .F. ) ;
#1871 = AXIS2_PLACEMENT_3D ( 'NONE', #2111, #2984, #66 ) ;
#1872 = LINE ( 'NONE', #2695, #693 ) ;
#1873 = EDGE_CURVE ( 'NONE', #2367, #582, #2464, .T. ) ;
#1874 = VECTOR ( 'NONE', #729, 1000.000000000000000 ) ;
#1875 = ORIENTED_EDGE ( 'NONE', *, *, #5306, .T. ) ;
#1876 = CARTESIAN_POINT ( 'NONE',  ( -22.99999999999999645, 67.73272697902419281, 18.67550431575067194 ) ) ;
#1877 = CARTESIAN_POINT ( 'NONE',  ( -23.50000000000000000, 96.59960262681913434, 26.79296874652033367 ) ) ;
#1878 = VERTEX_POINT ( 'NONE', #3188 ) ;
#1879 = DIRECTION ( 'NONE',  ( -0.000000000000000000, 0.000000000000000000, 1.000000000000000000 ) ) ;
#1880 = VERTEX_POINT ( 'NONE', #2345 ) ;
#1881 = ORIENTED_EDGE ( 'NONE', *, *, #598, .T. ) ;
#1882 = CIRCLE ( 'NONE', #3531, 2.500000000000000000 ) ;
#1883 = DIRECTION ( 'NONE',  ( -1.000000000000000000, 0.000000000000000000, 0.000000000000000000 ) ) ;
#1884 = ADVANCED_FACE ( 'NONE', ( #3947 ), #1051, .T. ) ;
#1885 = DIRECTION ( 'NONE',  ( -0.3420201433256696011, 0.9396926207859082059, 0.000000000000000000 ) ) ;
#1886 = VECTOR ( 'NONE', #4740, 1000.000000000000000 ) ;
#1887 = DIRECTION ( 'NONE',  ( 0.000000000000000000, 0.000000000000000000, -1.000000000000000000 ) ) ;
#1888 = CIRCLE ( 'NONE', #4225, 2.499999999999998668 ) ;
#1889 = DIRECTION ( 'NONE',  ( 1.000000000000000000, 0.000000000000000000, 0.000000000000000000 ) ) ;
#1890 = VECTOR ( 'NONE', #5004, 1000.000000000000000 ) ;
#1891 = ADVANCED_FACE ( 'NONE', ( #3975 ), #4456, .F. ) ;
#1892 = LINE ( 'NONE', #4499, #5190 ) ;
#1893 = ORIENTED_EDGE ( 'NONE', *, *, #712, .T. ) ;
#1894 = AXIS2_PLACEMENT_3D ( 'NONE', #4935, #4903, #2873 ) ;
#1895 = CARTESIAN_POINT ( 'NONE',  ( -0.000000000000000000, 85.90099999999999625, 8.000000000000000000 ) ) ;
#1896 = DIRECTION ( 'NONE',  ( -1.000000000000000000, 0.000000000000000000, 0.000000000000000000 ) ) ;
#1897 = DIRECTION ( 'NONE',  ( 0.000000000000000000, 0.000000000000000000, -1.000000000000000000 ) ) ;
#1898 = ORIENTED_EDGE ( 'NONE', *, *, #2968, .T. ) ;
#1899 = ORIENTED_EDGE ( 'NONE', *, *, #1598, .T. ) ;
#1900 = DIRECTION ( 'NONE',  ( -0.7071067811865474617, 8.659560562354931626E-17, 0.7071067811865476838 ) ) ;
#1901 = ORIENTED_EDGE ( 'NONE', *, *, #2503, .F. ) ;
#1902 = CIRCLE ( 'NONE', #2957, 3.000000000000002665 ) ;
#1903 = CARTESIAN_POINT ( 'NONE',  ( -22.99999999999999645, 58.15100000000000335, 37.19321514473028856 ) ) ;
#1904 = EDGE_CURVE ( 'NONE', #4067, #2842, #276, .T. ) ;
#1905 = CARTESIAN_POINT ( 'NONE',  ( -23.50000000000000355, 102.4149299180198369, 36.10109300299310320 ) ) ;
#1906 = ORIENTED_EDGE ( 'NONE', *, *, #4587, .T. ) ;
#1907 = DIRECTION ( 'NONE',  ( -1.000000000000000000, -0.000000000000000000, -0.000000000000000000 ) ) ;
#1908 = EDGE_LOOP ( 'NONE', ( #935, #1748 ) ) ;
#1909 = ORIENTED_EDGE ( 'NONE', *, *, #3023, .F. ) ;
#1910 = CARTESIAN_POINT ( 'NONE',  ( -23.49999999999999289, 102.2424642891671880, 35.95628593500386216 ) ) ;
#1911 = DIRECTION ( 'NONE',  ( -1.968480540115525171E-16, 1.000000000000000000, 0.000000000000000000 ) ) ;
#1912 = DIRECTION ( 'NONE',  ( 0.000000000000000000, 1.000000000000000000, 0.000000000000000000 ) ) ;
#1913 = CARTESIAN_POINT ( 'NONE',  ( -22.99999999999999645, 58.15100000000000335, 58.00000000000000000 ) ) ;
#1914 = CARTESIAN_POINT ( 'NONE',  ( 48.00000000000000711, 52.40099999999998204, 0.000000000000000000 ) ) ;
#1915 = ORIENTED_EDGE ( 'NONE', *, *, #4096, .T. ) ;
#1916 = AXIS2_PLACEMENT_3D ( 'NONE', #2052, #1588, #3595 ) ;
#1917 = CARTESIAN_POINT ( 'NONE',  ( -23.00000000000000000, 101.4760164156239881, 35.15424013864602415 ) ) ;
#1918 = FACE_OUTER_BOUND ( 'NONE', #1116, .T. ) ;
#1919 = DIRECTION ( 'NONE',  ( 0.9986295347545742773, 1.798550683431304467E-16, -0.05233595624293728432 ) ) ;
#1920 = VERTEX_POINT ( 'NONE', #4354 ) ;
#1921 = CARTESIAN_POINT ( 'NONE',  ( 45.54363821633102560, 49.90099999999997493, -11.02423867802895430 ) ) ;
#1922 = VERTEX_POINT ( 'NONE', #226 ) ;
#1923 = ADVANCED_FACE ( 'NONE', ( #4022 ), #1129, .F. ) ;
#1924 = ADVANCED_FACE ( 'NONE', ( #251 ), #2543, .F. ) ;
#1925 = CARTESIAN_POINT ( 'NONE',  ( -21.89184019212304477, 58.15100000000001756, 36.59320112530494384 ) ) ;
#1926 = CARTESIAN_POINT ( 'NONE',  ( -23.49999999999998579, 98.05644754655314443, 30.19171282335265261 ) ) ;
#1927 = EDGE_LOOP ( 'NONE', ( #32, #1591, #2090, #51, #2511 ) ) ;
#1928 = CARTESIAN_POINT ( 'NONE',  ( -6.123233995736752477E-17, 104.1510000000000105, 58.00000000000000000 ) ) ;
#1929 = VERTEX_POINT ( 'NONE', #2952 ) ;
#1930 = EDGE_LOOP ( 'NONE', ( #1505, #3758, #4137, #3257 ) ) ;
#1931 = CARTESIAN_POINT ( 'NONE',  ( -23.49999999999999289, 106.5876751601849577, 38.00000000000000000 ) ) ;
#1932 = DIRECTION ( 'NONE',  ( -0.000000000000000000, 1.000000000000000000, 0.000000000000000000 ) ) ;
#1933 = EDGE_CURVE ( 'NONE', #279, #5206, #2925, .T. ) ;
#1934 = CIRCLE ( 'NONE', #4540, 2.499999999999998668 ) ;
#1935 = CYLINDRICAL_SURFACE ( 'NONE', #3019, 2.899999999999999911 ) ;
#1936 = LINE ( 'NONE', #3272, #2933 ) ;
#1937 = FACE_OUTER_BOUND ( 'NONE', #5245, .T. ) ;
#1938 = CARTESIAN_POINT ( 'NONE',  ( -23.49999999999999289, 55.15099999999998914, 35.50000000000000000 ) ) ;
#1939 = ORIENTED_EDGE ( 'NONE', *, *, #1965, .F. ) ;
#1940 = DIRECTION ( 'NONE',  ( -0.9396926207859082059, 0.3420201433256693235, -0.000000000000000000 ) ) ;
#1941 = VERTEX_POINT ( 'NONE', #3641 ) ;
#1943 = CIRCLE ( 'NONE', #1432, 2.700000000000001066 ) ;
#1942 = CARTESIAN_POINT ( 'NONE',  ( 26.50000000000000000, 61.15099999999999625, 5.199999999999999289 ) ) ;
#1944 = CARTESIAN_POINT ( 'NONE',  ( -25.99999999999999645, 68.65100000000001046, 58.00000000000000000 ) ) ;
#1945 = VERTEX_POINT ( 'NONE', #853 ) ;
#1946 = DIRECTION ( 'NONE',  ( -0.000000000000000000, -0.000000000000000000, 1.000000000000000000 ) ) ;
#1947 = EDGE_CURVE ( 'NONE', #2435, #4604, #1773, .T. ) ;
#1948 = ORIENTED_EDGE ( 'NONE', *, *, #4146, .T. ) ;
#1949 = VECTOR ( 'NONE', #1027, 1000.000000000000000 ) ;
#1950 = CARTESIAN_POINT ( 'NONE',  ( -23.00000000000000000, 67.94258366243417413, 17.34976192562950104 ) ) ;
#1951 = VECTOR ( 'NONE', #1594, 1000.000000000000000 ) ;
#1952 = CARTESIAN_POINT ( 'NONE',  ( 27.99999999999998224, 82.56917075974155296, -25.00000000000000355 ) ) ;
#1953 = EDGE_CURVE ( 'NONE', #2658, #3478, #3885, .T. ) ;
#1954 = CARTESIAN_POINT ( 'NONE',  ( 62.57000000000000028, 57.52100000000000790, 40.29625838435640617 ) ) ;
#1955 = VERTEX_POINT ( 'NONE', #4735 ) ;
#1956 = ORIENTED_EDGE ( 'NONE', *, *, #4042, .T. ) ;
#1957 = DIRECTION ( 'NONE',  ( 0.000000000000000000, 1.000000000000000000, 0.000000000000000000 ) ) ;
#1958 = CYLINDRICAL_SURFACE ( 'NONE', #4040, 2.500000000000002220 ) ;
#1959 = LINE ( 'NONE', #3565, #3070 ) ;
#1960 = VECTOR ( 'NONE', #2764, 1000.000000000000000 ) ;
#1961 = VECTOR ( 'NONE', #148, 1000.000000000000000 ) ;
#1962 = CARTESIAN_POINT ( 'NONE',  ( 45.50000000000000000, 116.4010000000000105, -13.52538256101397529 ) ) ;
#1963 = ORIENTED_EDGE ( 'NONE', *, *, #4082, .F. ) ;
#1964 = CARTESIAN_POINT ( 'NONE',  ( 2.500000000000002220, 45.90100000000000335, 7.999999999999903189 ) ) ;
#1965 = EDGE_CURVE ( 'NONE', #3526, #2232, #1363, .T. ) ;
#1966 = EDGE_CURVE ( 'NONE', #4095, #4717, #5089, .T. ) ;
#1967 = DIRECTION ( 'NONE',  ( 0.000000000000000000, 0.000000000000000000, 1.000000000000000000 ) ) ;
#1968 = VECTOR ( 'NONE', #1879, 1000.000000000000000 ) ;
#1969 = VERTEX_POINT ( 'NONE', #4183 ) ;
#1970 = CARTESIAN_POINT ( 'NONE',  ( -20.99999999999998934, 67.75595098871326627, 18.84117061191748022 ) ) ;
#1971 = ORIENTED_EDGE ( 'NONE', *, *, #3357, .T. ) ;
#1972 = CARTESIAN_POINT ( 'NONE',  ( 109.8300000000000125, 54.82100000000001216, -30.00000000000000711 ) ) ;
#1973 = DIRECTION ( 'NONE',  ( 1.000000000000000000, 0.000000000000000000, 0.000000000000000000 ) ) ;
#1974 = ORIENTED_EDGE ( 'NONE', *, *, #399, .T. ) ;
#1975 = CONICAL_SURFACE ( 'NONE', #1549, 6.299999999999999822, 0.7853981633974481680 ) ;
#1976 = CIRCLE ( 'NONE', #4666, 2.700000000000001066 ) ;
#1977 = CYLINDRICAL_SURFACE ( 'NONE', #3414, 2.700000000000001066 ) ;
#1978 = ORIENTED_EDGE ( 'NONE', *, *, #3846, .T. ) ;
#1979 = CARTESIAN_POINT ( 'NONE',  ( 45.50000000000000000, 109.9009999999999962, -2.500000000000000000 ) ) ;
#1980 = LINE ( 'NONE', #767, #4896 ) ;
#1981 = CARTESIAN_POINT ( 'NONE',  ( 46.35505035831418041, 88.14787057328634035, -2.499999999999998668 ) ) ;
#1982 = ORIENTED_EDGE ( 'NONE', *, *, #1034, .F. ) ;
#1983 = ORIENTED_EDGE ( 'NONE', *, *, #465, .F. ) ;
#1984 = EDGE_CURVE ( 'NONE', #1311, #111, #462, .T. ) ;
#1985 = VECTOR ( 'NONE', #2176, 1000.000000000000000 ) ;
#1986 = DIRECTION ( 'NONE',  ( 1.000000000000000000, 2.775557561562888984E-15, 0.000000000000000000 ) ) ;
#1987 = DIRECTION ( 'NONE',  ( 0.000000000000000000, 1.000000000000000000, 0.000000000000000000 ) ) ;
#1988 = CARTESIAN_POINT ( 'NONE',  ( 0.000000000000000000, 102.0809999999999889, 40.29625838435640617 ) ) ;
#1989 =( BOUNDED_CURVE ( )  B_SPLINE_CURVE ( 3, ( #3262, #1256, #4046, #4897 ),
 .UNSPECIFIED., .F., .F. ) 
 B_SPLINE_CURVE_WITH_KNOTS ( ( 4, 4 ),
 ( 1.570796326794898556, 3.141592653589793116 ),
 .UNSPECIFIED. ) 
 CURVE ( )  GEOMETRIC_REPRESENTATION_ITEM ( )  RATIONAL_B_SPLINE_CURVE ( ( 1.000000000000000000, 0.8047378541243654926, 0.8047378541243654926, 1.000000000000000000 ) ) 
 REPRESENTATION_ITEM ( '' )  );
#1990 = LINE ( 'NONE', #3671, #2853 ) ;
#1991 = ORIENTED_EDGE ( 'NONE', *, *, #2794, .T. ) ;
#1992 = CARTESIAN_POINT ( 'NONE',  ( 1.836970198721021799E-16, 58.15100000000000335, 10.50000000000000178 ) ) ;
#1993 = ADVANCED_FACE ( 'NONE', ( #1819 ), #2127, .T. ) ;
#1994 = ORIENTED_EDGE ( 'NONE', *, *, #5112, .F. ) ;
#1995 = EDGE_CURVE ( 'NONE', #3739, #2719, #129, .T. ) ;
#1996 = EDGE_CURVE ( 'NONE', #910, #71, #3443, .T. ) ;
#1997 = CARTESIAN_POINT ( 'NONE',  ( -20.99999999999999289, 57.24597814415781016, 34.90627875581623130 ) ) ;
#1998 = ORIENTED_EDGE ( 'NONE', *, *, #5300, .F. ) ;
#1999 = EDGE_CURVE ( 'NONE', #4930, #3604, #4209, .T. ) ;
#2000 = CARTESIAN_POINT ( 'NONE',  ( -20.99999999999998934, 68.44188734175764921, 13.43677138399964299 ) ) ;
#2001 = ORIENTED_EDGE ( 'NONE', *, *, #2704, .F. ) ;
#2002 = ADVANCED_FACE ( 'NONE', ( #2237 ), #2153, .F. ) ;
#2003 = DIRECTION ( 'NONE',  ( 1.000000000000000000, 9.842402700577634482E-17, 0.000000000000000000 ) ) ;
#2004 = PLANE ( 'NONE',  #1290 ) ;
#2005 = ORIENTED_EDGE ( 'NONE', *, *, #929, .F. ) ;
#2006 = CARTESIAN_POINT ( 'NONE',  ( 30.00000000000000000, 61.15099999999999625, 8.000000000000000000 ) ) ;
#2007 = FACE_OUTER_BOUND ( 'NONE', #857, .T. ) ;
#2008 = AXIS2_PLACEMENT_3D ( 'NONE', #5330, #3769, #4507 ) ;
#2009 = ORIENTED_EDGE ( 'NONE', *, *, #2947, .F. ) ;
#2010 = EDGE_CURVE ( 'NONE', #5118, #258, #3372, .T. ) ;
#2011 = CARTESIAN_POINT ( 'NONE',  ( -25.99999999999999645, 68.65100000000001046, 58.00000000000000000 ) ) ;
#2012 = DIRECTION ( 'NONE',  ( 0.000000000000000000, 1.000000000000000000, 0.000000000000000000 ) ) ;
#2013 = LINE ( 'NONE', #1234, #950 ) ;
#2014 = ORIENTED_EDGE ( 'NONE', *, *, #2329, .F. ) ;
#2015 = VERTEX_POINT ( 'NONE', #5061 ) ;
#2016 = CARTESIAN_POINT ( 'NONE',  ( -20.99999999999999289, 97.52058190714696195, 20.96727729800851137 ) ) ;
#2017 = CYLINDRICAL_SURFACE ( 'NONE', #5203, 3.499999999999999556 ) ;
#2018 = FACE_BOUND ( 'NONE', #527, .T. ) ;
#2019 = DIRECTION ( 'NONE',  ( -1.042677680898292906E-32, 9.842402700577632017E-17, -1.000000000000000000 ) ) ;
#2020 = VERTEX_POINT ( 'NONE', #1315 ) ;
#2021 = LINE ( 'NONE', #5266, #4253 ) ;
#2022 = DIRECTION ( 'NONE',  ( 1.000000000000000000, 9.842402700577634482E-17, 0.000000000000000000 ) ) ;
#2023 = DIRECTION ( 'NONE',  ( -1.000000000000000000, -0.000000000000000000, 0.000000000000000000 ) ) ;
#2024 = ADVANCED_FACE ( 'NONE', ( #983 ), #560, .F. ) ;
#2025 = EDGE_CURVE ( 'NONE', #783, #3688, #5038, .T. ) ;
#2026 = ORIENTED_EDGE ( 'NONE', *, *, #2403, .T. ) ;
#2027 = DIRECTION ( 'NONE',  ( -1.000000000000000000, -0.000000000000000000, -0.000000000000000000 ) ) ;
#2028 = DIRECTION ( 'NONE',  ( 0.9986295347545742773, 1.088692812806290538E-16, -0.05233595624293728432 ) ) ;
#2029 = CARTESIAN_POINT ( 'NONE',  ( -20.99999999999999289, 109.6510000000000105, 10.50000000000000000 ) ) ;
#2030 = CIRCLE ( 'NONE', #4751, 2.500000000000000000 ) ;
#2031 = VERTEX_POINT ( 'NONE', #3074 ) ;
#2032 = FACE_OUTER_BOUND ( 'NONE', #263, .T. ) ;
#2033 = DIRECTION ( 'NONE',  ( 0.000000000000000000, 0.000000000000000000, 1.000000000000000000 ) ) ;
#2034 = ORIENTED_EDGE ( 'NONE', *, *, #2594, .F. ) ;
#2035 = PRODUCT_DEFINITION_SHAPE ( 'NONE', 'NONE',  #3568 ) ;
#2036 = AXIS2_PLACEMENT_3D ( 'NONE', #1227, #1355, #513 ) ;
#2037 = LINE ( 'NONE', #2011, #2039 ) ;
#2038 = EDGE_CURVE ( 'NONE', #4067, #3439, #463, .T. ) ;
#2039 = VECTOR ( 'NONE', #2445, 1000.000000000000000 ) ;
#2040 = LINE ( 'NONE', #1233, #4305 ) ;
#2041 = CIRCLE ( 'NONE', #3084, 2.700000000000008171 ) ;
#2042 = DIRECTION ( 'NONE',  ( 0.000000000000000000, 1.000000000000000000, 1.779203565104417128E-16 ) ) ;
#2043 = ORIENTED_EDGE ( 'NONE', *, *, #2025, .F. ) ;
#2044 = EDGE_LOOP ( 'NONE', ( #340, #3265 ) ) ;
#2045 = AXIS2_PLACEMENT_3D ( 'NONE', #389, #2792, #2377 ) ;
#2046 = CARTESIAN_POINT ( 'NONE',  ( -23.49999999999999289, 95.40024801447907521, 22.85317152256272166 ) ) ;
#2047 = VECTOR ( 'NONE', #5213, 1000.000000000000114 ) ;
#2048 = DIRECTION ( 'NONE',  ( 0.000000000000000000, 0.000000000000000000, 1.000000000000000000 ) ) ;
#2049 = PLANE ( 'NONE',  #5173 ) ;
#2050 = CYLINDRICAL_SURFACE ( 'NONE', #2238, 2.500000000000001776 ) ;
#2051 = ORIENTED_EDGE ( 'NONE', *, *, #1341, .F. ) ;
#2052 = CARTESIAN_POINT ( 'NONE',  ( -17.49999999999999645, 0.000000000000000000, 10.50000000000000000 ) ) ;
#2053 = FACE_OUTER_BOUND ( 'NONE', #5338, .T. ) ;
#2054 = CARTESIAN_POINT ( 'NONE',  ( -25.70277665652822918, 56.42568044663386218, 37.87346373875560346 ) ) ;
#2055 = ORIENTED_EDGE ( 'NONE', *, *, #264, .T. ) ;
#2056 = CARTESIAN_POINT ( 'NONE',  ( -32.79999999999999716, 61.15099999999999625, 8.000000000000000000 ) ) ;
#2057 = LINE ( 'NONE', #4036, #1951 ) ;
#2058 = CARTESIAN_POINT ( 'NONE',  ( -19.99999999999999645, 85.90099999999999625, 58.00000000000000000 ) ) ;
#2059 = ORIENTED_EDGE ( 'NONE', *, *, #2554, .T. ) ;
#2060 = EDGE_CURVE ( 'NONE', #3015, #336, #1269, .T. ) ;
#2061 = DIRECTION ( 'NONE',  ( -1.000000000000000000, 0.000000000000000000, 0.000000000000000000 ) ) ;
#2062 = ORIENTED_EDGE ( 'NONE', *, *, #1237, .F. ) ;
#2063 = CIRCLE ( 'NONE', #939, 2.700000000000008171 ) ;
#2064 = CARTESIAN_POINT ( 'NONE',  ( -9.437519228353870250E-15, 52.40099999999997493, -0.000000000000000000 ) ) ;
#2065 = CARTESIAN_POINT ( 'NONE',  ( 118.0000000000000284, 71.15100000000001046, -11.99999999999999467 ) ) ;
#2066 = VECTOR ( 'NONE', #3202, 1000.000000000000000 ) ;
#2067 = DIRECTION ( 'NONE',  ( 1.000000000000000000, 7.796510004390144799E-17, -0.000000000000000000 ) ) ;
#2068 = EDGE_CURVE ( 'NONE', #3996, #139, #2116, .T. ) ;
#2069 = EDGE_CURVE ( 'NONE', #4883, #3346, #1619, .T. ) ;
#2070 = DIRECTION ( 'NONE',  ( -1.000000000000000000, -3.118604001756057426E-16, 0.000000000000000000 ) ) ;
#2071 = ORIENTED_EDGE ( 'NONE', *, *, #533, .F. ) ;
#2072 = CARTESIAN_POINT ( 'NONE',  ( -20.99999999999087663, 93.69197678428812992, 10.71072241149089876 ) ) ;
#2073 = CARTESIAN_POINT ( 'NONE',  ( -20.99999999999999289, 104.1510000000000105, 34.28321493267161202 ) ) ;
#2074 = CARTESIAN_POINT ( 'NONE',  ( -25.51096595465799766, 106.1452911916776003, 37.91821441700086837 ) ) ;
#2075 = FACE_OUTER_BOUND ( 'NONE', #5179, .T. ) ;
#2076 = AXIS2_PLACEMENT_3D ( 'NONE', #4130, #3340, #2099 ) ;
#2077 = ORIENTED_EDGE ( 'NONE', *, *, #5022, .T. ) ;
#2078 = CARTESIAN_POINT ( 'NONE',  ( -26.50000000000000000, 61.15099999999999625, 0.000000000000000000 ) ) ;
#2079 = ORIENTED_EDGE ( 'NONE', *, *, #3533, .T. ) ;
#2080 = AXIS2_PLACEMENT_3D ( 'NONE', #3782, #55, #5090 ) ;
#2081 = CARTESIAN_POINT ( 'NONE',  ( 26.00000000000002132, 45.90099999999998204, 0.000000000000000000 ) ) ;
#2082 = DIRECTION ( 'NONE',  ( -1.000000000000000000, 0.000000000000000000, 0.000000000000000000 ) ) ;
#2083 = LINE ( 'NONE', #4583, #4914 ) ;
#2084 = CARTESIAN_POINT ( 'NONE',  ( -25.99999999999999645, 73.65100000000001046, 58.00000000000000000 ) ) ;
#2085 = DIRECTION ( 'NONE',  ( 1.643610237446544972E-32, 1.281442365957004894E-48, 1.000000000000000000 ) ) ;
#2086 = ORIENTED_EDGE ( 'NONE', *, *, #3092, .F. ) ;
#2087 = ORIENTED_EDGE ( 'NONE', *, *, #864, .F. ) ;
#2088 = DIRECTION ( 'NONE',  ( 0.000000000000000000, 1.000000000000000000, 0.000000000000000000 ) ) ;
#2089 = DIRECTION ( 'NONE',  ( -0.000000000000000000, -1.000000000000000000, -0.000000000000000000 ) ) ;
#2090 = ORIENTED_EDGE ( 'NONE', *, *, #3220, .F. ) ;
#2091 = FACE_OUTER_BOUND ( 'NONE', #4176, .T. ) ;
#2092 = CARTESIAN_POINT ( 'NONE',  ( -26.50000000000000000, 101.1510000000000105, 8.000000000000000000 ) ) ;
#2093 = AXIS2_PLACEMENT_3D ( 'NONE', #2913, #812, #4148 ) ;
#2094 = DIRECTION ( 'NONE',  ( -1.000000000000000000, 0.000000000000000000, 0.000000000000000000 ) ) ;
#2095 = ORIENTED_EDGE ( 'NONE', *, *, #1737, .T. ) ;
#2096 = EDGE_CURVE ( 'NONE', #5206, #4657, #1453, .T. ) ;
#2097 = ADVANCED_FACE ( 'NONE', ( #1096 ), #3131, .F. ) ;
#2098 = VECTOR ( 'NONE', #27, 999.9999999999998863 ) ;
#2099 = DIRECTION ( 'NONE',  ( 1.000000000000000000, 0.000000000000000000, 0.000000000000000000 ) ) ;
#2100 = ORIENTED_EDGE ( 'NONE', *, *, #4287, .F. ) ;
#2101 = CARTESIAN_POINT ( 'NONE',  ( -20.99999999999998934, 100.8713895954741844, 30.17664382477803642 ) ) ;
#2102 = AXIS2_PLACEMENT_3D ( 'NONE', #3294, #823, #4134 ) ;
#2103 = DIRECTION ( 'NONE',  ( 1.000000000000000000, 0.000000000000000000, 0.000000000000000000 ) ) ;
#2104 = CARTESIAN_POINT ( 'NONE',  ( -25.92746958071462515, 105.2691236932821397, 37.70911923658409393 ) ) ;
#2105 = CARTESIAN_POINT ( 'NONE',  ( 1.836970198721021799E-16, 58.15100000000000335, 55.50000000000000000 ) ) ;
#2106 = VERTEX_POINT ( 'NONE', #3609 ) ;
#2107 = ORIENTED_EDGE ( 'NONE', *, *, #4900, .F. ) ;
#2108 = EDGE_CURVE ( 'NONE', #975, #110, #136, .T. ) ;
#2109 = CARTESIAN_POINT ( 'NONE',  ( 28.00000000000000000, 84.12762302559254124, -24.99999999999999645 ) ) ;
#2110 = CARTESIAN_POINT ( 'NONE',  ( -25.88169616979142873, 56.87419139654443256, 37.75648248958800224 ) ) ;
#2111 = CARTESIAN_POINT ( 'NONE',  ( 118.0000000000000142, 91.15099999999999625, -11.99999999999998046 ) ) ;
#2112 = DIRECTION ( 'NONE',  ( -0.000000000000000000, -0.000000000000000000, 1.000000000000000000 ) ) ;
#2113 = DIRECTION ( 'NONE',  ( 0.000000000000000000, 1.000000000000000000, 0.000000000000000000 ) ) ;
#2114 = ORIENTED_EDGE ( 'NONE', *, *, #4684, .F. ) ;
#2115 = CIRCLE ( 'NONE', #5067, 2.700000000000008171 ) ;
#2116 = CIRCLE ( 'NONE', #4368, 2.499999999999998668 ) ;
#2117 = LINE ( 'NONE', #977, #4764 ) ;
#2118 = DIRECTION ( 'NONE',  ( -1.000000000000000000, -1.090186876030910145E-16, 0.000000000000000000 ) ) ;
#2119 = EDGE_CURVE ( 'NONE', #1399, #246, #1478, .T. ) ;
#2120 = CARTESIAN_POINT ( 'NONE',  ( -23.49999999999999289, 68.65100000000001046, 7.999999999999994671 ) ) ;
#2121 = CIRCLE ( 'NONE', #5164, 3.499999999999999556 ) ;
#2122 = EDGE_LOOP ( 'NONE', ( #233, #4376, #133, #3633 ) ) ;
#2123 = DIRECTION ( 'NONE',  ( 1.000000000000000000, 0.000000000000000000, 0.000000000000000000 ) ) ;
#2124 = EDGE_LOOP ( 'NONE', ( #3613, #2470, #5, #4673 ) ) ;
#2125 = VECTOR ( 'NONE', #4892, 1000.000000000000000 ) ;
#2126 = EDGE_CURVE ( 'NONE', #85, #5238, #1847, .T. ) ;
#2127 = PLANE ( 'NONE',  #3670 ) ;
#2128 = LINE ( 'NONE', #1792, #5137 ) ;
#2129 = CARTESIAN_POINT ( 'NONE',  ( 54.87000000000000455, 57.52099999999999369, 40.29625838435640617 ) ) ;
#2130 = AXIS2_PLACEMENT_3D ( 'NONE', #2452, #4185, #3669 ) ;
#2131 = AXIS2_PLACEMENT_3D ( 'NONE', #1326, #3838, #536 ) ;
#2132 = LINE ( 'NONE', #2481, #590 ) ;
#2133 = VERTEX_POINT ( 'NONE', #3502 ) ;
#2134 = ORIENTED_EDGE ( 'NONE', *, *, #3637, .T. ) ;
#2135 = APPLICATION_CONTEXT ( 'automotive_design' ) ;
#2136 = CARTESIAN_POINT ( 'NONE',  ( 53.00000000000000000, 116.4010000000000105, 8.000000000000000000 ) ) ;
#2137 = AXIS2_PLACEMENT_3D ( 'NONE', #1942, #369, #4470 ) ;
#2138 = CARTESIAN_POINT ( 'NONE',  ( -20.96014440621418018, 58.15100000000000335, 8.000000000000000000 ) ) ;
#2139 = CARTESIAN_POINT ( 'NONE',  ( -25.99999999999999645, 88.65099999999999625, 10.50000000000000178 ) ) ;
#2140 = EDGE_CURVE ( 'NONE', #4818, #2465, #2818, .T. ) ;
#2141 = ORIENTED_EDGE ( 'NONE', *, *, #603, .T. ) ;
#2142 = CARTESIAN_POINT ( 'NONE',  ( -22.99999999999999645, 85.90099999999999625, 8.000000000000000000 ) ) ;
#2143 = EDGE_CURVE ( 'NONE', #4742, #1075, #2722, .T. ) ;
#2144 = CARTESIAN_POINT ( 'NONE',  ( -23.49999999999999289, 55.15099999999998914, 38.00000000000000000 ) ) ;
#2145 = ORIENTED_EDGE ( 'NONE', *, *, #3315, .T. ) ;
#2146 = CARTESIAN_POINT ( 'NONE',  ( 48.00000000000000711, 71.51252302468047617, -24.94922964008998889 ) ) ;
#2147 = VECTOR ( 'NONE', #434, 1000.000000000000000 ) ;
#2148 = FACE_OUTER_BOUND ( 'NONE', #445, .T. ) ;
#2149 = CARTESIAN_POINT ( 'NONE',  ( 23.00000000000000000, 101.1510000000000105, 8.000000000000000000 ) ) ;
#2150 = CONICAL_SURFACE ( 'NONE', #3614, 6.299999999999996270, 0.7853981633974473908 ) ;
#2151 = CARTESIAN_POINT ( 'NONE',  ( 28.00000000000000000, 113.4009999999999962, -24.99999999999999289 ) ) ;
#2152 = VERTEX_POINT ( 'NONE', #2317 ) ;
#2153 = PLANE ( 'NONE',  #3843 ) ;
#2154 = DIRECTION ( 'NONE',  ( 0.000000000000000000, 1.000000000000000000, 0.000000000000000000 ) ) ;
#2155 = CARTESIAN_POINT ( 'NONE',  ( 43.50000000000000711, 111.4009999999999962, 13.99999999999999822 ) ) ;
#2157 = ORIENTED_EDGE ( 'NONE', *, *, #1700, .F. ) ;
#2156 = CIRCLE ( 'NONE', #4231, 3.499999999999999556 ) ;
#2158 = CARTESIAN_POINT ( 'NONE',  ( -28.49999999999999289, 76.15100000000001046, 8.000000000000000000 ) ) ;
#2159 = EDGE_LOOP ( 'NONE', ( #1893, #3639, #4525, #346 ) ) ;
#2160 = ORIENTED_EDGE ( 'NONE', *, *, #1637, .F. ) ;
#2161 = ORIENTED_EDGE ( 'NONE', *, *, #780, .F. ) ;
#2162 = LINE ( 'NONE', #589, #2636 ) ;
#2163 = EDGE_CURVE ( 'NONE', #4595, #3478, #4129, .T. ) ;
#2164 = EDGE_CURVE ( 'NONE', #2842, #3110, #1989, .T. ) ;
#2165 = FACE_OUTER_BOUND ( 'NONE', #4020, .T. ) ;
#2166 = DIRECTION ( 'NONE',  ( 1.000000000000000000, 0.000000000000000000, 0.000000000000000000 ) ) ;
#2167 = ADVANCED_FACE ( 'NONE', ( #406 ), #4510, .F. ) ;
#2168 = DIRECTION ( 'NONE',  ( -1.000000000000000000, -9.842402700577629551E-17, 0.000000000000000000 ) ) ;
#2169 = CARTESIAN_POINT ( 'NONE',  ( -20.99999999999999289, 58.15100000000000335, 58.00000000000000000 ) ) ;
#2170 = ORIENTED_EDGE ( 'NONE', *, *, #1237, .T. ) ;
#2171 =( BOUNDED_CURVE ( )  B_SPLINE_CURVE ( 3, ( #1739, #1334, #5141, #126 ),
 .UNSPECIFIED., .F., .F. ) 
 B_SPLINE_CURVE_WITH_KNOTS ( ( 4, 4 ),
 ( 3.141592653589793116, 4.712388980384689674 ),
 .UNSPECIFIED. ) 
 CURVE ( )  GEOMETRIC_REPRESENTATION_ITEM ( )  RATIONAL_B_SPLINE_CURVE ( ( 1.000000000000000000, 0.8047378541243649375, 0.8047378541243649375, 1.000000000000000000 ) ) 
 REPRESENTATION_ITEM ( '' )  );
#2172 = CARTESIAN_POINT ( 'NONE',  ( 48.00000000000000711, 71.80489787474886043, -24.84923155196477040 ) ) ;
#2173 = DIRECTION ( 'NONE',  ( 0.000000000000000000, 1.000000000000000000, -5.204170427930416353E-16 ) ) ;
#2174 = CARTESIAN_POINT ( 'NONE',  ( -23.49999999999998934, 55.89934867404976870, 37.96510340331518307 ) ) ;
#2175 = ADVANCED_FACE ( 'NONE', ( #1173 ), #845, .F. ) ;
#2176 = DIRECTION ( 'NONE',  ( 0.000000000000000000, 1.000000000000000000, -0.000000000000000000 ) ) ;
#2177 = ORIENTED_EDGE ( 'NONE', *, *, #4770, .F. ) ;
#2178 = ORIENTED_EDGE ( 'NONE', *, *, #3263, .T. ) ;
#2179 = CARTESIAN_POINT ( 'NONE',  ( -25.99999999999999645, 104.6510000000000105, 58.00000000000000000 ) ) ;
#2180 = CARTESIAN_POINT ( 'NONE',  ( -8.219699914209061917E-31, 3.899394657709764419E-15, -25.00000000000001066 ) ) ;
#2181 = AXIS2_PLACEMENT_3D ( 'NONE', #3309, #3360, #4613 ) ;
#2182 = VERTEX_POINT ( 'NONE', #3636 ) ;
#2183 = ORIENTED_EDGE ( 'NONE', *, *, #4085, .T. ) ;
#2184 = CARTESIAN_POINT ( 'NONE',  ( -5.000000000000000000, 55.15099999999998914, 58.00000000000000000 ) ) ;
#2185 = ORIENTED_EDGE ( 'NONE', *, *, #4113, .T. ) ;
#2186 = ORIENTED_EDGE ( 'NONE', *, *, #515, .T. ) ;
#2187 = CARTESIAN_POINT ( 'NONE',  ( -20.99999999999885958, 66.32671293296984061, 24.84786012652870468 ) ) ;
#2188 = EDGE_CURVE ( 'NONE', #3962, #1955, #1980, .T. ) ;
#2189 = DIRECTION ( 'NONE',  ( 0.9986295347545742773, 1.798550683431304467E-16, -0.05233595624293728432 ) ) ;
#2190 = FACE_BOUND ( 'NONE', #4978, .T. ) ;
#2191 = PLANE ( 'NONE',  #40 ) ;
#2192 = EDGE_CURVE ( 'NONE', #4657, #681, #1596, .T. ) ;
#2193 = EDGE_CURVE ( 'NONE', #4818, #610, #4955, .T. ) ;
#2194 = DIRECTION ( 'NONE',  ( -1.000000000000000000, -2.775557561562888984E-15, 0.000000000000000000 ) ) ;
#2195 = CARTESIAN_POINT ( 'NONE',  ( 121.0000000000000284, 45.90100000000001756, 8.000000000000000000 ) ) ;
#2196 = PRODUCT_CONTEXT ( 'NONE', #773, 'mechanical' ) ;
#2197 = ORIENTED_EDGE ( 'NONE', *, *, #5033, .T. ) ;
#2198 = DIRECTION ( 'NONE',  ( 0.000000000000000000, -1.000000000000000000, 0.000000000000000000 ) ) ;
#2199 = DIRECTION ( 'NONE',  ( 1.000000000000000000, 0.000000000000000000, 0.000000000000000000 ) ) ;
#2200 =( BOUNDED_CURVE ( )  B_SPLINE_CURVE ( 3, ( #1806, #3840, #2686, #4665 ),
 .UNSPECIFIED., .F., .F. ) 
 B_SPLINE_CURVE_WITH_KNOTS ( ( 4, 4 ),
 ( 1.518436449235072372, 1.570796326794888120 ),
 .UNSPECIFIED. ) 
 CURVE ( )  GEOMETRIC_REPRESENTATION_ITEM ( )  RATIONAL_B_SPLINE_CURVE ( ( 1.000000000000000000, 0.9997715499837049880, 0.9997715499837049880, 1.000000000000000000 ) ) 
 REPRESENTATION_ITEM ( '' )  );
#2201 = CARTESIAN_POINT ( 'NONE',  ( -1.205182504613271132E-14, 112.4009999999999962, 0.000000000000000000 ) ) ;
#2202 = AXIS2_PLACEMENT_3D ( 'NONE', #62, #2023, #3676 ) ;
#2203 = ORIENTED_EDGE ( 'NONE', *, *, #4558, .F. ) ;
#2204 = DIRECTION ( 'NONE',  ( 0.000000000000000000, 0.000000000000000000, 1.000000000000000000 ) ) ;
#2205 = VERTEX_POINT ( 'NONE', #2866 ) ;
#2206 = EDGE_CURVE ( 'NONE', #2448, #585, #4633, .T. ) ;
#2207 = VECTOR ( 'NONE', #5142, 1000.000000000000000 ) ;
#2208 = CARTESIAN_POINT ( 'NONE',  ( -21.32443358142592160, 104.1510000000000389, 35.83328636677011048 ) ) ;
#2209 = DIRECTION ( 'NONE',  ( 1.000000000000000000, 0.000000000000000000, 0.000000000000000000 ) ) ;
#2210 = DIRECTION ( 'NONE',  ( -1.000000000000000000, 0.000000000000000000, 0.000000000000000000 ) ) ;
#2211 = VERTEX_POINT ( 'NONE', #5387 ) ;
#2212 = AXIS2_PLACEMENT_3D ( 'NONE', #2964, #4196, #483 ) ;
#2213 = VECTOR ( 'NONE', #5172, 1000.000000000000000 ) ;
#2214 = CARTESIAN_POINT ( 'NONE',  ( -5.000000000000001776, 55.15099999999998914, 9.035533905932739529 ) ) ;
#2215 = VERTEX_POINT ( 'NONE', #3818 ) ;
#2216 = ORIENTED_EDGE ( 'NONE', *, *, #4255, .F. ) ;
#2217 = ORIENTED_EDGE ( 'NONE', *, *, #2069, .F. ) ;
#2218 = CARTESIAN_POINT ( 'NONE',  ( -20.99999999999999289, 58.41941474167465742, 34.06755858303307605 ) ) ;
#2219 = DIRECTION ( 'NONE',  ( 1.000000000000000000, 0.000000000000000000, 0.000000000000000000 ) ) ;
#2220 = CARTESIAN_POINT ( 'NONE',  ( 48.00000000000001421, 111.3053760665671064, -12.12100649444685807 ) ) ;
#2221 = VECTOR ( 'NONE', #1293, 1000.000000000000000 ) ;
#2222 = CARTESIAN_POINT ( 'NONE',  ( -23.00000000000000000, 61.15099999999999625, 0.000000000000000000 ) ) ;
#2223 = CIRCLE ( 'NONE', #3689, 2.899999999999986144 ) ;
#2224 = DIRECTION ( 'NONE',  ( 1.643610237446544972E-32, 1.281442365957005046E-48, 1.000000000000000000 ) ) ;
#2225 = DIRECTION ( 'NONE',  ( 1.000000000000000000, 0.000000000000000000, 0.000000000000000000 ) ) ;
#2226 = ORIENTED_EDGE ( 'NONE', *, *, #4851, .T. ) ;
#2227 = CARTESIAN_POINT ( 'NONE',  ( 62.57000000000000028, 107.4809999999999945, -18.50000000000001776 ) ) ;
#2228 = EDGE_CURVE ( 'NONE', #1049, #1109, #2030, .T. ) ;
#2229 = CYLINDRICAL_SURFACE ( 'NONE', #1205, 2.700000000000008171 ) ;
#2230 = DIRECTION ( 'NONE',  ( 7.975740119433597806E-17, -1.000000000000000000, 0.000000000000000000 ) ) ;
#2231 = CARTESIAN_POINT ( 'NONE',  ( 118.0000000000000142, 91.15099999999999625, -18.19999999999998153 ) ) ;
#2232 = VERTEX_POINT ( 'NONE', #4480 ) ;
#2233 = VECTOR ( 'NONE', #1946, 1000.000000000000000 ) ;
#2234 = AXIS2_PLACEMENT_3D ( 'NONE', #231, #1433, #537 ) ;
#2235 = CARTESIAN_POINT ( 'NONE',  ( 104.8300000000000125, 107.4810000000000088, -30.00000000000000000 ) ) ;
#2236 = EDGE_CURVE ( 'NONE', #3852, #2811, #3693, .T. ) ;
#2237 = FACE_OUTER_BOUND ( 'NONE', #3307, .T. ) ;
#2238 = AXIS2_PLACEMENT_3D ( 'NONE', #4164, #3398, #3702 ) ;
#2239 = CARTESIAN_POINT ( 'NONE',  ( 0.000000000000000000, 102.0809999999999746, -18.50000000000001776 ) ) ;
#2240 = DIRECTION ( 'NONE',  ( -0.000000000000000000, 0.000000000000000000, -1.000000000000000000 ) ) ;
#2241 = EDGE_CURVE ( 'NONE', #3962, #1399, #1882, .T. ) ;
#2242 = EDGE_LOOP ( 'NONE', ( #960, #4557, #1458, #1371 ) ) ;
#2243 = EDGE_CURVE ( 'NONE', #3338, #2742, #2040, .T. ) ;
#2244 = CARTESIAN_POINT ( 'NONE',  ( 124.0000000000000284, 71.15100000000001046, -14.89999999999999503 ) ) ;
#2245 = ORIENTED_EDGE ( 'NONE', *, *, #4318, .T. ) ;
#2246 = ORIENTED_EDGE ( 'NONE', *, *, #2594, .T. ) ;
#2247 = ORIENTED_EDGE ( 'NONE', *, *, #3577, .T. ) ;
#2248 = AXIS2_PLACEMENT_3D ( 'NONE', #4862, #3713, #731 ) ;
#2249 = CARTESIAN_POINT ( 'NONE',  ( -20.99999999999999645, 59.73349672428573598, 36.23134782026677669 ) ) ;
#2250 = DIRECTION ( 'NONE',  ( -0.000000000000000000, -0.000000000000000000, -1.000000000000000000 ) ) ;
#2251 = DIRECTION ( 'NONE',  ( -1.000000000000000000, 0.000000000000000000, 0.000000000000000000 ) ) ;
#2252 = DIRECTION ( 'NONE',  ( 1.000000000000000000, 0.000000000000000000, 0.000000000000000000 ) ) ;
#2253 = DIRECTION ( 'NONE',  ( 1.000000000000000000, 0.000000000000000000, 0.000000000000000000 ) ) ;
#2254 = CARTESIAN_POINT ( 'NONE',  ( 1.042677680900805271E-35, 60.22100000000001785, -30.00000000000000711 ) ) ;
#2255 = ORIENTED_EDGE ( 'NONE', *, *, #265, .T. ) ;
#2256 = CARTESIAN_POINT ( 'NONE',  ( -2.499999999999995559, -1.020538999289456117E-16, 55.50000000000000000 ) ) ;
#2257 = DIRECTION ( 'NONE',  ( -0.000000000000000000, -0.000000000000000000, 1.000000000000000000 ) ) ;
#2258 = CARTESIAN_POINT ( 'NONE',  ( 0.000000000000000000, 85.90099999999999625, 58.00000000000000000 ) ) ;
#2259 = AXIS2_PLACEMENT_3D ( 'NONE', #3748, #4483, #22 ) ;
#2260 = CARTESIAN_POINT ( 'NONE',  ( 53.00000000000000000, 116.4010000000000105, 8.000000000000000000 ) ) ;
#2261 = VERTEX_POINT ( 'NONE', #1204 ) ;
#2262 = CARTESIAN_POINT ( 'NONE',  ( 34.00000000000000711, 83.65099999999999625, -11.45090789030152401 ) ) ;
#2263 = CARTESIAN_POINT ( 'NONE',  ( -23.49999999999998934, 105.3029566775212089, 37.72788120213483154 ) ) ;
#2264 = EDGE_CURVE ( 'NONE', #1969, #3048, #2446, .T. ) ;
#2265 = CARTESIAN_POINT ( 'NONE',  ( 0.000000000000000000, 60.22100000000001785, 40.29625838435640617 ) ) ;
#2266 = CARTESIAN_POINT ( 'NONE',  ( -7.500000000000000000, 45.90100000000000335, 8.000000000000000000 ) ) ;
#2267 = VERTEX_POINT ( 'NONE', #1664 ) ;
#2268 = EDGE_LOOP ( 'NONE', ( #1064, #290, #2059, #5095 ) ) ;
#2269 = FACE_OUTER_BOUND ( 'NONE', #3600, .T. ) ;
#2270 = EDGE_LOOP ( 'NONE', ( #1844, #5350, #3973, #2484 ) ) ;
#2271 = EDGE_LOOP ( 'NONE', ( #493, #2870, #383, #3908 ) ) ;
#2272 = CARTESIAN_POINT ( 'NONE',  ( -20.99999999999999289, 63.08274978041096404, 26.60564790977946359 ) ) ;
#2273 = CARTESIAN_POINT ( 'NONE',  ( -25.99999999999999645, 93.65099999999998204, 23.07996278361475362 ) ) ;
#2274 = CARTESIAN_POINT ( 'NONE',  ( 34.00000000000001421, 84.75299216533878166, 9.374303750964991667E-15 ) ) ;
#2275 = DIRECTION ( 'NONE',  ( -1.000000000000000000, -0.000000000000000000, -0.000000000000000000 ) ) ;
#2276 = ADVANCED_FACE ( 'NONE', ( #5360 ), #4981, .F. ) ;
#2277 = DIRECTION ( 'NONE',  ( -4.082155997157831493E-17, 1.000000000000000000, -0.000000000000000000 ) ) ;
#2278 = PLANE ( 'NONE',  #2548 ) ;
#2279 = ORIENTED_EDGE ( 'NONE', *, *, #4625, .T. ) ;
#2280 = LINE ( 'NONE', #1866, #3648 ) ;
#2281 = FACE_OUTER_BOUND ( 'NONE', #706, .T. ) ;
#2282 = CARTESIAN_POINT ( 'NONE',  ( -26.50000000000000000, 61.15099999999999625, 8.000000000000000000 ) ) ;
#2283 = ORIENTED_EDGE ( 'NONE', *, *, #2806, .T. ) ;
#2284 = DIRECTION ( 'NONE',  ( 0.000000000000000000, 0.1819131996109805138, -0.9833145924917902070 ) ) ;
#2285 = ORIENTED_EDGE ( 'NONE', *, *, #1473, .T. ) ;
#2286 = CARTESIAN_POINT ( 'NONE',  ( -23.00000000000000000, 63.24084217169209410, 31.93698648682360997 ) ) ;
#2287 = EDGE_CURVE ( 'NONE', #3852, #1941, #3858, .T. ) ;
#2288 = CARTESIAN_POINT ( 'NONE',  ( -23.49999999999999289, 100.8468085226961790, 34.53474241140273904 ) ) ;
#2289 = CYLINDRICAL_SURFACE ( 'NONE', #1094, 2.500000000000002220 ) ;
#2290 = EDGE_LOOP ( 'NONE', ( #1001, #5384, #3747, #5065 ) ) ;
#2291 = LINE ( 'NONE', #168, #4312 ) ;
#2292 = ORIENTED_EDGE ( 'NONE', *, *, #2517, .F. ) ;
#2293 = AXIS2_PLACEMENT_3D ( 'NONE', #5205, #4018, #245 ) ;
#2294 = ORIENTED_EDGE ( 'NONE', *, *, #92, .T. ) ;
#2295 = EDGE_CURVE ( 'NONE', #2647, #4387, #4568, .T. ) ;
#2296 = CARTESIAN_POINT ( 'NONE',  ( -20.99999999999999645, 106.5876751576834351, 37.99999999654384197 ) ) ;
#2297 = CARTESIAN_POINT ( 'NONE',  ( 42.15000000000000568, 56.15099999999998914, -30.00000000000000711 ) ) ;
#2298 = VECTOR ( 'NONE', #372, 1000.000000000000000 ) ;
#2299 = DIRECTION ( 'NONE',  ( -0.000000000000000000, -1.000000000000000000, -0.000000000000000000 ) ) ;
#2300 = FACE_OUTER_BOUND ( 'NONE', #31, .T. ) ;
#2301 = AXIS2_PLACEMENT_3D ( 'NONE', #5359, #4926, #3287 ) ;
#2302 = CARTESIAN_POINT ( 'NONE',  ( -23.49999999999999645, 104.6510000000000105, 58.00000000000000000 ) ) ;
#2303 = VERTEX_POINT ( 'NONE', #178 ) ;
#2304 = EDGE_CURVE ( 'NONE', #4638, #668, #3460, .T. ) ;
#2305 = VECTOR ( 'NONE', #4942, 1000.000000000000000 ) ;
#2306 = CARTESIAN_POINT ( 'NONE',  ( -23.00000000000000000, 96.77492421287239210, 27.06543382979453938 ) ) ;
#2307 = EDGE_CURVE ( 'NONE', #4700, #5043, #5130, .T. ) ;
#2308 = DIRECTION ( 'NONE',  ( -1.000000000000000000, 0.000000000000000000, 0.000000000000000000 ) ) ;
#2309 = CARTESIAN_POINT ( 'NONE',  ( 2.500000000000004441, 1.020538999289459691E-16, 10.50000000000000000 ) ) ;
#2310 = VECTOR ( 'NONE', #2710, 1000.000000000000000 ) ;
#2311 = ORIENTED_EDGE ( 'NONE', *, *, #3512, .T. ) ;
#2312 = VECTOR ( 'NONE', #1054, 1000.000000000000000 ) ;
#2313 = PLANE ( 'NONE',  #1387 ) ;
#2314 = AXIS2_PLACEMENT_3D ( 'NONE', #4065, #1656, #285 ) ;
#2315 = ORIENTED_EDGE ( 'NONE', *, *, #4128, .F. ) ;
#2316 = CARTESIAN_POINT ( 'NONE',  ( -21.03685141756216126, 58.15099999999998914, 34.91710269532764244 ) ) ;
#2317 = CARTESIAN_POINT ( 'NONE',  ( 28.36916010939268773, 49.90099999999998204, -10.12416242009921774 ) ) ;
#2318 = ORIENTED_EDGE ( 'NONE', *, *, #2867, .T. ) ;
#2319 = CARTESIAN_POINT ( 'NONE',  ( -36.00000000000000000, 76.15100000000001046, 8.000000000000000000 ) ) ;
#2320 = EDGE_LOOP ( 'NONE', ( #3757, #4830, #1797, #3426 ) ) ;
#2321 = ORIENTED_EDGE ( 'NONE', *, *, #72, .F. ) ;
#2322 = CARTESIAN_POINT ( 'NONE',  ( -20.99999999999998934, 104.1357322302701505, 34.28033124267130205 ) ) ;
#2323 = CARTESIAN_POINT ( 'NONE',  ( 124.0000000000000284, 45.90100000000001046, -30.00000000000000711 ) ) ;
#2324 = VECTOR ( 'NONE', #3566, 1000.000000000000000 ) ;
#2325 = CARTESIAN_POINT ( 'NONE',  ( 109.8300000000000125, 104.7810000000000059, -30.00000000000000000 ) ) ;
#2326 = CARTESIAN_POINT ( 'NONE',  ( 45.50000000000000711, 71.80489787474886043, -2.500000000000000000 ) ) ;
#2327 = CARTESIAN_POINT ( 'NONE',  ( -22.99999999999999645, 104.1510000000000105, 37.19321514473028856 ) ) ;
#2328 = EDGE_CURVE ( 'NONE', #981, #1076, #2200, .T. ) ;
#2329 = EDGE_CURVE ( 'NONE', #4101, #4428, #3062, .T. ) ;
#2330 = ORIENTED_EDGE ( 'NONE', *, *, #331, .T. ) ;
#2331 = CARTESIAN_POINT ( 'NONE',  ( -22.99999999999999289, 99.41148118884541418, 32.50776921441197231 ) ) ;
#2332 = SPHERICAL_SURFACE ( 'NONE', #3517, 2.500000000000000000 ) ;
#2333 = DIRECTION ( 'NONE',  ( -1.042677680898292906E-32, 9.842402700577632017E-17, -1.000000000000000000 ) ) ;
#2334 = ORIENTED_EDGE ( 'NONE', *, *, #3627, .F. ) ;
#2335 = FACE_OUTER_BOUND ( 'NONE', #3891, .T. ) ;
#2336 = ORIENTED_EDGE ( 'NONE', *, *, #1759, .F. ) ;
#2337 = CIRCLE ( 'NONE', #2076, 2.499999999999998668 ) ;
#2338 = CARTESIAN_POINT ( 'NONE',  ( -22.99999999999999645, 65.76611545371362411, 26.45683223152657959 ) ) ;
#2339 = EDGE_CURVE ( 'NONE', #1342, #2015, #3927, .T. ) ;
#2340 = CARTESIAN_POINT ( 'NONE',  ( 45.50000000000001421, 4.478293228762823775E-15, 0.000000000000000000 ) ) ;
#2341 = ORIENTED_EDGE ( 'NONE', *, *, #1563, .T. ) ;
#2342 = CARTESIAN_POINT ( 'NONE',  ( 62.57000000000000028, 60.22100000000001785, 40.29625838435640617 ) ) ;
#2343 = ORIENTED_EDGE ( 'NONE', *, *, #3127, .T. ) ;
#2344 = VERTEX_POINT ( 'NONE', #1835 ) ;
#2345 = CARTESIAN_POINT ( 'NONE',  ( 81.20000000000000284, 100.6509999999999962, -18.50000000000001776 ) ) ;
#2346 = PLANE ( 'NONE',  #1761 ) ;
#2347 = CARTESIAN_POINT ( 'NONE',  ( 42.14999999999999147, 106.1509999999999962, -24.99999999999999289 ) ) ;
#2348 = ORIENTED_EDGE ( 'NONE', *, *, #3299, .F. ) ;
#2349 = CYLINDRICAL_SURFACE ( 'NONE', #3860, 2.700000000000008171 ) ;
#2350 = EDGE_CURVE ( 'NONE', #2015, #3425, #4359, .T. ) ;
#2351 = FACE_OUTER_BOUND ( 'NONE', #2584, .T. ) ;
#2352 = ORIENTED_EDGE ( 'NONE', *, *, #780, .T. ) ;
#2353 = CARTESIAN_POINT ( 'NONE',  ( -20.99999999999999289, 66.15099999999999625, 7.999999999999994671 ) ) ;
#2354 = VERTEX_POINT ( 'NONE', #3119 ) ;
#2355 = DIRECTION ( 'NONE',  ( -0.000000000000000000, -0.000000000000000000, 1.000000000000000000 ) ) ;
#2356 = FACE_OUTER_BOUND ( 'NONE', #4100, .T. ) ;
#2357 = ORIENTED_EDGE ( 'NONE', *, *, #4800, .F. ) ;
#2358 = ORIENTED_EDGE ( 'NONE', *, *, #5022, .F. ) ;
#2359 = ADVANCED_FACE ( 'NONE', ( #999, #4719, #1862, #3518 ), #1057, .F. ) ;
#2360 = CARTESIAN_POINT ( 'NONE',  ( 0.000000000000000000, 107.6135000000000161, 55.50000000000000000 ) ) ;
#2361 = EDGE_LOOP ( 'NONE', ( #5328, #4213, #4530, #2941 ) ) ;
#2362 = CARTESIAN_POINT ( 'NONE',  ( -20.99999999999999289, 58.15100000000000335, 34.28321493267161202 ) ) ;
#2363 = CARTESIAN_POINT ( 'NONE',  ( -23.49999999999999289, 101.5972965668259320, 35.35097349436450287 ) ) ;
#2364 = VERTEX_POINT ( 'NONE', #973 ) ;
#2365 = EDGE_CURVE ( 'NONE', #5303, #3451, #5191, .T. ) ;
#2366 = DIRECTION ( 'NONE',  ( 0.000000000000000000, 0.000000000000000000, -1.000000000000000000 ) ) ;
#2367 = VERTEX_POINT ( 'NONE', #5101 ) ;
#2368 = ORIENTED_EDGE ( 'NONE', *, *, #5321, .T. ) ;
#2369 = ADVANCED_FACE ( 'NONE', ( #3432 ), #3871, .T. ) ;
#2370 = DIRECTION ( 'NONE',  ( -4.921201350288813543E-17, -1.000000000000000000, 0.000000000000000000 ) ) ;
#2371 = CARTESIAN_POINT ( 'NONE',  ( -5.000000000000000000, 81.15099999999999625, 13.99999999999999822 ) ) ;
#2372 = CARTESIAN_POINT ( 'NONE',  ( -28.49999999999999289, 86.15099999999999625, 8.000000000000000000 ) ) ;
#2373 =( BOUNDED_CURVE ( )  B_SPLINE_CURVE ( 3, ( #5154, #2274, #4356, #1430 ),
 .UNSPECIFIED., .F., .F. ) 
 B_SPLINE_CURVE_WITH_KNOTS ( ( 4, 4 ),
 ( 4.712388980384684345, 6.283185307179586232 ),
 .UNSPECIFIED. ) 
 CURVE ( )  GEOMETRIC_REPRESENTATION_ITEM ( )  RATIONAL_B_SPLINE_CURVE ( ( 1.000000000000000000, 0.8047378541243637162, 0.8047378541243637162, 1.000000000000000000 ) ) 
 REPRESENTATION_ITEM ( '' )  );
#2374 = VECTOR ( 'NONE', #4524, 1000.000000000000000 ) ;
#2375 = CARTESIAN_POINT ( 'NONE',  ( 118.0000000000000142, 91.15099999999999625, -11.99999999999998046 ) ) ;
#2376 = VERTEX_POINT ( 'NONE', #3093 ) ;
#2377 = DIRECTION ( 'NONE',  ( 0.000000000000000000, 0.000000000000000000, -1.000000000000000000 ) ) ;
#2378 = CARTESIAN_POINT ( 'NONE',  ( -26.50000000000000000, 101.1510000000000105, 8.000000000000000000 ) ) ;
#2379 = ORIENTED_EDGE ( 'NONE', *, *, #1147, .F. ) ;
#2380 = DIRECTION ( 'NONE',  ( -1.445602896647339656E-16, 1.000000000000000000, -4.404229307852668296E-32 ) ) ;
#2381 = ORIENTED_EDGE ( 'NONE', *, *, #1101, .T. ) ;
#2383 = CIRCLE ( 'NONE', #3250, 2.500000000000002220 ) ;
#2382 = LINE ( 'NONE', #758, #306 ) ;
#2384 = LINE ( 'NONE', #1196, #2066 ) ;
#2385 = ORIENTED_EDGE ( 'NONE', *, *, #3882, .T. ) ;
#2386 = PLANE ( 'NONE',  #1768 ) ;
#2387 = AXIS2_PLACEMENT_3D ( 'NONE', #2155, #3396, #5040 ) ;
#2388 = ORIENTED_EDGE ( 'NONE', *, *, #2901, .F. ) ;
#2389 = EDGE_CURVE ( 'NONE', #2813, #4387, #2404, .T. ) ;
#2390 = CIRCLE ( 'NONE', #2561, 4.150000000000001243 ) ;
#2391 = CARTESIAN_POINT ( 'NONE',  ( 27.99999999999999645, 48.90100000000001046, -30.00000000000000711 ) ) ;
#2392 = AXIS2_PLACEMENT_3D ( 'NONE', #5144, #3076, #131 ) ;
#2393 = CARTESIAN_POINT ( 'NONE',  ( -25.99999999999999645, 0.000000000000000000, 58.00000000000000000 ) ) ;
#2394 = EDGE_CURVE ( 'NONE', #1878, #4848, #2626, .T. ) ;
#2395 = VECTOR ( 'NONE', #3902, 1000.000000000000000 ) ;
#2396 = ORIENTED_EDGE ( 'NONE', *, *, #57, .F. ) ;
#2397 = ADVANCED_FACE ( 'NONE', ( #3487 ), #318, .F. ) ;
#2398 = ORIENTED_EDGE ( 'NONE', *, *, #1345, .T. ) ;
#2399 = EDGE_CURVE ( 'NONE', #4079, #246, #2935, .T. ) ;
#2400 = CARTESIAN_POINT ( 'NONE',  ( -20.99999999999771205, 103.6743285193505386, 37.00428781367845943 ) ) ;
#2401 = FACE_BOUND ( 'NONE', #3323, .T. ) ;
#2402 = DIRECTION ( 'NONE',  ( 0.000000000000000000, -0.000000000000000000, 1.000000000000000000 ) ) ;
#2403 = EDGE_CURVE ( 'NONE', #3006, #2747, #53, .T. ) ;
#2404 = CIRCLE ( 'NONE', #4220, 2.499999999999998668 ) ;
#2405 = CARTESIAN_POINT ( 'NONE',  ( 118.0000000000000284, 50.90100000000000335, -18.50000000000001421 ) ) ;
#2406 = VERTEX_POINT ( 'NONE', #1029 ) ;
#2407 = DIRECTION ( 'NONE',  ( 0.000000000000000000, 1.000000000000000000, 0.000000000000000000 ) ) ;
#2408 = EDGE_CURVE ( 'NONE', #1399, #1878, #3966, .T. ) ;
#2409 = CARTESIAN_POINT ( 'NONE',  ( -20.99999999999999289, 56.50701393154108132, 35.25381862858579751 ) ) ;
#2410 = AXIS2_PLACEMENT_3D ( 'NONE', #4519, #3164, #3215 ) ;
#2411 = ORIENTED_EDGE ( 'NONE', *, *, #875, .F. ) ;
#2412 = LINE ( 'NONE', #1193, #2475 ) ;
#2413 = ORIENTED_EDGE ( 'NONE', *, *, #1818, .F. ) ;
#2414 = CARTESIAN_POINT ( 'NONE',  ( -19.99999999999999645, 81.15099999999999625, 38.00000000000000711 ) ) ;
#2415 = DIRECTION ( 'NONE',  ( -1.000000000000000000, 0.000000000000000000, 0.000000000000000000 ) ) ;
#2416 = ORIENTED_EDGE ( 'NONE', *, *, #883, .F. ) ;
#2417 = AXIS2_PLACEMENT_3D ( 'NONE', #4953, #4019, #2890 ) ;
#2418 = DIRECTION ( 'NONE',  ( -1.042677680898292906E-32, 9.842402700577632017E-17, -1.000000000000000000 ) ) ;
#2419 = VERTEX_POINT ( 'NONE', #3039 ) ;
#2420 = DIRECTION ( 'NONE',  ( -1.000000000000000000, 0.000000000000000000, 0.000000000000000000 ) ) ;
#2421 = CARTESIAN_POINT ( 'NONE',  ( 45.50000000000000000, 109.9009999999999962, -2.500000000000000000 ) ) ;
#2422 = DIRECTION ( 'NONE',  ( 3.936961080231052807E-16, -1.000000000000000000, 0.000000000000000000 ) ) ;
#2423 = ORIENTED_EDGE ( 'NONE', *, *, #4015, .F. ) ;
#2424 = VERTEX_POINT ( 'NONE', #5320 ) ;
#2425 = EDGE_CURVE ( 'NONE', #85, #79, #1056, .T. ) ;
#2426 = ADVANCED_FACE ( 'NONE', ( #1590 ), #3546, .F. ) ;
#2427 = CARTESIAN_POINT ( 'NONE',  ( -23.49999999999999289, 97.42192618653865566, 28.81721251302948872 ) ) ;
#2428 = CARTESIAN_POINT ( 'NONE',  ( 34.00000000000000711, 78.65099999999998204, -11.45090789030152578 ) ) ;
#2429 = FACE_OUTER_BOUND ( 'NONE', #2268, .T. ) ;
#2430 = DIRECTION ( 'NONE',  ( 3.118604001756057426E-16, -1.000000000000000000, 0.000000000000000000 ) ) ;
#2431 = ORIENTED_EDGE ( 'NONE', *, *, #1167, .F. ) ;
#2432 = DIRECTION ( 'NONE',  ( 1.643610237446544972E-32, 5.125769463828018969E-48, 1.000000000000000000 ) ) ;
#2433 = LINE ( 'NONE', #2081, #2305 ) ;
#2434 = DIRECTION ( 'NONE',  ( 1.000000000000000000, 0.000000000000000000, 0.000000000000000000 ) ) ;
#2435 = VERTEX_POINT ( 'NONE', #2327 ) ;
#2436 = CARTESIAN_POINT ( 'NONE',  ( 27.99999999999999645, 78.17437697440742284, -25.00000000000000000 ) ) ;
#2437 = ADVANCED_FACE ( 'NONE', ( #2351 ), #4409, .T. ) ;
#2438 = CARTESIAN_POINT ( 'NONE',  ( 61.70000000000000284, 81.15099999999998204, 40.29625838435640617 ) ) ;
#2439 = LINE ( 'NONE', #4918, #5281 ) ;
#2440 = ORIENTED_EDGE ( 'NONE', *, *, #1830, .F. ) ;
#2441 = LINE ( 'NONE', #4093, #907 ) ;
#2442 = CARTESIAN_POINT ( 'NONE',  ( 118.0000000000000142, 154.7285357934736396, -30.00000000000000711 ) ) ;
#2443 = AXIS2_PLACEMENT_3D ( 'NONE', #1200, #2469, #1252 ) ;
#2444 = ORIENTED_EDGE ( 'NONE', *, *, #1174, .T. ) ;
#2445 = DIRECTION ( 'NONE',  ( 0.000000000000000000, 0.000000000000000000, 1.000000000000000000 ) ) ;
#2446 = LINE ( 'NONE', #4098, #1282 ) ;
#2447 = CARTESIAN_POINT ( 'NONE',  ( 26.00000000000002132, 49.90099999999998914, -2.500000000000000000 ) ) ;
#2448 = VERTEX_POINT ( 'NONE', #4005 ) ;
#2449 = ORIENTED_EDGE ( 'NONE', *, *, #3991, .F. ) ;
#2450 = CARTESIAN_POINT ( 'NONE',  ( -2.983197022743403781E-13, 107.4809999999998098, -18.50000000000001776 ) ) ;
#2451 = LINE ( 'NONE', #1239, #4876 ) ;
#2452 = CARTESIAN_POINT ( 'NONE',  ( 0.000000000000000000, 0.000000000000000000, -18.50000000000001421 ) ) ;
#2453 = EDGE_CURVE ( 'NONE', #3311, #4638, #1191, .T. ) ;
#2454 = DIRECTION ( 'NONE',  ( 1.224646799147349263E-16, -1.000000000000000000, 0.000000000000000000 ) ) ;
#2455 = VERTEX_POINT ( 'NONE', #338 ) ;
#2456 = DIRECTION ( 'NONE',  ( 0.000000000000000000, 0.000000000000000000, -1.000000000000000000 ) ) ;
#2457 = DIRECTION ( 'NONE',  ( -0.000000000000000000, 0.000000000000000000, -1.000000000000000000 ) ) ;
#2458 = VECTOR ( 'NONE', #805, 1000.000000000000000 ) ;
#2459 = CARTESIAN_POINT ( 'NONE',  ( -20.19999999999999929, 61.15099999999999625, 8.000000000000000000 ) ) ;
#2460 = ORIENTED_EDGE ( 'NONE', *, *, #4482, .T. ) ;
#2461 = CARTESIAN_POINT ( 'NONE',  ( -23.49999999999999289, 68.31529802155199604, 14.79511704059510357 ) ) ;
#2462 = DIRECTION ( 'NONE',  ( 0.000000000000000000, 0.000000000000000000, 1.000000000000000000 ) ) ;
#2463 = LINE ( 'NONE', #2058, #1030 ) ;
#2464 = CIRCLE ( 'NONE', #4106, 3.499999999999999556 ) ;
#2465 = VERTEX_POINT ( 'NONE', #1567 ) ;
#2466 = EDGE_CURVE ( 'NONE', #4739, #2958, #1892, .T. ) ;
#2467 = DIRECTION ( 'NONE',  ( -0.000000000000000000, -0.000000000000000000, 1.000000000000000000 ) ) ;
#2468 = EDGE_CURVE ( 'NONE', #2958, #2424, #2823, .T. ) ;
#2469 = DIRECTION ( 'NONE',  ( -0.000000000000000000, 0.000000000000000000, 1.000000000000000000 ) ) ;
#2470 = ORIENTED_EDGE ( 'NONE', *, *, #3591, .T. ) ;
#2471 = AXIS2_PLACEMENT_3D ( 'NONE', #3407, #2574, #2088 ) ;
#2472 = DIRECTION ( 'NONE',  ( 0.000000000000000000, 0.000000000000000000, -1.000000000000000000 ) ) ;
#2473 = DIRECTION ( 'NONE',  ( 2.775557561562888984E-15, -1.000000000000000000, 0.000000000000000000 ) ) ;
#2474 = DIRECTION ( 'NONE',  ( 0.000000000000000000, 0.000000000000000000, -1.000000000000000000 ) ) ;
#2475 = VECTOR ( 'NONE', #1940, 1000.000000000000114 ) ;
#2476 = DIRECTION ( 'NONE',  ( 1.042677680898292906E-32, -9.842402700577632017E-17, 1.000000000000000000 ) ) ;
#2477 = VERTEX_POINT ( 'NONE', #3168 ) ;
#2478 = CARTESIAN_POINT ( 'NONE',  ( -23.49999999999999289, 94.54604901148360341, 18.84117061187812325 ) ) ;
#2479 = CARTESIAN_POINT ( 'NONE',  ( -20.99999999999998934, 105.0560218558422179, 34.90627875581623840 ) ) ;
#2480 = CARTESIAN_POINT ( 'NONE',  ( -24.32146225068487055, 107.0179922254721987, 37.99888699669148195 ) ) ;
#2481 = CARTESIAN_POINT ( 'NONE',  ( -5.000000000000000000, 107.1510000000000105, 10.50000000000000000 ) ) ;
#2482 = EDGE_LOOP ( 'NONE', ( #5096, #2526, #4812, #4373 ) ) ;
#2483 = LINE ( 'NONE', #4138, #3310 ) ;
#2484 = ORIENTED_EDGE ( 'NONE', *, *, #4615, .F. ) ;
#2485 = CARTESIAN_POINT ( 'NONE',  ( 26.50000000000000000, 61.15099999999999625, 8.000000000000000000 ) ) ;
#2486 = CARTESIAN_POINT ( 'NONE',  ( 121.3000000000000256, 71.15100000000001046, -11.99999999999999467 ) ) ;
#2487 = CIRCLE ( 'NONE', #3181, 2.500000000000002220 ) ;
#2488 = DIRECTION ( 'NONE',  ( -1.042677680898292906E-32, 9.842402700577632017E-17, -1.000000000000000000 ) ) ;
#2489 = CYLINDRICAL_SURFACE ( 'NONE', #1005, 2.500000000000002220 ) ;
#2490 = ORIENTED_EDGE ( 'NONE', *, *, #763, .F. ) ;
#2491 = EDGE_CURVE ( 'NONE', #2702, #3081, #3610, .T. ) ;
#2492 = DIRECTION ( 'NONE',  ( -1.224646799147349263E-16, 1.000000000000000000, 0.000000000000000000 ) ) ;
#2493 = DIRECTION ( 'NONE',  ( -1.042677680898292906E-32, 9.842402700577632017E-17, -1.000000000000000000 ) ) ;
#2494 = ORIENTED_EDGE ( 'NONE', *, *, #1966, .F. ) ;
#2495 = AXIS2_PLACEMENT_3D ( 'NONE', #4906, #1187, #4964 ) ;
#2496 = CARTESIAN_POINT ( 'NONE',  ( 0.000000000000000000, 107.1510000000000105, 58.00000000000000000 ) ) ;
#2497 = CARTESIAN_POINT ( 'NONE',  ( 104.8300000000000125, 107.4810000000000088, -18.50000000000001776 ) ) ;
#2498 = VECTOR ( 'NONE', #4529, 1000.000000000000000 ) ;
#2499 = LINE ( 'NONE', #2149, #4857 ) ;
#2500 = CARTESIAN_POINT ( 'NONE',  ( 124.0000000000000284, 91.15099999999999625, -11.99999999999998046 ) ) ;
#2501 = ORIENTED_EDGE ( 'NONE', *, *, #2328, .F. ) ;
#2502 = CARTESIAN_POINT ( 'NONE',  ( 30.00000000000000000, 61.15099999999999625, 5.199999999999999289 ) ) ;
#2503 = EDGE_CURVE ( 'NONE', #1824, #2712, #230, .T. ) ;
#2504 = ORIENTED_EDGE ( 'NONE', *, *, #4081, .T. ) ;
#2505 = CARTESIAN_POINT ( 'NONE',  ( -22.99999999999999645, 104.1510000000000105, 37.19321514473028856 ) ) ;
#2506 = DIRECTION ( 'NONE',  ( -1.000000000000000000, -0.000000000000000000, -0.000000000000000000 ) ) ;
#2507 = CARTESIAN_POINT ( 'NONE',  ( -25.68892617678663726, 105.8698077899722563, 37.86617529301339147 ) ) ;
#2508 = CARTESIAN_POINT ( 'NONE',  ( 53.00000000000000711, 50.90099999999998914, -18.50000000000001421 ) ) ;
#2509 = VECTOR ( 'NONE', #2527, 1000.000000000000000 ) ;
#2510 = ORIENTED_EDGE ( 'NONE', *, *, #4956, .T. ) ;
#2511 = ORIENTED_EDGE ( 'NONE', *, *, #1101, .F. ) ;
#2512 = CIRCLE ( 'NONE', #161, 4.150000000000001243 ) ;
#2513 = CYLINDRICAL_SURFACE ( 'NONE', #1776, 2.499999999999998668 ) ;
#2514 = CARTESIAN_POINT ( 'NONE',  ( 57.57000000000000028, 60.22100000000001785, 40.29625838435640617 ) ) ;
#2515 = CARTESIAN_POINT ( 'NONE',  ( -23.49999999999999645, 107.1510000000000105, 58.00000000000000000 ) ) ;
#2517 = EDGE_CURVE ( 'NONE', #4984, #3169, #141, .T. ) ;
#2516 = DIRECTION ( 'NONE',  ( -1.000000000000000000, 0.000000000000000000, 0.000000000000000000 ) ) ;
#2518 = ORIENTED_EDGE ( 'NONE', *, *, #4851, .F. ) ;
#2519 = CARTESIAN_POINT ( 'NONE',  ( 30.00000000000000000, 101.1510000000000105, 5.199999999999999289 ) ) ;
#2520 = CARTESIAN_POINT ( 'NONE',  ( -25.99999999999999645, 0.000000000000000000, 10.50000000000000178 ) ) ;
#2521 = EDGE_LOOP ( 'NONE', ( #2677, #1169, #5177, #5305 ) ) ;
#2522 = ADVANCED_FACE ( 'NONE', ( #1490 ), #5268, .F. ) ;
#2523 = DIRECTION ( 'NONE',  ( 0.9396926207859082059, -0.3420201433256693235, 0.000000000000000000 ) ) ;
#2524 = LINE ( 'NONE', #4178, #4459 ) ;
#2525 = CARTESIAN_POINT ( 'NONE',  ( -23.49999999999999645, 60.70470343317405337, 35.35097349436450287 ) ) ;
#2526 = ORIENTED_EDGE ( 'NONE', *, *, #684, .T. ) ;
#2527 = DIRECTION ( 'NONE',  ( 1.000000000000000000, -0.000000000000000000, -0.000000000000000000 ) ) ;
#2528 = VERTEX_POINT ( 'NONE', #4880 ) ;
#2529 = CARTESIAN_POINT ( 'NONE',  ( -22.01199718928127780, 104.1510000000000389, 36.70150401905296178 ) ) ;
#2530 = DIRECTION ( 'NONE',  ( -0.1961161351381838225, -0.000000000000000000, -0.9805806756909202226 ) ) ;
#2531 = CARTESIAN_POINT ( 'NONE',  ( -25.99999999999999645, 81.15099999999999625, 35.10000000000001563 ) ) ;
#2532 = EDGE_CURVE ( 'NONE', #2723, #204, #4386, .T. ) ;
#2533 = EDGE_CURVE ( 'NONE', #4447, #3110, #4829, .T. ) ;
#2534 = DIRECTION ( 'NONE',  ( 1.000000000000000000, 0.000000000000000000, 0.000000000000000000 ) ) ;
#2535 = ORIENTED_EDGE ( 'NONE', *, *, #4348, .F. ) ;
#2536 = ORIENTED_EDGE ( 'NONE', *, *, #4128, .T. ) ;
#2537 = DIRECTION ( 'NONE',  ( -1.000000000000000000, -1.968480540115525171E-16, -0.000000000000000000 ) ) ;
#2538 = CARTESIAN_POINT ( 'NONE',  ( -36.00000000000001421, 116.4009999999999820, 7.999999999999857891 ) ) ;
#2539 = CARTESIAN_POINT ( 'NONE',  ( 124.0000000000000284, 91.15099999999999625, -11.99999999999998046 ) ) ;
#2540 = CARTESIAN_POINT ( 'NONE',  ( 38.00000000000000000, 106.1509999999999962, -30.00000000000000000 ) ) ;
#2541 = FACE_OUTER_BOUND ( 'NONE', #3463, .T. ) ;
#2542 = EDGE_LOOP ( 'NONE', ( #514, #2086, #4227 ) ) ;
#2543 =( BOUNDED_SURFACE ( )  B_SPLINE_SURFACE ( 3, 2, ( 
 ( #196, #3509, #5184 ),
 ( #1931, #2296, #1486 ),
 ( #3588, #2814, #1461 ),
 ( #3616, #5286, #745 ),
 ( #3115, #5260, #1533 ),
 ( #2730, #2400, #4798 ),
 ( #3542, #4379, #669 ),
 ( #3161, #2787, #2322 ),
 ( #1910, #3563, #1509 ),
 ( #4824, #2757, #4404 ),
 ( #694, #4849, #4430 ),
 ( #3320, #5313, #384 ),
 ( #4162, #4541, #1238 ),
 ( #438, #4934, #2101 ),
 ( #3267, #3293, #4959 ),
 ( #3235, #4075, #4051 ),
 ( #2427, #5366, #3727 ),
 ( #5011, #1212, #412 ),
 ( #822, #4601, #4902 ),
 ( #2872, #4489, #2895 ),
 ( #1644, #4103, #879 ),
 ( #2046, #4986, #797 ),
 ( #1261, #3750, #2016 ),
 ( #2478, #26, #5340 ),
 ( #1693, #774, #1182 ),
 ( #3343, #3698, #1291 ),
 ( #4573, #1583, #4133 ),
 ( #2843, #2072, #358 ),
 ( #1615, #332, #3667 ),
 ( #5392, #1669, #4516 ) ),
 .UNSPECIFIED., .F., .F., .F. ) 
 B_SPLINE_SURFACE_WITH_KNOTS ( ( 4, 2, 2, 2, 2, 2, 2, 2, 2, 2, 2, 2, 2, 2, 4 ),
 ( 3, 3 ),
 ( 0.007464479896364820469, 0.008452574519277791798, 0.009440669142190764862, 0.01042876376510373619, 0.01141685838801670752, 0.01339304763384265191, 0.01536923687966859631, 0.01734542612549454244, 0.01932161537132048509, 0.02129780461714642775, 0.02327399386297237388, 0.02722637235462426267, 0.03117875084627615145, 0.03513112933792804371, 0.03908350782957992903 ),
 ( 0.000000000000000000, 1.000000000000000000 ),
 .UNSPECIFIED. ) 
 GEOMETRIC_REPRESENTATION_ITEM ( )  RATIONAL_B_SPLINE_SURFACE ( (
 ( 1.000000000000000000, 0.7071067811865475727, 1.000000000000000000),
 ( 1.000000000000000000, 0.7071067811865475727, 1.000000000000000000),
 ( 1.000000000000000000, 0.7071067811865475727, 1.000000000000000000),
 ( 1.000000000000000000, 0.7071067811865475727, 1.000000000000000000),
 ( 1.000000000000000000, 0.7071067811865475727, 1.000000000000000000),
 ( 1.000000000000000000, 0.7071067811865475727, 1.000000000000000000),
 ( 1.000000000000000000, 0.7071067811865475727, 1.000000000000000000),
 ( 1.000000000000000000, 0.7071067811865475727, 1.000000000000000000),
 ( 1.000000000000000000, 0.7071067811865475727, 1.000000000000000000),
 ( 1.000000000000000000, 0.7071067811865475727, 1.000000000000000000),
 ( 1.000000000000000000, 0.7071067811865475727, 1.000000000000000000),
 ( 1.000000000000000000, 0.7071067811865475727, 1.000000000000000000),
 ( 1.000000000000000000, 0.7071067811865475727, 1.000000000000000000),
 ( 1.000000000000000000, 0.7071067811865475727, 1.000000000000000000),
 ( 1.000000000000000000, 0.7071067811865475727, 1.000000000000000000),
 ( 1.000000000000000000, 0.7071067811865475727, 1.000000000000000000),
 ( 1.000000000000000000, 0.7071067811865457964, 1.000000000000000000),
 ( 1.000000000000000000, 0.7071067811865457964, 1.000000000000000000),
 ( 1.000000000000000000, 0.7071067811865475727, 1.000000000000000000),
 ( 1.000000000000000000, 0.7071067811865475727, 1.000000000000000000),
 ( 1.000000000000000000, 0.7071067811865476838, 1.000000000000000000),
 ( 1.000000000000000000, 0.7071067811865476838, 1.000000000000000000),
 ( 1.000000000000000000, 0.7071067811865475727, 1.000000000000000000),
 ( 1.000000000000000000, 0.7071067811865475727, 1.000000000000000000),
 ( 1.000000000000000000, 0.7071067811865475727, 1.000000000000000000),
 ( 1.000000000000000000, 0.7071067811865475727, 1.000000000000000000),
 ( 1.000000000000000000, 0.7071067811865475727, 1.000000000000000000),
 ( 1.000000000000000000, 0.7071067811865475727, 1.000000000000000000),
 ( 1.000000000000000000, 0.7071067811865475727, 1.000000000000000000),
 ( 1.000000000000000000, 0.7071067811865475727, 1.000000000000000000) ) ) 
 REPRESENTATION_ITEM ( '' )  SURFACE ( )  );
#2544 = AXIS2_PLACEMENT_3D ( 'NONE', #3976, #1153, #5262 ) ;
#2545 = AXIS2_PLACEMENT_3D ( 'NONE', #423, #2085, #4871 ) ;
#2546 = DIRECTION ( 'NONE',  ( -1.000000000000000000, 0.000000000000000000, 0.000000000000000000 ) ) ;
#2547 = CARTESIAN_POINT ( 'NONE',  ( -23.49999999999998579, 55.52734885867459980, 37.99999999999999289 ) ) ;
#2548 = AXIS2_PLACEMENT_3D ( 'NONE', #2371, #1534, #3213 ) ;
#2549 = EDGE_CURVE ( 'NONE', #274, #85, #2487, .T. ) ;
#2550 = CARTESIAN_POINT ( 'NONE',  ( -28.49999999999999289, 0.000000000000000000, 10.50000000000000000 ) ) ;
#2551 = ORIENTED_EDGE ( 'NONE', *, *, #2403, .F. ) ;
#2552 = VECTOR ( 'NONE', #2420, 1000.000000000000000 ) ;
#2553 = CARTESIAN_POINT ( 'NONE',  ( -22.26812306600446334, 104.1510000000000247, 36.89025940868973663 ) ) ;
#2554 = EDGE_CURVE ( 'NONE', #3714, #4702, #1134, .T. ) ;
#2555 = CARTESIAN_POINT ( 'NONE',  ( -7.500000000000000000, 52.65099999999999625, 8.000000000000000000 ) ) ;
#2556 = PLANE ( 'NONE',  #4293 ) ;
#2557 = ORIENTED_EDGE ( 'NONE', *, *, #2236, .F. ) ;
#2558 = CIRCLE ( 'NONE', #3510, 3.499999999999999556 ) ;
#2559 = ORIENTED_EDGE ( 'NONE', *, *, #5293, .F. ) ;
#2560 = EDGE_CURVE ( 'NONE', #963, #2477, #5294, .T. ) ;
#2561 = AXIS2_PLACEMENT_3D ( 'NONE', #1156, #3273, #1218 ) ;
#2562 = FACE_OUTER_BOUND ( 'NONE', #3082, .T. ) ;
#2563 = VERTEX_POINT ( 'NONE', #2459 ) ;
#2564 = VERTEX_POINT ( 'NONE', #1729 ) ;
#2565 = ADVANCED_FACE ( 'NONE', ( #10 ), #2904, .F. ) ;
#2566 = CARTESIAN_POINT ( 'NONE',  ( -23.49999999999999289, 57.31411242618786162, 37.63518044256851880 ) ) ;
#2567 = EDGE_CURVE ( 'NONE', #2465, #4818, #1079, .T. ) ;
#2568 = VECTOR ( 'NONE', #1248, 1000.000000000000000 ) ;
#2569 = DIRECTION ( 'NONE',  ( -0.000000000000000000, -0.000000000000000000, 1.000000000000000000 ) ) ;
#2570 = CARTESIAN_POINT ( 'NONE',  ( 32.79999999999999716, 61.15099999999999625, 8.000000000000000000 ) ) ;
#2571 = VECTOR ( 'NONE', #5131, 1000.000000000000000 ) ;
#2572 = CYLINDRICAL_SURFACE ( 'NONE', #4203, 3.499999999999999556 ) ;
#2573 = EDGE_CURVE ( 'NONE', #120, #975, #3762, .T. ) ;
#2574 = DIRECTION ( 'NONE',  ( -1.000000000000000000, -1.968480540115525171E-16, -0.000000000000000000 ) ) ;
#2575 = VERTEX_POINT ( 'NONE', #2138 ) ;
#2576 = DIRECTION ( 'NONE',  ( 1.000000000000000000, 0.000000000000000000, 0.000000000000000000 ) ) ;
#2577 = AXIS2_PLACEMENT_3D ( 'NONE', #2711, #2656, #4249 ) ;
#2578 = FACE_OUTER_BOUND ( 'NONE', #962, .T. ) ;
#2579 = CARTESIAN_POINT ( 'NONE',  ( -23.50000000000000000, 68.40439058210137091, 13.89911010609537811 ) ) ;
#2580 = VECTOR ( 'NONE', #58, 1000.000000000000000 ) ;
#2581 = CIRCLE ( 'NONE', #5102, 4.150000000000001243 ) ;
#2582 = CARTESIAN_POINT ( 'NONE',  ( -25.99999999999999645, 88.65099999999999625, 58.00000000000000000 ) ) ;
#2583 = ORIENTED_EDGE ( 'NONE', *, *, #1071, .F. ) ;
#2584 = EDGE_LOOP ( 'NONE', ( #3176, #2055, #4502, #2996 ) ) ;
#2585 = VECTOR ( 'NONE', #1098, 1000.000000000000000 ) ;
#2586 = CARTESIAN_POINT ( 'NONE',  ( 109.8300000000000125, 102.0809999999999889, 40.29625838435640617 ) ) ;
#2587 = LINE ( 'NONE', #3050, #4872 ) ;
#2588 = CARTESIAN_POINT ( 'NONE',  ( -36.00000000000001421, 116.4009999999999820, 8.000000000000000000 ) ) ;
#2589 = ORIENTED_EDGE ( 'NONE', *, *, #1473, .F. ) ;
#2590 = EDGE_LOOP ( 'NONE', ( #4242, #1018, #676, #1658 ) ) ;
#2591 = FACE_OUTER_BOUND ( 'NONE', #742, .T. ) ;
#2592 = ORIENTED_EDGE ( 'NONE', *, *, #473, .T. ) ;
#2593 = ORIENTED_EDGE ( 'NONE', *, *, #1341, .T. ) ;
#2594 = EDGE_CURVE ( 'NONE', #4614, #2344, #1653, .T. ) ;
#2595 = EDGE_CURVE ( 'NONE', #2133, #2842, #2905, .T. ) ;
#2596 = CARTESIAN_POINT ( 'NONE',  ( -20.99999999999999645, 60.97064021651501520, 35.10886666375936471 ) ) ;
#2597 = CARTESIAN_POINT ( 'NONE',  ( -25.99999999999999645, 97.98238954589687921, 34.68852354693412110 ) ) ;
#2598 = VECTOR ( 'NONE', #2422, 1000.000000000000000 ) ;
#2599 = CARTESIAN_POINT ( 'NONE',  ( -25.99999999999999645, 0.000000000000000000, 58.00000000000000000 ) ) ;
#2600 = DIRECTION ( 'NONE',  ( -1.000000000000000000, -0.000000000000000000, -0.000000000000000000 ) ) ;
#2601 = DIRECTION ( 'NONE',  ( -1.000000000000000000, -0.000000000000000000, -0.000000000000000000 ) ) ;
#2602 = CARTESIAN_POINT ( 'NONE',  ( 104.8300000000000125, 104.7810000000000059, 40.29625838435640617 ) ) ;
#2603 = CARTESIAN_POINT ( 'NONE',  ( 0.000000000000000000, 0.000000000000000000, 0.000000000000000000 ) ) ;
#2604 = EDGE_LOOP ( 'NONE', ( #2051, #1994, #3530, #4769 ) ) ;
#2605 = EDGE_CURVE ( 'NONE', #1920, #2376, #3326, .T. ) ;
#2606 = DIRECTION ( 'NONE',  ( -1.000000000000000000, 0.000000000000000000, 1.042677680898292906E-32 ) ) ;
#2607 = CARTESIAN_POINT ( 'NONE',  ( 28.36916010939268773, 45.90099999999997493, -10.12416242009921774 ) ) ;
#2608 = CARTESIAN_POINT ( 'NONE',  ( -23.49999999999999289, 66.97372260487001938, 22.56964503947180489 ) ) ;
#2609 = ORIENTED_EDGE ( 'NONE', *, *, #1953, .F. ) ;
#2610 = DIRECTION ( 'NONE',  ( 0.000000000000000000, -0.000000000000000000, 1.000000000000000000 ) ) ;
#2611 = DIRECTION ( 'NONE',  ( -0.000000000000000000, -0.000000000000000000, -1.000000000000000000 ) ) ;
#2612 = CARTESIAN_POINT ( 'NONE',  ( -6.035533905932736864, 108.1865339059327482, 8.000000000000000000 ) ) ;
#2613 = DIRECTION ( 'NONE',  ( 1.000000000000000000, 0.000000000000000000, -0.000000000000000000 ) ) ;
#2614 = VECTOR ( 'NONE', #4908, 1000.000000000000000 ) ;
#2615 = ORIENTED_EDGE ( 'NONE', *, *, #1110, .T. ) ;
#2616 = ORIENTED_EDGE ( 'NONE', *, *, #3924, .F. ) ;
#2617 = DIRECTION ( 'NONE',  ( 0.000000000000000000, 0.000000000000000000, -1.000000000000000000 ) ) ;
#2618 = ORIENTED_EDGE ( 'NONE', *, *, #3319, .F. ) ;
#2619 = ORIENTED_EDGE ( 'NONE', *, *, #2339, .F. ) ;
#2620 = ORIENTED_EDGE ( 'NONE', *, *, #4761, .T. ) ;
#2621 = CARTESIAN_POINT ( 'NONE',  ( -23.49999999999999289, 66.32671293315647176, 24.84786012658251053 ) ) ;
#2622 = DIRECTION ( 'NONE',  ( -0.000000000000000000, 0.000000000000000000, 1.000000000000000000 ) ) ;
#2623 = EDGE_CURVE ( 'NONE', #2031, #2826, #2880, .T. ) ;
#2624 = DIRECTION ( 'NONE',  ( -0.000000000000000000, 0.000000000000000000, -1.000000000000000000 ) ) ;
#2625 = DIRECTION ( 'NONE',  ( 0.000000000000000000, 0.000000000000000000, 1.000000000000000000 ) ) ;
#2626 = LINE ( 'NONE', #4306, #1198 ) ;
#2627 = PLANE ( 'NONE',  #1011 ) ;
#2628 = ORIENTED_EDGE ( 'NONE', *, *, #1304, .F. ) ;
#2629 = CARTESIAN_POINT ( 'NONE',  ( -22.99999999999999289, 93.70151025721682458, 9.343907184217817630 ) ) ;
#2630 = EDGE_CURVE ( 'NONE', #3200, #1570, #4193, .T. ) ;
#2631 = CARTESIAN_POINT ( 'NONE',  ( 48.00000000000000711, 71.80489787474886043, -24.84923155196477040 ) ) ;
#2632 = DIRECTION ( 'NONE',  ( 0.000000000000000000, -0.000000000000000000, 1.000000000000000000 ) ) ;
#2633 = EDGE_CURVE ( 'NONE', #139, #733, #3763, .T. ) ;
#2634 = DIRECTION ( 'NONE',  ( 0.000000000000000000, 1.000000000000000000, 0.000000000000000000 ) ) ;
#2635 = EDGE_CURVE ( 'NONE', #4754, #5069, #730, .T. ) ;
#2636 = VECTOR ( 'NONE', #2250, 1000.000000000000000 ) ;
#2637 = ORIENTED_EDGE ( 'NONE', *, *, #4316, .T. ) ;
#2638 = DIRECTION ( 'NONE',  ( 0.000000000000000000, 1.000000000000000000, 0.000000000000000000 ) ) ;
#2639 = DIRECTION ( 'NONE',  ( 1.000000000000000000, 0.000000000000000000, 0.000000000000000000 ) ) ;
#2640 = CARTESIAN_POINT ( 'NONE',  ( 124.0000000000000284, 91.15099999999999625, -9.099999999999981881 ) ) ;
#2641 = CARTESIAN_POINT ( 'NONE',  ( -23.49999999999999289, 107.1510000000000105, 38.00000000000000000 ) ) ;
#2642 = VERTEX_POINT ( 'NONE', #3379 ) ;
#2643 = EDGE_LOOP ( 'NONE', ( #3550, #4364, #1698, #2769 ) ) ;
#2644 = DIRECTION ( 'NONE',  ( 1.000000000000000000, 0.000000000000000000, -1.042677680898292906E-32 ) ) ;
#2645 = ORIENTED_EDGE ( 'NONE', *, *, #2533, .T. ) ;
#2646 = ORIENTED_EDGE ( 'NONE', *, *, #4485, .T. ) ;
#2647 = VERTEX_POINT ( 'NONE', #477 ) ;
#2648 = CARTESIAN_POINT ( 'NONE',  ( -20.99999999999999289, 59.14298970321320326, 33.39456074100800009 ) ) ;
#2649 = DIRECTION ( 'NONE',  ( 0.000000000000000000, 1.000000000000000000, -0.000000000000000000 ) ) ;
#2650 = VECTOR ( 'NONE', #916, 1000.000000000000000 ) ;
#2651 = EDGE_CURVE ( 'NONE', #2354, #772, #4017, .T. ) ;
#2652 = CARTESIAN_POINT ( 'NONE',  ( 26.00000000000002132, 45.90099999999998204, -2.500000000000000000 ) ) ;
#2653 = AXIS2_PLACEMENT_3D ( 'NONE', #4262, #550, #5176 ) ;
#2654 = DIRECTION ( 'NONE',  ( -1.042677680898292906E-32, 9.842402700577632017E-17, -1.000000000000000000 ) ) ;
#2655 = VECTOR ( 'NONE', #785, 1000.000000000000000 ) ;
#2656 = DIRECTION ( 'NONE',  ( 0.000000000000000000, 1.000000000000000000, 0.000000000000000000 ) ) ;
#2657 = LINE ( 'NONE', #1152, #225 ) ;
#2658 = VERTEX_POINT ( 'NONE', #4970 ) ;
#2659 = DIRECTION ( 'NONE',  ( 0.000000000000000000, 0.000000000000000000, 1.000000000000000000 ) ) ;
#2660 = DIRECTION ( 'NONE',  ( 1.224646799147349263E-16, -1.000000000000000000, 0.000000000000000000 ) ) ;
#2661 = CARTESIAN_POINT ( 'NONE',  ( 45.50000000000000711, 52.40099999999998204, -2.500000000000000000 ) ) ;
#2662 = EDGE_CURVE ( 'NONE', #274, #3393, #167, .T. ) ;
#2663 = CARTESIAN_POINT ( 'NONE',  ( -22.99999999999999645, 93.70151025721682458, 8.000000000000000000 ) ) ;
#2664 = ORIENTED_EDGE ( 'NONE', *, *, #3512, .F. ) ;
#2665 = CIRCLE ( 'NONE', #1170, 19.50000000000000355 ) ;
#2666 = VECTOR ( 'NONE', #2224, 1000.000000000000000 ) ;
#2667 = CARTESIAN_POINT ( 'NONE',  ( -21.40751933743154112, 58.15100000000001046, 35.96285915712959280 ) ) ;
#2668 = CARTESIAN_POINT ( 'NONE',  ( -23.49999999999998934, 94.44787620314545507, 18.26761234683534596 ) ) ;
#2669 = VECTOR ( 'NONE', #4566, 1000.000000000000000 ) ;
#2670 = CARTESIAN_POINT ( 'NONE',  ( 104.8300000000000125, 54.82099999999999795, -30.00000000000000000 ) ) ;
#2671 = PLANE ( 'NONE',  #1175 ) ;
#2672 = ORIENTED_EDGE ( 'NONE', *, *, #3979, .T. ) ;
#2673 = EDGE_LOOP ( 'NONE', ( #1099, #1899 ) ) ;
#2674 = EDGE_CURVE ( 'NONE', #2455, #451, #4631, .T. ) ;
#2675 = DIRECTION ( 'NONE',  ( -1.000000000000000000, -0.000000000000000000, -0.000000000000000000 ) ) ;
#2676 = ORIENTED_EDGE ( 'NONE', *, *, #4599, .T. ) ;
#2677 = ORIENTED_EDGE ( 'NONE', *, *, #37, .T. ) ;
#2678 = CIRCLE ( 'NONE', #593, 19.50000000000000355 ) ;
#2679 = ORIENTED_EDGE ( 'NONE', *, *, #1672, .F. ) ;
#2680 = VECTOR ( 'NONE', #4037, 1000.000000000000000 ) ;
#2681 = CARTESIAN_POINT ( 'NONE',  ( -20.99999999999999289, 59.57841140147345982, 32.89996203829640109 ) ) ;
#2682 = DIRECTION ( 'NONE',  ( -0.000000000000000000, -0.000000000000000000, -1.000000000000000000 ) ) ;
#2683 = FACE_OUTER_BOUND ( 'NONE', #2923, .T. ) ;
#2684 = DIRECTION ( 'NONE',  ( 1.595148023886718822E-16, -1.000000000000000000, 0.000000000000000000 ) ) ;
#2685 = VERTEX_POINT ( 'NONE', #3790 ) ;
#2686 = CARTESIAN_POINT ( 'NONE',  ( 45.54363821633101850, 112.4009999999999820, -11.02423867802895430 ) ) ;
#2687 = DIRECTION ( 'NONE',  ( -1.000000000000000000, 0.000000000000000000, 0.000000000000000000 ) ) ;
#2688 = EDGE_LOOP ( 'NONE', ( #4278, #1901, #4062, #3997, #4648 ) ) ;
#2689 = EDGE_CURVE ( 'NONE', #4188, #787, #3152, .T. ) ;
#2690 = CARTESIAN_POINT ( 'NONE',  ( 48.00000000000001421, 90.78947697531951633, -24.94922964008998534 ) ) ;
#2691 = FACE_OUTER_BOUND ( 'NONE', #5182, .T. ) ;
#2692 = DIRECTION ( 'NONE',  ( 1.042677680898292906E-32, -9.842402700577632017E-17, 1.000000000000000000 ) ) ;
#2693 = VECTOR ( 'NONE', #574, 1000.000000000000000 ) ;
#2694 = ORIENTED_EDGE ( 'NONE', *, *, #1758, .F. ) ;
#2695 = CARTESIAN_POINT ( 'NONE',  ( 33.85000000000000853, 106.1509999999999962, 40.29625838435640617 ) ) ;
#2696 = ORIENTED_EDGE ( 'NONE', *, *, #3964, .T. ) ;
#2697 = EDGE_CURVE ( 'NONE', #2376, #547, #461, .T. ) ;
#2698 = CARTESIAN_POINT ( 'NONE',  ( -22.26350731929482762, 58.15100000000001756, 36.88722607201462012 ) ) ;
#2699 = DIRECTION ( 'NONE',  ( -0.000000000000000000, -0.000000000000000000, -1.000000000000000000 ) ) ;
#2700 = ORIENTED_EDGE ( 'NONE', *, *, #1207, .F. ) ;
#2701 = LINE ( 'NONE', #5119, #4398 ) ;
#2702 = VERTEX_POINT ( 'NONE', #3455 ) ;
#2703 = ORIENTED_EDGE ( 'NONE', *, *, #3644, .F. ) ;
#2704 = EDGE_CURVE ( 'NONE', #3003, #1092, #3116, .T. ) ;
#2705 = DIRECTION ( 'NONE',  ( 0.000000000000000000, 0.000000000000000000, 1.000000000000000000 ) ) ;
#2706 = AXIS2_PLACEMENT_3D ( 'NONE', #4805, #1033, #2659 ) ;
#2707 = CARTESIAN_POINT ( 'NONE',  ( -23.49999999999998934, 93.65099999999999625, 25.70520066485318722 ) ) ;
#2708 = EDGE_CURVE ( 'NONE', #1468, #1516, #942, .T. ) ;
#2709 = CARTESIAN_POINT ( 'NONE',  ( 118.0000000000000284, 50.90099999999998914, 8.000000000000000000 ) ) ;
#2710 = DIRECTION ( 'NONE',  ( 1.000000000000000000, 9.637352644315600173E-17, 0.000000000000000000 ) ) ;
#2711 = CARTESIAN_POINT ( 'NONE',  ( 0.000000000000000000, 58.15100000000000335, 58.00000000000000000 ) ) ;
#2712 = VERTEX_POINT ( 'NONE', #3921 ) ;
#2713 = CYLINDRICAL_SURFACE ( 'NONE', #624, 19.50000000000000355 ) ;
#2714 = LINE ( 'NONE', #654, #3541 ) ;
#2715 = CARTESIAN_POINT ( 'NONE',  ( 54.86999999999999744, 104.7810000000000059, -18.50000000000001776 ) ) ;
#2716 = ORIENTED_EDGE ( 'NONE', *, *, #4437, .F. ) ;
#2717 = ORIENTED_EDGE ( 'NONE', *, *, #1277, .T. ) ;
#2718 = PLANE ( 'NONE',  #5380 ) ;
#2719 = VERTEX_POINT ( 'NONE', #4659 ) ;
#2720 = CARTESIAN_POINT ( 'NONE',  ( 33.14494964168583380, 86.00023155196475955, -2.499999999999998668 ) ) ;
#2721 = AXIS2_PLACEMENT_3D ( 'NONE', #3214, #1885, #4458 ) ;
#2722 = LINE ( 'NONE', #4371, #4450 ) ;
#2723 = VERTEX_POINT ( 'NONE', #88 ) ;
#2724 = DIRECTION ( 'NONE',  ( 0.000000000000000000, 0.000000000000000000, 1.000000000000000000 ) ) ;
#2725 = ORIENTED_EDGE ( 'NONE', *, *, #1435, .F. ) ;
#2726 = VECTOR ( 'NONE', #3663, 1000.000000000000000 ) ;
#2727 = ORIENTED_EDGE ( 'NONE', *, *, #1313, .T. ) ;
#2728 = EDGE_CURVE ( 'NONE', #3942, #5043, #3836, .T. ) ;
#2729 = EDGE_CURVE ( 'NONE', #4739, #4512, #3839, .T. ) ;
#2730 = CARTESIAN_POINT ( 'NONE',  ( -23.49999999999999289, 103.6743285226252880, 37.00428780731760270 ) ) ;
#2731 = DIRECTION ( 'NONE',  ( 1.000000000000000000, 4.082155997157831493E-17, -0.000000000000000000 ) ) ;
#2732 = CARTESIAN_POINT ( 'NONE',  ( 48.00000000000000711, 45.90100000000001756, -30.00000000000000711 ) ) ;
#2733 = DIRECTION ( 'NONE',  ( 0.000000000000000000, 0.000000000000000000, 1.000000000000000000 ) ) ;
#2734 = AXIS2_PLACEMENT_3D ( 'NONE', #4592, #3017, #3412 ) ;
#2735 = DIRECTION ( 'NONE',  ( 0.000000000000000000, 0.000000000000000000, -1.000000000000000000 ) ) ;
#2736 = ORIENTED_EDGE ( 'NONE', *, *, #2010, .F. ) ;
#2737 = AXIS2_PLACEMENT_3D ( 'NONE', #3705, #1652, #1190 ) ;
#2738 = CARTESIAN_POINT ( 'NONE',  ( -20.99999999999999289, 58.07854170085256129, 8.000000000000000000 ) ) ;
#2739 = EDGE_CURVE ( 'NONE', #2719, #783, #1934, .T. ) ;
#2740 = PLANE ( 'NONE',  #2837 ) ;
#2741 = DIRECTION ( 'NONE',  ( 4.082155997157831493E-17, -1.000000000000000000, 0.000000000000000000 ) ) ;
#2742 = VERTEX_POINT ( 'NONE', #4775 ) ;
#2743 = ORIENTED_EDGE ( 'NONE', *, *, #2206, .T. ) ;
#2744 = CIRCLE ( 'NONE', #3427, 2.700000000000008171 ) ;
#2745 = EDGE_CURVE ( 'NONE', #952, #3448, #3652, .T. ) ;
#2746 = DIRECTION ( 'NONE',  ( 0.9396926207859082059, 0.3420201433256696011, 0.000000000000000000 ) ) ;
#2747 = VERTEX_POINT ( 'NONE', #4713 ) ;
#2748 = CARTESIAN_POINT ( 'NONE',  ( -22.99999999999999289, 60.35073956654100868, 35.64383805315222986 ) ) ;
#2749 = CARTESIAN_POINT ( 'NONE',  ( -23.50000000000000000, 103.6159715998206678, 36.98791598457723495 ) ) ;
#2750 = ORIENTED_EDGE ( 'NONE', *, *, #944, .F. ) ;
#2751 = ORIENTED_EDGE ( 'NONE', *, *, #2554, .F. ) ;
#2752 = EDGE_CURVE ( 'NONE', #783, #1076, #4271, .T. ) ;
#2753 = DIRECTION ( 'NONE',  ( 1.000000000000000000, 0.000000000000000000, 0.000000000000000000 ) ) ;
#2754 = B_SPLINE_CURVE_WITH_KNOTS ( 'NONE', 3,
 ( #2073, #385, #1584, #2479, #2953, #4987, #5367, #880, #3268, #1670 ),
 .UNSPECIFIED., .F., .F.,
 ( 4, 2, 2, 2, 4 ),
 ( 0.000000000000000000, 0.0008287679067884724370, 0.001657535813576944874, 0.002486303720365417094, 0.003315071627153889748 ),
 .UNSPECIFIED. ) ;
#2755 = ORIENTED_EDGE ( 'NONE', *, *, #2812, .F. ) ;
#2756 = VERTEX_POINT ( 'NONE', #3058 ) ;
#2757 = CARTESIAN_POINT ( 'NONE',  ( -20.99999999999999645, 101.3313597834804227, 35.10886666375481013 ) ) ;
#2758 = CARTESIAN_POINT ( 'NONE',  ( 121.0000000000000284, 45.90100000000001756, 8.000000000000000000 ) ) ;
#2759 =( BOUNDED_CURVE ( )  B_SPLINE_CURVE ( 3, ( #3237, #3190, #4001, #2372 ),
 .UNSPECIFIED., .F., .F. ) 
 B_SPLINE_CURVE_WITH_KNOTS ( ( 4, 4 ),
 ( -8.881784197001252323E-16, 1.570796326794895892 ),
 .UNSPECIFIED. ) 
 CURVE ( )  GEOMETRIC_REPRESENTATION_ITEM ( )  RATIONAL_B_SPLINE_CURVE ( ( 1.000000000000000000, 0.8047378541243649375, 0.8047378541243649375, 1.000000000000000000 ) ) 
 REPRESENTATION_ITEM ( '' )  );
#2760 = AXIS2_PLACEMENT_3D ( 'NONE', #1586, #3977, #751 ) ;
#2761 = EDGE_CURVE ( 'NONE', #5035, #3526, #113, .T. ) ;
#2762 = CARTESIAN_POINT ( 'NONE',  ( 46.35505035831418041, 74.15412942671363794, -22.50000000000000000 ) ) ;
#2763 = VECTOR ( 'NONE', #1919, 1000.000000000000114 ) ;
#2764 = DIRECTION ( 'NONE',  ( 0.000000000000000000, 0.000000000000000000, 1.000000000000000000 ) ) ;
#2765 = CARTESIAN_POINT ( 'NONE',  ( 28.50000000000000711, 116.4009999999999962, -7.627588583212783213 ) ) ;
#2766 =( BOUNDED_CURVE ( )  B_SPLINE_CURVE ( 3, ( #3387, #4696, #2966, #5105 ),
 .UNSPECIFIED., .F., .F. ) 
 B_SPLINE_CURVE_WITH_KNOTS ( ( 4, 4 ),
 ( 1.570796326794890563, 3.141592653589793116 ),
 .UNSPECIFIED. ) 
 CURVE ( )  GEOMETRIC_REPRESENTATION_ITEM ( )  RATIONAL_B_SPLINE_CURVE ( ( 1.000000000000000000, 0.8047378541243636052, 0.8047378541243636052, 1.000000000000000000 ) ) 
 REPRESENTATION_ITEM ( '' )  );
#2767 = CARTESIAN_POINT ( 'NONE',  ( -20.99999999999999289, 55.15099999999998914, 35.50000000000000000 ) ) ;
#2768 = ADVANCED_BREP_SHAPE_REPRESENTATION ( 'MountingPlate^Redesign belt drive', ( #217, #3386 ), #966 ) ;
#2769 = ORIENTED_EDGE ( 'NONE', *, *, #4413, .F. ) ;
#2770 = CARTESIAN_POINT ( 'NONE',  ( -20.99999999999999289, 64.47821787558277151, 22.23476245741832003 ) ) ;
#2771 = ORIENTED_EDGE ( 'NONE', *, *, #539, .T. ) ;
#2772 = CARTESIAN_POINT ( 'NONE',  ( -35.99999999999998579, 45.90100000000000335, 8.000000000000000000 ) ) ;
#2773 = DIRECTION ( 'NONE',  ( 1.000000000000000000, 0.000000000000000000, 0.000000000000000000 ) ) ;
#2774 = EDGE_LOOP ( 'NONE', ( #1582, #83, #2899, #4461, #4795 ) ) ;
#2775 = ORIENTED_EDGE ( 'NONE', *, *, #3523, .F. ) ;
#2776 = DIRECTION ( 'NONE',  ( 0.000000000000000000, 0.000000000000000000, 1.000000000000000000 ) ) ;
#2777 = EDGE_CURVE ( 'NONE', #249, #1929, #553, .T. ) ;
#2778 = ORIENTED_EDGE ( 'NONE', *, *, #3553, .F. ) ;
#2779 = AXIS2_PLACEMENT_3D ( 'NONE', #1361, #3851, #492 ) ;
#2780 = AXIS2_PLACEMENT_3D ( 'NONE', #1760, #5006, #5032 ) ;
#2781 = CARTESIAN_POINT ( 'NONE',  ( -23.00000000000000000, 68.44080500743871198, 13.36276675961006255 ) ) ;
#2782 = CARTESIAN_POINT ( 'NONE',  ( -23.49999999999999645, 97.12698355673691708, 28.18617633178659432 ) ) ;
#2783 = ORIENTED_EDGE ( 'NONE', *, *, #3730, .T. ) ;
#2784 = PLANE ( 'NONE',  #5200 ) ;
#2785 = ORIENTED_EDGE ( 'NONE', *, *, #195, .F. ) ;
#2786 = ORIENTED_EDGE ( 'NONE', *, *, #3523, .T. ) ;
#2787 = CARTESIAN_POINT ( 'NONE',  ( -20.99999999999998934, 102.5685032757142636, 36.23134782026446032 ) ) ;
#2788 = DIRECTION ( 'NONE',  ( 1.000000000000000000, 0.000000000000000000, 0.000000000000000000 ) ) ;
#2789 = CARTESIAN_POINT ( 'NONE',  ( -23.49999999999999289, 93.65099999999999625, 7.999999999999994671 ) ) ;
#2790 = LINE ( 'NONE', #722, #2324 ) ;
#2791 = CARTESIAN_POINT ( 'NONE',  ( 38.00000000000000000, 106.1509999999999962, -24.99999999999999289 ) ) ;
#2792 = DIRECTION ( 'NONE',  ( 0.000000000000000000, -1.000000000000000000, -0.000000000000000000 ) ) ;
#2793 = AXIS2_PLACEMENT_3D ( 'NONE', #42, #2089, #2033 ) ;
#2794 = EDGE_CURVE ( 'NONE', #329, #547, #967, .T. ) ;
#2795 = CARTESIAN_POINT ( 'NONE',  ( 118.0000000000000284, 45.90099999999998914, -18.50000000000001421 ) ) ;
#2796 = EDGE_LOOP ( 'NONE', ( #3120, #3156, #23, #2334 ) ) ;
#2797 = CYLINDRICAL_SURFACE ( 'NONE', #1526, 3.000000000000002665 ) ;
#2798 = EDGE_LOOP ( 'NONE', ( #1037, #2246, #2727, #1455, #2311 ) ) ;
#2799 = LINE ( 'NONE', #3711, #2655 ) ;
#2800 = CARTESIAN_POINT ( 'NONE',  ( -22.99999999999999645, 76.40099999999999625, 8.000000000000000000 ) ) ;
#2801 = ORIENTED_EDGE ( 'NONE', *, *, #1034, .T. ) ;
#2802 = VECTOR ( 'NONE', #4574, 1000.000000000000000 ) ;
#2803 = EDGE_CURVE ( 'NONE', #1245, #1727, #1427, .T. ) ;
#2804 = CARTESIAN_POINT ( 'NONE',  ( -20.99999999999999289, 107.1510000000000105, 35.50000000000000000 ) ) ;
#2805 = ORIENTED_EDGE ( 'NONE', *, *, #1700, .T. ) ;
#2806 = EDGE_CURVE ( 'NONE', #2376, #4395, #4301, .T. ) ;
#2807 = CARTESIAN_POINT ( 'NONE',  ( -35.49999999999998579, 88.65099999999999625, 10.50000000000001599 ) ) ;
#2808 = ADVANCED_FACE ( 'NONE', ( #1856 ), #143, .F. ) ;
#2809 = EDGE_CURVE ( 'NONE', #279, #3842, #508, .T. ) ;
#2810 = DIRECTION ( 'NONE',  ( 0.000000000000000000, 0.000000000000000000, -1.000000000000000000 ) ) ;
#2811 = VERTEX_POINT ( 'NONE', #994 ) ;
#2812 = EDGE_CURVE ( 'NONE', #3200, #4773, #2162, .T. ) ;
#2813 = VERTEX_POINT ( 'NONE', #5152 ) ;
#2814 = CARTESIAN_POINT ( 'NONE',  ( -20.99999999999999645, 106.0259502673634842, 37.91821874309018625 ) ) ;
#2815 = FACE_OUTER_BOUND ( 'NONE', #1542, .T. ) ;
#2816 = DIRECTION ( 'NONE',  ( 9.842402700577632017E-17, -1.000000000000000000, 0.000000000000000000 ) ) ;
#2817 = VECTOR ( 'NONE', #35, 1000.000000000000000 ) ;
#2818 = CIRCLE ( 'NONE', #902, 3.499999999999999556 ) ;
#2819 = FACE_OUTER_BOUND ( 'NONE', #59, .T. ) ;
#2820 = EDGE_LOOP ( 'NONE', ( #4682, #429, #3586, #1126 ) ) ;
#2821 = CARTESIAN_POINT ( 'NONE',  ( 109.8300000000000125, 57.52099999999999369, 40.29625838435640617 ) ) ;
#2822 = CIRCLE ( 'NONE', #469, 3.499999999999999556 ) ;
#2823 = LINE ( 'NONE', #310, #4660 ) ;
#2824 = ORIENTED_EDGE ( 'NONE', *, *, #72, .T. ) ;
#2825 = LINE ( 'NONE', #1111, #1006 ) ;
#2826 = VERTEX_POINT ( 'NONE', #3814 ) ;
#2827 = CYLINDRICAL_SURFACE ( 'NONE', #3091, 2.500000000000002220 ) ;
#2828 = CARTESIAN_POINT ( 'NONE',  ( 0.000000000000000000, 60.22100000000001785, -18.50000000000001776 ) ) ;
#2829 = ORIENTED_EDGE ( 'NONE', *, *, #3815, .T. ) ;
#2830 = CARTESIAN_POINT ( 'NONE',  ( 109.8300000000000125, 57.52099999999999369, -18.50000000000001776 ) ) ;
#2831 = CIRCLE ( 'NONE', #4909, 2.700000000000008171 ) ;
#2832 = ORIENTED_EDGE ( 'NONE', *, *, #2595, .F. ) ;
#2833 = VERTEX_POINT ( 'NONE', #3402 ) ;
#2834 = EDGE_CURVE ( 'NONE', #4039, #4700, #3086, .T. ) ;
#2835 = EDGE_CURVE ( 'NONE', #4512, #4810, #1959, .T. ) ;
#2836 = CARTESIAN_POINT ( 'NONE',  ( -36.00000000000000000, 86.15099999999999625, 7.999999999999916511 ) ) ;
#2837 = AXIS2_PLACEMENT_3D ( 'NONE', #1470, #1896, #3122 ) ;
#2838 = DIRECTION ( 'NONE',  ( -1.000000000000000000, 0.000000000000000000, 0.000000000000000000 ) ) ;
#2839 = VECTOR ( 'NONE', #3461, 1000.000000000000000 ) ;
#2840 = DIRECTION ( 'NONE',  ( -0.9396926207859082059, 0.3420201433256693235, 5.049449973480775942E-17 ) ) ;
#2841 = ORIENTED_EDGE ( 'NONE', *, *, #2834, .F. ) ;
#2842 = VERTEX_POINT ( 'NONE', #4874 ) ;
#2843 = CARTESIAN_POINT ( 'NONE',  ( -23.49999999999999289, 93.69197678436457011, 10.71072241148504212 ) ) ;
#2844 = DIRECTION ( 'NONE',  ( -1.968480540115525171E-16, 1.000000000000000000, 0.000000000000000000 ) ) ;
#2845 = CARTESIAN_POINT ( 'NONE',  ( -25.99999999999999645, 104.6509999999999962, 37.48110924760354834 ) ) ;
#2846 = ADVANCED_FACE ( 'NONE', ( #1585 ), #5288, .F. ) ;
#2847 = VECTOR ( 'NONE', #3569, 1000.000000000000000 ) ;
#2848 = DIRECTION ( 'NONE',  ( -1.000000000000000000, -0.000000000000000000, -0.000000000000000000 ) ) ;
#2849 = ORIENTED_EDGE ( 'NONE', *, *, #5084, .F. ) ;
#2850 = PLANE ( 'NONE',  #2045 ) ;
#2851 = CARTESIAN_POINT ( 'NONE',  ( 47.37651249194234282, 73.78234761464293001, -23.58701729803291158 ) ) ;
#2852 = CARTESIAN_POINT ( 'NONE',  ( -25.99999999999999645, 81.15099999999999625, 38.00000000000000711 ) ) ;
#2853 = VECTOR ( 'NONE', #3271, 1000.000000000000000 ) ;
#2854 = ORIENTED_EDGE ( 'NONE', *, *, #2605, .T. ) ;
#2855 = CARTESIAN_POINT ( 'NONE',  ( -3.016806942086832884E-15, 49.90099999999997493, -2.500000000000000000 ) ) ;
#2856 = ORIENTED_EDGE ( 'NONE', *, *, #1043, .F. ) ;
#2857 = CARTESIAN_POINT ( 'NONE',  ( 118.0000000000000142, 111.4010000000000105, -18.50000000000001776 ) ) ;
#2858 = PLANE ( 'NONE',  #3709 ) ;
#2859 = ORIENTED_EDGE ( 'NONE', *, *, #2662, .F. ) ;
#2860 = VECTOR ( 'NONE', #488, 1000.000000000000000 ) ;
#2861 = DIRECTION ( 'NONE',  ( -1.042677680898292906E-32, 9.842402700577632017E-17, -1.000000000000000000 ) ) ;
#2862 = DIRECTION ( 'NONE',  ( -0.000000000000000000, -0.000000000000000000, -1.000000000000000000 ) ) ;
#2863 = EDGE_CURVE ( 'NONE', #1518, #1109, #3949, .T. ) ;
#2864 = ORIENTED_EDGE ( 'NONE', *, *, #1041, .T. ) ;
#2865 = FACE_OUTER_BOUND ( 'NONE', #4377, .T. ) ;
#2866 = CARTESIAN_POINT ( 'NONE',  ( 118.0000000000000284, 71.15100000000001046, -18.19999999999999574 ) ) ;
#2867 = EDGE_CURVE ( 'NONE', #5206, #2756, #2115, .T. ) ;
#2868 = AXIS2_PLACEMENT_3D ( 'NONE', #4181, #459, #2123 ) ;
#2869 = CARTESIAN_POINT ( 'NONE',  ( 121.3000000000000256, 71.15100000000001046, -11.99999999999999467 ) ) ;
#2870 = ORIENTED_EDGE ( 'NONE', *, *, #3023, .T. ) ;
#2871 = ORIENTED_EDGE ( 'NONE', *, *, #4113, .F. ) ;
#2872 = CARTESIAN_POINT ( 'NONE',  ( -23.49999999999999289, 96.18324719133693179, 25.51177841279402969 ) ) ;
#2873 = DIRECTION ( 'NONE',  ( -0.3420201433256689905, 0.9396926207859084279, 0.000000000000000000 ) ) ;
#2874 = CARTESIAN_POINT ( 'NONE',  ( 102.1299999999999955, 57.52100000000000080, 40.29625838435640617 ) ) ;
#2875 = DIRECTION ( 'NONE',  ( -1.000000000000000000, -0.000000000000000000, -0.000000000000000000 ) ) ;
#2876 = LINE ( 'NONE', #3703, #1960 ) ;
#2877 = DIRECTION ( 'NONE',  ( 1.000000000000000000, 0.000000000000000000, 0.000000000000000000 ) ) ;
#2878 = ADVANCED_FACE ( 'NONE', ( #252 ), #2346, .F. ) ;
#2879 = CARTESIAN_POINT ( 'NONE',  ( -25.99999999999998934, 64.31961045410314171, 34.68852354693413531 ) ) ;
#2880 = LINE ( 'NONE', #2514, #2817 ) ;
#2881 = VERTEX_POINT ( 'NONE', #1562 ) ;
#2882 = CARTESIAN_POINT ( 'NONE',  ( -20.99999999999998934, 67.22050220054407532, 21.51942900882707477 ) ) ;
#2883 = FACE_OUTER_BOUND ( 'NONE', #4028, .T. ) ;
#2884 = CARTESIAN_POINT ( 'NONE',  ( 61.70000000000000284, 81.15099999999998204, -18.50000000000001776 ) ) ;
#2885 = EDGE_LOOP ( 'NONE', ( #4952, #556, #5058, #2358 ) ) ;
#2886 = FACE_OUTER_BOUND ( 'NONE', #1479, .T. ) ;
#2887 = CARTESIAN_POINT ( 'NONE',  ( -35.49999999999998579, 88.65099999999999625, 10.50000000000001599 ) ) ;
#2888 = CIRCLE ( 'NONE', #971, 3.499999999999999556 ) ;
#2889 = ORIENTED_EDGE ( 'NONE', *, *, #944, .T. ) ;
#2890 = DIRECTION ( 'NONE',  ( 0.000000000000000000, 0.000000000000000000, 1.000000000000000000 ) ) ;
#2891 = DIRECTION ( 'NONE',  ( -0.1961161351381837947, 0.000000000000000000, -0.9805806756909202226 ) ) ;
#2892 = DIRECTION ( 'NONE',  ( 1.000000000000000000, 0.000000000000000000, 0.000000000000000000 ) ) ;
#2893 = LINE ( 'NONE', #1580, #3981 ) ;
#2894 = ORIENTED_EDGE ( 'NONE', *, *, #2803, .T. ) ;
#2895 = CARTESIAN_POINT ( 'NONE',  ( -20.99999999999999289, 98.56257565354717087, 24.74317597931295154 ) ) ;
#2896 = SPHERICAL_SURFACE ( 'NONE', #448, 2.500000000000000000 ) ;
#2897 = CARTESIAN_POINT ( 'NONE',  ( -26.00000000000000000, 104.8057200555124666, 37.54590070867396889 ) ) ;
#2898 = DIRECTION ( 'NONE',  ( 0.000000000000000000, 0.000000000000000000, 1.000000000000000000 ) ) ;
#2899 = ORIENTED_EDGE ( 'NONE', *, *, #3105, .T. ) ;
#2900 = CARTESIAN_POINT ( 'NONE',  ( 26.00000000000001066, 112.4009999999999962, -2.500000000000000000 ) ) ;
#2901 = EDGE_CURVE ( 'NONE', #3451, #2811, #2759, .T. ) ;
#2902 = ADVANCED_FACE ( 'NONE', ( #334 ), #4034, .F. ) ;
#2903 = DIRECTION ( 'NONE',  ( 0.000000000000000000, 1.000000000000000000, 0.000000000000000000 ) ) ;
#2904 = CONICAL_SURFACE ( 'NONE', #1254, 6.199999999999997513, 0.7853981633974482790 ) ;
#2905 = LINE ( 'NONE', #3301, #4718 ) ;
#2906 = ORIENTED_EDGE ( 'NONE', *, *, #955, .F. ) ;
#2907 = FACE_BOUND ( 'NONE', #2774, .T. ) ;
#2908 = DIRECTION ( 'NONE',  ( -1.000000000000000000, -0.000000000000000000, 0.000000000000000000 ) ) ;
#2909 = FACE_OUTER_BOUND ( 'NONE', #2320, .T. ) ;
#2910 = VECTOR ( 'NONE', #3049, 1000.000000000000000 ) ;
#2911 = ORIENTED_EDGE ( 'NONE', *, *, #633, .T. ) ;
#2912 = CYLINDRICAL_SURFACE ( 'NONE', #5339, 2.500000000000002220 ) ;
#2913 = CARTESIAN_POINT ( 'NONE',  ( -26.50000000000000000, 101.1510000000000105, 8.000000000000000000 ) ) ;
#2914 = EDGE_LOOP ( 'NONE', ( #3665, #2889, #4763, #5230, #180 ) ) ;
#2915 = ADVANCED_FACE ( 'NONE', ( #3162 ), #227, .T. ) ;
#2916 = AXIS2_PLACEMENT_3D ( 'NONE', #2602, #3308, #891 ) ;
#2917 = VECTOR ( 'NONE', #489, 1000.000000000000000 ) ;
#2918 = DIRECTION ( 'NONE',  ( 0.000000000000000000, -0.000000000000000000, 1.000000000000000000 ) ) ;
#2919 = CARTESIAN_POINT ( 'NONE',  ( 118.0000000000000142, 111.4010000000000105, 8.000000000000000000 ) ) ;
#2920 = AXIS2_PLACEMENT_3D ( 'NONE', #145, #2252, #674 ) ;
#2921 = AXIS2_PLACEMENT_3D ( 'NONE', #4992, #2903, #2931 ) ;
#2922 = DIRECTION ( 'NONE',  ( -1.000000000000000000, 0.000000000000000000, 1.042677680898292906E-32 ) ) ;
#2923 = EDGE_LOOP ( 'NONE', ( #3819, #2536, #1674, #1188 ) ) ;
#2924 = CIRCLE ( 'NONE', #300, 2.500000000000000000 ) ;
#2925 = LINE ( 'NONE', #2450, #24 ) ;
#2926 = CARTESIAN_POINT ( 'NONE',  ( 121.3000000000000114, 91.15099999999999625, -11.99999999999998046 ) ) ;
#2927 = SPHERICAL_SURFACE ( 'NONE', #3948, 2.500000000000000000 ) ;
#2928 = ADVANCED_FACE ( 'NONE', ( #277 ), #4826, .T. ) ;
#2929 = CARTESIAN_POINT ( 'NONE',  ( 118.0000000000000284, 71.15100000000001046, -14.89999999999999503 ) ) ;
#2930 = ORIENTED_EDGE ( 'NONE', *, *, #465, .T. ) ;
#2931 = DIRECTION ( 'NONE',  ( 0.000000000000000000, 0.000000000000000000, 1.000000000000000000 ) ) ;
#2932 = DIRECTION ( 'NONE',  ( -1.000000000000000000, 0.000000000000000000, 0.000000000000000000 ) ) ;
#2933 = VECTOR ( 'NONE', #4940, 1000.000000000000000 ) ;
#2934 = EDGE_CURVE ( 'NONE', #4447, #1969, #3643, .T. ) ;
#2935 = CIRCLE ( 'NONE', #2234, 2.500000000000000000 ) ;
#2936 = CARTESIAN_POINT ( 'NONE',  ( -25.99999999999999645, 104.6509999999999962, 37.48110924760354834 ) ) ;
#2937 = CARTESIAN_POINT ( 'NONE',  ( 2.500000000000000000, 104.1510000000000105, 8.000000000000000000 ) ) ;
#2938 = ORIENTED_EDGE ( 'NONE', *, *, #3759, .F. ) ;
#2939 = VECTOR ( 'NONE', #1775, 1000.000000000000000 ) ;
#2940 = ORIENTED_EDGE ( 'NONE', *, *, #1532, .T. ) ;
#2941 = ORIENTED_EDGE ( 'NONE', *, *, #1046, .F. ) ;
#2942 =( BOUNDED_CURVE ( )  B_SPLINE_CURVE ( 3, ( #562, #2220, #3868, #1804 ),
 .UNSPECIFIED., .F., .F. ) 
 B_SPLINE_CURVE_WITH_KNOTS ( ( 4, 4 ),
 ( 1.570796326794896558, 3.089232776029969152 ),
 .UNSPECIFIED. ) 
 CURVE ( )  GEOMETRIC_REPRESENTATION_ITEM ( )  RATIONAL_B_SPLINE_CURVE ( ( 1.000000000000000000, 0.8169162473415237935, 0.8169162473415237935, 1.000000000000000000 ) ) 
 REPRESENTATION_ITEM ( '' )  );
#2943 = VECTOR ( 'NONE', #840, 1000.000000000000000 ) ;
#2944 = LINE ( 'NONE', #1783, #3798 ) ;
#2945 = CARTESIAN_POINT ( 'NONE',  ( 57.57000000000000028, 57.52099999999999369, -30.00000000000000711 ) ) ;
#2946 = AXIS2_PLACEMENT_3D ( 'NONE', #370, #786, #2415 ) ;
#2947 = EDGE_CURVE ( 'NONE', #4064, #258, #1103, .T. ) ;
#2948 = FACE_OUTER_BOUND ( 'NONE', #267, .T. ) ;
#2949 = ORIENTED_EDGE ( 'NONE', *, *, #3368, .F. ) ;
#2950 = CARTESIAN_POINT ( 'NONE',  ( 41.00000000000000711, 88.65099999999999625, 13.99999999999999822 ) ) ;
#2951 = ORIENTED_EDGE ( 'NONE', *, *, #3919, .T. ) ;
#2952 = CARTESIAN_POINT ( 'NONE',  ( 57.56999999999999318, 102.0809999999999746, -30.00000000000000000 ) ) ;
#2953 = CARTESIAN_POINT ( 'NONE',  ( -20.99999999999999289, 105.2957733799675424, 35.03542453769823339 ) ) ;
#2954 = DIRECTION ( 'NONE',  ( -0.000000000000000000, 0.000000000000000000, -1.000000000000000000 ) ) ;
#2955 = ORIENTED_EDGE ( 'NONE', *, *, #1759, .T. ) ;
#2956 = CARTESIAN_POINT ( 'NONE',  ( 34.00000000000000711, 75.99055556881019413, 0.000000000000000000 ) ) ;
#2957 = AXIS2_PLACEMENT_3D ( 'NONE', #770, #1209, #4597 ) ;
#2958 = VERTEX_POINT ( 'NONE', #643 ) ;
#2959 = VERTEX_POINT ( 'NONE', #2297 ) ;
#2960 = DIRECTION ( 'NONE',  ( 0.000000000000000000, 0.000000000000000000, 1.000000000000000000 ) ) ;
#2961 = DIRECTION ( 'NONE',  ( -1.000000000000000000, 0.000000000000000000, 0.000000000000000000 ) ) ;
#2962 = DIRECTION ( 'NONE',  ( 0.000000000000000000, 1.000000000000000000, 1.476360405086644309E-16 ) ) ;
#2963 = ADVANCED_FACE ( 'NONE', ( #1487 ), #3139, .T. ) ;
#2964 = CARTESIAN_POINT ( 'NONE',  ( 57.56999999999999318, 104.7810000000000059, -18.50000000000001776 ) ) ;
#2965 = ORIENTED_EDGE ( 'NONE', *, *, #1577, .T. ) ;
#2966 = CARTESIAN_POINT ( 'NONE',  ( -35.99999999999999289, 74.68653390593274821, 8.000000000000000000 ) ) ;
#2967 = DIRECTION ( 'NONE',  ( -1.000000000000000000, 0.000000000000000000, 0.000000000000000000 ) ) ;
#2968 = EDGE_CURVE ( 'NONE', #2424, #947, #670, .T. ) ;
#2969 = CARTESIAN_POINT ( 'NONE',  ( -23.49999999999998934, 61.21204750366890579, 34.81373009058057733 ) ) ;
#2970 = EDGE_CURVE ( 'NONE', #787, #3081, #4163, .T. ) ;
#2971 = EDGE_CURVE ( 'NONE', #4863, #1072, #2558, .T. ) ;
#2972 = CARTESIAN_POINT ( 'NONE',  ( 29.15384615384615685, 80.41485575067467551, -22.50000000000000000 ) ) ;
#2973 = ORIENTED_EDGE ( 'NONE', *, *, #2728, .T. ) ;
#2974 = DIRECTION ( 'NONE',  ( 0.000000000000000000, -0.000000000000000000, 1.000000000000000000 ) ) ;
#2975 = LINE ( 'NONE', #1820, #3474 ) ;
#2976 = CYLINDRICAL_SURFACE ( 'NONE', #1865, 19.50000000000000355 ) ;
#2977 = EDGE_LOOP ( 'NONE', ( #193, #107, #4958, #1226 ) ) ;
#2978 = ADVANCED_FACE ( 'NONE', ( #1723, #2018, #3345, #5013, #4575, #2429 ), #2, .T. ) ;
#2979 = CARTESIAN_POINT ( 'NONE',  ( 32.79999999999999716, 61.15099999999999625, 8.000000000000000000 ) ) ;
#2980 = ORIENTED_EDGE ( 'NONE', *, *, #4411, .T. ) ;
#2981 = EDGE_LOOP ( 'NONE', ( #4647, #356, #3112, #1395, #920 ) ) ;
#2982 = CARTESIAN_POINT ( 'NONE',  ( -21.00000000000057554, 56.27604973263532884, 37.91821874309018625 ) ) ;
#2983 = CARTESIAN_POINT ( 'NONE',  ( -25.92678619209427282, 57.02989301310459069, 37.71008218880411533 ) ) ;
#2984 = DIRECTION ( 'NONE',  ( -1.000000000000000000, -0.000000000000000000, -0.000000000000000000 ) ) ;
#2985 = CARTESIAN_POINT ( 'NONE',  ( 26.50000000000000000, 61.15099999999999625, 5.199999999999999289 ) ) ;
#2986 =( NAMED_UNIT ( * ) PLANE_ANGLE_UNIT ( ) SI_UNIT ( $, .RADIAN. ) );
#2987 = ORIENTED_EDGE ( 'NONE', *, *, #4325, .F. ) ;
#2988 = AXIS2_PLACEMENT_3D ( 'NONE', #2500, #740, #2012 ) ;
#2989 = CARTESIAN_POINT ( 'NONE',  ( 48.00000000000000711, 71.20611110575711677, -24.99999999999999645 ) ) ;
#2990 = DIRECTION ( 'NONE',  ( -1.000000000000000000, 0.000000000000000000, 0.000000000000000000 ) ) ;
#2991 = CARTESIAN_POINT ( 'NONE',  ( -23.50000000000000355, 65.70239737318085815, 26.79296874652033011 ) ) ;
#2992 = ADVANCED_FACE ( 'NONE', ( #1671 ), #5342, .F. ) ;
#2993 = EDGE_CURVE ( 'NONE', #4402, #5146, #1695, .T. ) ;
#2994 = CARTESIAN_POINT ( 'NONE',  ( -1.035533905932737309, 55.15099999999999625, 58.00000000000000711 ) ) ;
#2995 = ORIENTED_EDGE ( 'NONE', *, *, #2567, .F. ) ;
#2996 = ORIENTED_EDGE ( 'NONE', *, *, #4587, .F. ) ;
#2997 = AXIS2_PLACEMENT_3D ( 'NONE', #1203, #2473, #1171 ) ;
#2998 = DIRECTION ( 'NONE',  ( 1.000000000000000000, 0.000000000000000000, 0.000000000000000000 ) ) ;
#2999 = CARTESIAN_POINT ( 'NONE',  ( 34.00000000000000711, 83.65099999999999625, -22.50000000000000000 ) ) ;
#3000 = CARTESIAN_POINT ( 'NONE',  ( -19.99999999999999645, 0.000000000000000000, 58.00000000000000000 ) ) ;
#3001 = ORIENTED_EDGE ( 'NONE', *, *, #232, .F. ) ;
#3002 = AXIS2_PLACEMENT_3D ( 'NONE', #3729, #3295, #467 ) ;
#3003 = VERTEX_POINT ( 'NONE', #4105 ) ;
#3004 = VECTOR ( 'NONE', #2600, 1000.000000000000000 ) ;
#3005 = ORIENTED_EDGE ( 'NONE', *, *, #1110, .F. ) ;
#3006 = VERTEX_POINT ( 'NONE', #386 ) ;
#3007 = AXIS2_PLACEMENT_3D ( 'NONE', #1592, #2027, #3355 ) ;
#3008 = EDGE_CURVE ( 'NONE', #2528, #4984, #3269, .T. ) ;
#3009 = CARTESIAN_POINT ( 'NONE',  ( -23.49999999999999289, 63.95741114673590744, 30.75814963673470714 ) ) ;
#3010 = CARTESIAN_POINT ( 'NONE',  ( 1.836970198721021799E-16, 58.15100000000000335, 58.00000000000000000 ) ) ;
#3011 = LINE ( 'NONE', #3303, #4467 ) ;
#3012 = DIRECTION ( 'NONE',  ( 1.042677680898292906E-32, -9.842402700577632017E-17, 1.000000000000000000 ) ) ;
#3013 = CARTESIAN_POINT ( 'NONE',  ( 118.0000000000000284, 71.15100000000001046, -11.99999999999999467 ) ) ;
#3014 = SURFACE_STYLE_FILL_AREA ( #3358 ) ;
#3015 = VERTEX_POINT ( 'NONE', #4961 ) ;
#3016 = LINE ( 'NONE', #4616, #1890 ) ;
#3017 = DIRECTION ( 'NONE',  ( 9.637352644315600173E-17, -1.000000000000000000, 0.000000000000000000 ) ) ;
#3018 = CARTESIAN_POINT ( 'NONE',  ( -23.49999999999998934, 61.92331287956277208, 33.95888019031050220 ) ) ;
#3019 = AXIS2_PLACEMENT_3D ( 'NONE', #2375, #2848, #1621 ) ;
#3020 = CIRCLE ( 'NONE', #4141, 2.500000000000000444 ) ;
#3021 = CYLINDRICAL_SURFACE ( 'NONE', #425, 2.500000000000000444 ) ;
#3022 = EDGE_LOOP ( 'NONE', ( #839, #2177, #2859, #5149 ) ) ;
#3023 = EDGE_CURVE ( 'NONE', #1945, #1654, #4518, .T. ) ;
#3024 = DIRECTION ( 'NONE',  ( 0.000000000000000000, 0.000000000000000000, 1.000000000000000000 ) ) ;
#3025 = DIRECTION ( 'NONE',  ( 0.000000000000000000, 0.1819131996109805138, -0.9833145924917902070 ) ) ;
#3026 = DIRECTION ( 'NONE',  ( 1.000000000000000000, 0.000000000000000000, 0.000000000000000000 ) ) ;
#3027 = ORIENTED_EDGE ( 'NONE', *, *, #3437, .T. ) ;
#3028 = DIRECTION ( 'NONE',  ( -1.000000000000000000, -1.927470528863118802E-16, 0.000000000000000000 ) ) ;
#3029 = ORIENTED_EDGE ( 'NONE', *, *, #4059, .F. ) ;
#3030 = ORIENTED_EDGE ( 'NONE', *, *, #2651, .T. ) ;
#3031 = VERTEX_POINT ( 'NONE', #56 ) ;
#3032 = CARTESIAN_POINT ( 'NONE',  ( -20.99999999999999289, 60.75394334219754455, 31.30076572495672238 ) ) ;
#3033 = CARTESIAN_POINT ( 'NONE',  ( -26.50000000000000000, 101.1510000000000105, 5.199999999999999289 ) ) ;
#3034 = EDGE_CURVE ( 'NONE', #2261, #1945, #1437, .T. ) ;
#3035 = VECTOR ( 'NONE', #2922, 1000.000000000000000 ) ;
#3036 = VECTOR ( 'NONE', #3528, 1000.000000000000000 ) ;
#3037 = ADVANCED_FACE ( 'NONE', ( #4988 ), #2049, .T. ) ;
#3038 = DIRECTION ( 'NONE',  ( 0.000000000000000000, 0.000000000000000000, -1.000000000000000000 ) ) ;
#3039 = CARTESIAN_POINT ( 'NONE',  ( 20.20000000000000284, 101.1510000000000105, 8.000000000000000000 ) ) ;
#3040 = DIRECTION ( 'NONE',  ( -0.000000000000000000, -0.000000000000000000, 1.000000000000000000 ) ) ;
#3041 = ORIENTED_EDGE ( 'NONE', *, *, #1767, .F. ) ;
#3042 = CARTESIAN_POINT ( 'NONE',  ( -23.00000000000000355, 101.9560884848142450, 35.62709413379592860 ) ) ;
#3043 = DIRECTION ( 'NONE',  ( -1.000000000000000000, 2.775557561562888984E-15, 0.000000000000000000 ) ) ;
#3044 = CYLINDRICAL_SURFACE ( 'NONE', #4374, 2.700000000000008171 ) ;
#3045 = FACE_OUTER_BOUND ( 'NONE', #3234, .T. ) ;
#3046 = ORIENTED_EDGE ( 'NONE', *, *, #3220, .T. ) ;
#3047 = DIRECTION ( 'NONE',  ( 0.000000000000000000, 0.000000000000000000, -1.000000000000000000 ) ) ;
#3048 = VERTEX_POINT ( 'NONE', #28 ) ;
#3049 = DIRECTION ( 'NONE',  ( -4.082155997157831493E-17, 1.000000000000000000, -0.000000000000000000 ) ) ;
#3050 = CARTESIAN_POINT ( 'NONE',  ( 26.00000000000001066, 116.4010000000000105, 0.000000000000000000 ) ) ;
#3051 = LINE ( 'NONE', #580, #1609 ) ;
#3052 = ORIENTED_EDGE ( 'NONE', *, *, #3069, .T. ) ;
#3053 = LINE ( 'NONE', #3538, #1541 ) ;
#3054 = ORIENTED_EDGE ( 'NONE', *, *, #2143, .F. ) ;
#3055 = ORIENTED_EDGE ( 'NONE', *, *, #2193, .F. ) ;
#3056 = VERTEX_POINT ( 'NONE', #3753 ) ;
#3057 = CARTESIAN_POINT ( 'NONE',  ( -20.99999999999999289, 61.43061040452808186, 30.17664382477803642 ) ) ;
#3058 = CARTESIAN_POINT ( 'NONE',  ( 62.57000000000000028, 102.0809999999999746, -18.50000000000001776 ) ) ;
#3059 = ADVANCED_FACE ( 'NONE', ( #5368 ), #2927, .F. ) ;
#3060 = LINE ( 'NONE', #591, #4204 ) ;
#3061 = DIRECTION ( 'NONE',  ( 0.000000000000000000, 0.000000000000000000, -1.000000000000000000 ) ) ;
#3062 = LINE ( 'NONE', #621, #1713 ) ;
#3063 = CARTESIAN_POINT ( 'NONE',  ( -20.96014440621418373, 104.1510000000000105, 8.000000000000000000 ) ) ;
#3064 = ORIENTED_EDGE ( 'NONE', *, *, #5356, .F. ) ;
#3065 = CARTESIAN_POINT ( 'NONE',  ( -23.49999999999999645, 55.15099999999999625, 38.00000000000000000 ) ) ;
#3066 = CARTESIAN_POINT ( 'NONE',  ( 41.00000000000000711, 86.15099999999999625, 10.50000000000000000 ) ) ;
#3067 = DIRECTION ( 'NONE',  ( 1.000000000000000000, 0.000000000000000000, 0.000000000000000000 ) ) ;
#3068 = DIRECTION ( 'NONE',  ( 0.000000000000000000, -0.000000000000000000, 1.000000000000000000 ) ) ;
#3069 = EDGE_CURVE ( 'NONE', #3448, #975, #4169, .T. ) ;
#3070 = VECTOR ( 'NONE', #4799, 1000.000000000000000 ) ;
#3071 = EDGE_LOOP ( 'NONE', ( #1734, #1020, #2343, #3292 ) ) ;
#3072 = VECTOR ( 'NONE', #4650, 1000.000000000000000 ) ;
#3073 = CARTESIAN_POINT ( 'NONE',  ( -25.99999999999999645, 93.65099999999999625, 58.00000000000000000 ) ) ;
#3074 = CARTESIAN_POINT ( 'NONE',  ( 57.57000000000000028, 60.22100000000001785, -18.50000000000001776 ) ) ;
#3075 = LINE ( 'NONE', #4237, #4596 ) ;
#3076 = DIRECTION ( 'NONE',  ( -0.000000000000000000, -0.000000000000000000, 1.000000000000000000 ) ) ;
#3077 = ORIENTED_EDGE ( 'NONE', *, *, #4378, .F. ) ;
#3078 = CIRCLE ( 'NONE', #739, 6.199999999999997513 ) ;
#3079 = LINE ( 'NONE', #1370, #1373 ) ;
#3080 = ORIENTED_EDGE ( 'NONE', *, *, #4060, .F. ) ;
#3081 = VERTEX_POINT ( 'NONE', #3419 ) ;
#3082 = EDGE_LOOP ( 'NONE', ( #1369, #3197, #3005, #4342 ) ) ;
#3083 = CARTESIAN_POINT ( 'NONE',  ( -20.99999999999999645, 58.62767148065628930, 37.00428781367504172 ) ) ;
#3084 = AXIS2_PLACEMENT_3D ( 'NONE', #1270, #2457, #5347 ) ;
#3085 = ADVANCED_FACE ( 'NONE', ( #3913 ), #1793, .F. ) ;
#3086 = LINE ( 'NONE', #3589, #286 ) ;
#3087 = AXIS2_PLACEMENT_3D ( 'NONE', #2540, #3012, #39 ) ;
#3088 = DIRECTION ( 'NONE',  ( 1.000000000000000000, 0.000000000000000000, 0.000000000000000000 ) ) ;
#3089 = AXIS2_PLACEMENT_3D ( 'NONE', #144, #2299, #3837 ) ;
#3090 = CYLINDRICAL_SURFACE ( 'NONE', #4382, 2.499999999999998668 ) ;
#3091 = AXIS2_PLACEMENT_3D ( 'NONE', #3679, #1139, #2003 ) ;
#3092 = EDGE_CURVE ( 'NONE', #5265, #2575, #4738, .T. ) ;
#3093 = CARTESIAN_POINT ( 'NONE',  ( -23.00000000000000000, 101.1510000000000105, 5.199999999999999289 ) ) ;
#3094 = CARTESIAN_POINT ( 'NONE',  ( -30.00000000000000000, 101.1510000000000105, 0.000000000000000000 ) ) ;
#3095 = ORIENTED_EDGE ( 'NONE', *, *, #2729, .F. ) ;
#3096 = LINE ( 'NONE', #1895, #3823 ) ;
#3097 = DIRECTION ( 'NONE',  ( -1.042677680898292906E-32, 9.842402700577632017E-17, -1.000000000000000000 ) ) ;
#3098 = DIRECTION ( 'NONE',  ( -1.000000000000000000, 0.000000000000000000, 0.000000000000000000 ) ) ;
#3099 = ORIENTED_EDGE ( 'NONE', *, *, #1400, .T. ) ;
#3100 = DIRECTION ( 'NONE',  ( 0.000000000000000000, -0.9833145924917903180, -0.1819131996109805416 ) ) ;
#3101 = EDGE_LOOP ( 'NONE', ( #5162, #726, #1166, #2955, #3408, #529 ) ) ;
#3102 = AXIS2_PLACEMENT_3D ( 'NONE', #380, #1640, #2892 ) ;
#3103 = CARTESIAN_POINT ( 'NONE',  ( -22.99999999999999645, 58.15100000000000335, 37.19321514473028856 ) ) ;
#3104 = EDGE_CURVE ( 'NONE', #4156, #3570, #3051, .T. ) ;
#3105 = EDGE_CURVE ( 'NONE', #1155, #3031, #1702, .T. ) ;
#3106 = CARTESIAN_POINT ( 'NONE',  ( -5.000000000000000000, 115.9384999999999764, 10.50000000000000178 ) ) ;
#3107 = AXIS2_PLACEMENT_3D ( 'NONE', #1512, #4827, #335 ) ;
#3108 = CARTESIAN_POINT ( 'NONE',  ( 124.0000000000000284, 71.15100000000001046, -9.099999999999996092 ) ) ;
#3109 = ORIENTED_EDGE ( 'NONE', *, *, #4651, .T. ) ;
#3110 = VERTEX_POINT ( 'NONE', #2266 ) ;
#3111 = LINE ( 'NONE', #1928, #2669 ) ;
#3112 = ORIENTED_EDGE ( 'NONE', *, *, #1724, .F. ) ;
#3113 = ORIENTED_EDGE ( 'NONE', *, *, #1984, .F. ) ;
#3114 = AXIS2_PLACEMENT_3D ( 'NONE', #3184, #2472, #4846 ) ;
#3115 = CARTESIAN_POINT ( 'NONE',  ( -23.49999999999999289, 104.5237814752301091, 37.44237572646087386 ) ) ;
#3116 = LINE ( 'NONE', #1750, #815 ) ;
#3117 = CARTESIAN_POINT ( 'NONE',  ( 57.57000000000000028, 57.52099999999999369, -18.50000000000001776 ) ) ;
#3118 = DIRECTION ( 'NONE',  ( -1.000000000000000000, 0.000000000000000000, 0.000000000000000000 ) ) ;
#3119 = CARTESIAN_POINT ( 'NONE',  ( 46.35505035831418041, 74.15412942671363794, -2.500000000000000000 ) ) ;
#3120 = ORIENTED_EDGE ( 'NONE', *, *, #2399, .T. ) ;
#3121 = CARTESIAN_POINT ( 'NONE',  ( -20.99999999999999289, 55.15099999999998914, 10.50000000000000178 ) ) ;
#3122 = DIRECTION ( 'NONE',  ( 0.000000000000000000, 0.000000000000000000, 1.000000000000000000 ) ) ;
#3123 = DIRECTION ( 'NONE',  ( 0.000000000000000000, 1.000000000000000000, 1.779203565104417128E-16 ) ) ;
#3124 = EDGE_LOOP ( 'NONE', ( #1837, #96, #2725, #2949 ) ) ;
#3125 = DIRECTION ( 'NONE',  ( -0.000000000000000000, 1.000000000000000000, 0.000000000000000000 ) ) ;
#3126 = ORIENTED_EDGE ( 'NONE', *, *, #1429, .T. ) ;
#3127 = EDGE_CURVE ( 'NONE', #4188, #2702, #82, .T. ) ;
#3128 = ADVANCED_FACE ( 'NONE', ( #3473 ), #661, .F. ) ;
#3129 = CARTESIAN_POINT ( 'NONE',  ( -23.00000000000000000, 61.72351148495870632, 34.14754062696243864 ) ) ;
#3130 = EDGE_CURVE ( 'NONE', #3031, #3282, #2831, .T. ) ;
#3131 = CYLINDRICAL_SURFACE ( 'NONE', #2293, 4.149999999999994138 ) ;
#3132 = ORIENTED_EDGE ( 'NONE', *, *, #2794, .F. ) ;
#3133 = EDGE_CURVE ( 'NONE', #1076, #1878, #5063, .T. ) ;
#3134 = CARTESIAN_POINT ( 'NONE',  ( 45.63083989060734780, 49.90442616311354840, -11.02880872412753810 ) ) ;
#3135 = VERTEX_POINT ( 'NONE', #1317 ) ;
#3136 = ORIENTED_EDGE ( 'NONE', *, *, #2025, .T. ) ;
#3137 = CARTESIAN_POINT ( 'NONE',  ( -7.500000000000000000, 81.15099999999999625, 10.50000000000000000 ) ) ;
#3138 = CIRCLE ( 'NONE', #1666, 2.500000000000001776 ) ;
#3139 = PLANE ( 'NONE',  #3256 ) ;
#3140 = ADVANCED_FACE ( 'NONE', ( #5117, #1340 ), #2671, .T. ) ;
#3141 = FACE_OUTER_BOUND ( 'NONE', #4216, .T. ) ;
#3142 = LINE ( 'NONE', #1833, #4734 ) ;
#3143 = CARTESIAN_POINT ( 'NONE',  ( -20.99999999999999289, 58.15100000000000335, 34.28321493267161202 ) ) ;
#3144 = ORIENTED_EDGE ( 'NONE', *, *, #5202, .T. ) ;
#3145 = DIRECTION ( 'NONE',  ( -0.9396926207859085389, -0.3420201433256689350, 0.000000000000000000 ) ) ;
#3146 = CARTESIAN_POINT ( 'NONE',  ( 104.8300000000000125, 54.82100000000000506, 40.29625838435640617 ) ) ;
#3147 = DIRECTION ( 'NONE',  ( -2.926945204235919505E-32, 1.476360405086644309E-16, -1.000000000000000000 ) ) ;
#3148 = ORIENTED_EDGE ( 'NONE', *, *, #2389, .T. ) ;
#3149 = DIRECTION ( 'NONE',  ( 0.000000000000000000, 0.000000000000000000, -1.000000000000000000 ) ) ;
#3150 = ORIENTED_EDGE ( 'NONE', *, *, #475, .F. ) ;
#3151 = DIRECTION ( 'NONE',  ( -1.000000000000000000, 2.775557561562889379E-15, 2.836083292043354011E-31 ) ) ;
#3152 = CIRCLE ( 'NONE', #2202, 2.899999999999992806 ) ;
#3153 = DIRECTION ( 'NONE',  ( -1.000000000000000000, 5.551115123125785858E-15, 0.000000000000000000 ) ) ;
#3154 = ADVANCED_FACE ( 'NONE', ( #1394, #1848, #164, #5091, #608 ), #4705, .T. ) ;
#3155 = ADVANCED_FACE ( 'NONE', ( #984 ), #2976, .F. ) ;
#3156 = ORIENTED_EDGE ( 'NONE', *, *, #2119, .F. ) ;
#3157 = LINE ( 'NONE', #4819, #2585 ) ;
#3158 = ORIENTED_EDGE ( 'NONE', *, *, #2163, .F. ) ;
#3159 = VECTOR ( 'NONE', #2998, 1000.000000000000000 ) ;
#3160 = ORIENTED_EDGE ( 'NONE', *, *, #737, .F. ) ;
#3161 = CARTESIAN_POINT ( 'NONE',  ( -23.49999999999999289, 102.5685032778397243, 36.23134781735996768 ) ) ;
#3162 = FACE_OUTER_BOUND ( 'NONE', #1047, .T. ) ;
#3163 = COLOUR_RGB ( '',0.7921568627450980005, 0.8196078431372548767, 0.9333333333333333481 ) ;
#3164 = DIRECTION ( 'NONE',  ( 1.643610237446544972E-32, 5.125769463828018969E-48, 1.000000000000000000 ) ) ;
#3165 = CYLINDRICAL_SURFACE ( 'NONE', #482, 2.499999999999998668 ) ;
#3166 = VERTEX_POINT ( 'NONE', #2588 ) ;
#3167 = ADVANCED_FACE ( 'NONE', ( #3855, #4238 ), #2556, .F. ) ;
#3168 = CARTESIAN_POINT ( 'NONE',  ( 30.99999999999999645, 45.90100000000001756, -30.00000000000000711 ) ) ;
#3169 = VERTEX_POINT ( 'NONE', #1367 ) ;
#3170 = AXIS2_PLACEMENT_3D ( 'NONE', #2485, #1703, #4498 ) ;
#3171 = CARTESIAN_POINT ( 'NONE',  ( 43.50000000000000711, 111.4009999999999962, 8.000000000000000000 ) ) ;
#3172 = EDGE_LOOP ( 'NONE', ( #4923, #2330, #3029, #4268 ) ) ;
#3173 = CARTESIAN_POINT ( 'NONE',  ( -25.99999999999999645, 68.65100000000001046, 7.999999999999994671 ) ) ;
#3174 = DIRECTION ( 'NONE',  ( 1.000000000000000000, 0.000000000000000000, 0.000000000000000000 ) ) ;
#3175 = CIRCLE ( 'NONE', #5083, 2.500000000000000444 ) ;
#3176 = ORIENTED_EDGE ( 'NONE', *, *, #4348, .T. ) ;
#3177 = CARTESIAN_POINT ( 'NONE',  ( -7.500000000000000000, 55.15099999999999625, 8.000000000000000000 ) ) ;
#3178 = ORIENTED_EDGE ( 'NONE', *, *, #3591, .F. ) ;
#3179 = CARTESIAN_POINT ( 'NONE',  ( -23.00000000000000000, 58.75893323046473427, 36.88282077005784032 ) ) ;
#3180 = DIRECTION ( 'NONE',  ( 0.000000000000000000, 0.000000000000000000, -1.000000000000000000 ) ) ;
#3181 = AXIS2_PLACEMENT_3D ( 'NONE', #1938, #3597, #3196 ) ;
#3182 = ORIENTED_EDGE ( 'NONE', *, *, #3553, .T. ) ;
#3183 = ORIENTED_EDGE ( 'NONE', *, *, #4411, .F. ) ;
#3184 = CARTESIAN_POINT ( 'NONE',  ( 104.8300000000000125, 57.52100000000000080, 40.29625838435640617 ) ) ;
#3185 = EDGE_LOOP ( 'NONE', ( #1766, #5231, #3341, #2043 ) ) ;
#3186 = ORIENTED_EDGE ( 'NONE', *, *, #4865, .F. ) ;
#3187 = ADVANCED_FACE ( 'NONE', ( #4679 ), #958, .F. ) ;
#3188 = CARTESIAN_POINT ( 'NONE',  ( 45.50000000000000000, 112.4009999999999962, -2.500000000000000000 ) ) ;
#3189 = DIRECTION ( 'NONE',  ( -0.000000000000000000, -0.000000000000000000, 1.000000000000000000 ) ) ;
#3190 = CARTESIAN_POINT ( 'NONE',  ( -26.00000000000000355, 88.65100000000001046, 9.035533905932739529 ) ) ;
#3191 = CIRCLE ( 'NONE', #851, 2.500000000000002220 ) ;
#3192 = PLANE ( 'NONE',  #2760 ) ;
#3193 = ORIENTED_EDGE ( 'NONE', *, *, #5169, .T. ) ;
#3194 = DIRECTION ( 'NONE',  ( 1.042677680898292906E-32, -9.842402700577632017E-17, 1.000000000000000000 ) ) ;
#3195 = EDGE_CURVE ( 'NONE', #4512, #3233, #4767, .T. ) ;
#3196 = DIRECTION ( 'NONE',  ( 0.000000000000000000, 0.000000000000000000, 1.000000000000000000 ) ) ;
#3197 = ORIENTED_EDGE ( 'NONE', *, *, #4651, .F. ) ;
#3198 = EDGE_CURVE ( 'NONE', #1920, #329, #4642, .T. ) ;
#3199 = CARTESIAN_POINT ( 'NONE',  ( 2.500000000000007105, 3.061616997868381662E-16, 10.50000000000000000 ) ) ;
#3200 = VERTEX_POINT ( 'NONE', #218 ) ;
#3201 = CARTESIAN_POINT ( 'NONE',  ( 0.000000000000000000, 52.65099999999999625, 10.50000000000000178 ) ) ;
#3202 = DIRECTION ( 'NONE',  ( -1.000000000000000000, -0.000000000000000000, -0.000000000000000000 ) ) ;
#3203 = VERTEX_POINT ( 'NONE', #4349 ) ;
#3204 = CARTESIAN_POINT ( 'NONE',  ( -36.00000000000001421, 116.4009999999999820, 8.000000000000000000 ) ) ;
#3205 = VERTEX_POINT ( 'NONE', #3108 ) ;
#3206 = AXIS2_PLACEMENT_3D ( 'NONE', #210, #4699, #2634 ) ;
#3207 = CIRCLE ( 'NONE', #426, 2.500000000000002220 ) ;
#3208 = DIRECTION ( 'NONE',  ( 4.921201350288814159E-17, 1.000000000000000000, 1.476360405086644309E-16 ) ) ;
#3209 = CARTESIAN_POINT ( 'NONE',  ( -23.49999999999998934, 94.70125365407955087, 19.70969492188373096 ) ) ;
#3210 = ORIENTED_EDGE ( 'NONE', *, *, #2630, .T. ) ;
#3211 = ORIENTED_EDGE ( 'NONE', *, *, #2697, .T. ) ;
#3212 = DIRECTION ( 'NONE',  ( 0.000000000000000000, 1.000000000000000000, 0.000000000000000000 ) ) ;
#3213 = DIRECTION ( 'NONE',  ( 0.000000000000000000, 0.000000000000000000, -1.000000000000000000 ) ) ;
#3214 = CARTESIAN_POINT ( 'NONE',  ( 34.00000000000000711, 83.65099999999999625, 13.99999999999999822 ) ) ;
#3215 = DIRECTION ( 'NONE',  ( 1.000000000000000000, 0.000000000000000000, 0.000000000000000000 ) ) ;
#3216 = ORIENTED_EDGE ( 'NONE', *, *, #872, .F. ) ;
#3217 = DIRECTION ( 'NONE',  ( 0.000000000000000000, 0.000000000000000000, -1.000000000000000000 ) ) ;
#3218 = CARTESIAN_POINT ( 'NONE',  ( 30.99999999999999645, 45.90100000000001046, -30.00000000000000711 ) ) ;
#3219 = ADVANCED_FACE ( 'NONE', ( #635 ), #2289, .F. ) ;
#3220 = EDGE_CURVE ( 'NONE', #3708, #4323, #4983, .T. ) ;
#3221 = EDGE_LOOP ( 'NONE', ( #990, #2583 ) ) ;
#3222 = LINE ( 'NONE', #3710, #746 ) ;
#3223 = ORIENTED_EDGE ( 'NONE', *, *, #4452, .T. ) ;
#3224 = DIRECTION ( 'NONE',  ( -9.842402700577632017E-17, 1.000000000000000000, 1.476360405086644309E-16 ) ) ;
#3225 = DIRECTION ( 'NONE',  ( 1.000000000000000000, 0.000000000000000000, 0.000000000000000000 ) ) ;
#3226 = ORIENTED_EDGE ( 'NONE', *, *, #5248, .T. ) ;
#3227 = CARTESIAN_POINT ( 'NONE',  ( 45.50000000000000711, 52.40099999999998204, 0.000000000000000000 ) ) ;
#3228 = ORIENTED_EDGE ( 'NONE', *, *, #5255, .T. ) ;
#3229 = CARTESIAN_POINT ( 'NONE',  ( 34.00000000000001421, 83.65099999999999625, -11.81408373251029609 ) ) ;
#3230 = EDGE_CURVE ( 'NONE', #3581, #3574, #2433, .T. ) ;
#3231 = CARTESIAN_POINT ( 'NONE',  ( -28.49999999999999289, 0.000000000000000000, 8.000000000000000000 ) ) ;
#3232 = CARTESIAN_POINT ( 'NONE',  ( 1.042677680905101072E-35, 102.0809999999999746, -30.00000000000000000 ) ) ;
#3233 = VERTEX_POINT ( 'NONE', #830 ) ;
#3234 = EDGE_LOOP ( 'NONE', ( #349, #2559, #2460, #1210 ) ) ;
#3235 = CARTESIAN_POINT ( 'NONE',  ( -23.49999999999999289, 97.71155619139099713, 29.46847085635270957 ) ) ;
#3236 = CARTESIAN_POINT ( 'NONE',  ( -0.000000000000000000, 104.1510000000000105, 8.000000000000000000 ) ) ;
#3237 = CARTESIAN_POINT ( 'NONE',  ( -25.99999999999999645, 88.65099999999999625, 10.50000000000000178 ) ) ;
#3238 = AXIS2_PLACEMENT_3D ( 'NONE', #419, #5045, #2082 ) ;
#3239 = CARTESIAN_POINT ( 'NONE',  ( 48.00000000000000000, 45.90100000000001756, -25.00000000000000355 ) ) ;
#3240 = ORIENTED_EDGE ( 'NONE', *, *, #1675, .F. ) ;
#3241 = CARTESIAN_POINT ( 'NONE',  ( -36.00000000000001421, 116.4009999999999820, 8.000000000000000000 ) ) ;
#3242 = EDGE_CURVE ( 'NONE', #4930, #3934, #418, .T. ) ;
#3243 = DIRECTION ( 'NONE',  ( 1.000000000000000000, 1.296057769407960984E-16, 0.000000000000000000 ) ) ;
#3244 = VECTOR ( 'NONE', #4475, 1000.000000000000000 ) ;
#3245 = CARTESIAN_POINT ( 'NONE',  ( 1.521588410824398322E-13, 54.82100000000017559, 40.29625838435640617 ) ) ;
#3246 = VERTEX_POINT ( 'NONE', #474 ) ;
#3247 = CARTESIAN_POINT ( 'NONE',  ( -20.99999999999999645, 68.65099999999999625, 7.999999999999994671 ) ) ;
#3248 = ORIENTED_EDGE ( 'NONE', *, *, #2812, .T. ) ;
#3250 = AXIS2_PLACEMENT_3D ( 'NONE', #1979, #3259, #2967 ) ;
#3249 = DIRECTION ( 'NONE',  ( 0.000000000000000000, 0.000000000000000000, -1.000000000000000000 ) ) ;
#3251 = DIRECTION ( 'NONE',  ( -1.042677680898292906E-32, 9.842402700577632017E-17, -1.000000000000000000 ) ) ;
#3252 = ORIENTED_EDGE ( 'NONE', *, *, #672, .F. ) ;
#3253 = ADVANCED_FACE ( 'NONE', ( #4084 ), #1298, .T. ) ;
#3254 = CARTESIAN_POINT ( 'NONE',  ( 109.8300000000000125, 60.22100000000001785, -30.00000000000000711 ) ) ;
#3255 = FACE_BOUND ( 'NONE', #4559, .T. ) ;
#3256 = AXIS2_PLACEMENT_3D ( 'NONE', #4405, #2731, #4381 ) ;
#3257 = ORIENTED_EDGE ( 'NONE', *, *, #5125, .F. ) ;
#3258 = AXIS2_PLACEMENT_3D ( 'NONE', #4109, #4878, #4080 ) ;
#3259 = DIRECTION ( 'NONE',  ( -0.000000000000000000, -0.000000000000000000, 1.000000000000000000 ) ) ;
#3260 = AXIS2_PLACEMENT_3D ( 'NONE', #834, #2488, #11 ) ;
#3261 = CIRCLE ( 'NONE', #4207, 2.899999999999992806 ) ;
#3262 = CARTESIAN_POINT ( 'NONE',  ( -5.000000000000000000, 46.36350000000002325, 10.49999999999999467 ) ) ;
#3263 = EDGE_CURVE ( 'NONE', #3205, #3982, #1352, .T. ) ;
#3264 = CARTESIAN_POINT ( 'NONE',  ( 124.0000000000000142, 113.4010000000000247, -30.00000000000000711 ) ) ;
#3265 = ORIENTED_EDGE ( 'NONE', *, *, #4586, .T. ) ;
#3266 = ORIENTED_EDGE ( 'NONE', *, *, #4963, .F. ) ;
#3267 = CARTESIAN_POINT ( 'NONE',  ( -23.49999999999999289, 98.34458885326364452, 30.75814963673377633 ) ) ;
#3268 = CARTESIAN_POINT ( 'NONE',  ( -20.99999999999999289, 106.8723349411463488, 35.50000000000000000 ) ) ;
#3269 = LINE ( 'NONE', #1646, #2221 ) ;
#3270 = AXIS2_PLACEMENT_3D ( 'NONE', #3013, #2601, #5160 ) ;
#3271 = DIRECTION ( 'NONE',  ( 1.000000000000000000, 0.000000000000000000, 0.000000000000000000 ) ) ;
#3272 = CARTESIAN_POINT ( 'NONE',  ( -20.99999999999999289, 104.1510000000000105, 58.00000000000000000 ) ) ;
#3273 = DIRECTION ( 'NONE',  ( 1.042677680898292906E-32, -9.842402700577632017E-17, 1.000000000000000000 ) ) ;
#3274 = DIRECTION ( 'NONE',  ( 1.296057769407959998E-16, -1.000000000000000000, 0.000000000000000000 ) ) ;
#3275 = CARTESIAN_POINT ( 'NONE',  ( -23.83290787939733590, 55.16773819648663135, 38.00006548119631589 ) ) ;
#3276 = VECTOR ( 'NONE', #2617, 1000.000000000000000 ) ;
#3277 = ORIENTED_EDGE ( 'NONE', *, *, #3859, .F. ) ;
#3278 = CIRCLE ( 'NONE', #411, 2.700000000000001066 ) ;
#3279 = CYLINDRICAL_SURFACE ( 'NONE', #302, 2.500000000000000000 ) ;
#3280 = LINE ( 'NONE', #5272, #1449 ) ;
#3281 = DIRECTION ( 'NONE',  ( 1.000000000000000000, 0.000000000000000000, 0.000000000000000000 ) ) ;
#3282 = VERTEX_POINT ( 'NONE', #887 ) ;
#3283 = VECTOR ( 'NONE', #2606, 1000.000000000000000 ) ;
#3284 = DIRECTION ( 'NONE',  ( -1.000000000000000000, -0.000000000000000000, -0.000000000000000000 ) ) ;
#3285 = ORIENTED_EDGE ( 'NONE', *, *, #3893, .F. ) ;
#3286 = CARTESIAN_POINT ( 'NONE',  ( -23.49999999999999645, 55.15099999999999625, 58.00000000000000000 ) ) ;
#3287 = DIRECTION ( 'NONE',  ( 0.000000000000000000, 1.000000000000000000, 0.000000000000000000 ) ) ;
#3288 = CIRCLE ( 'NONE', #4675, 2.899999999999999911 ) ;
#3289 = EDGE_CURVE ( 'NONE', #733, #3393, #4778, .T. ) ;
#3290 = ADVANCED_FACE ( 'NONE', ( #1676 ), #3789, .F. ) ;
#3291 = DIRECTION ( 'NONE',  ( 1.000000000000000000, 0.000000000000000000, 0.000000000000000000 ) ) ;
#3292 = ORIENTED_EDGE ( 'NONE', *, *, #2491, .T. ) ;
#3293 = CARTESIAN_POINT ( 'NONE',  ( -21.00000000000454037, 98.34458885379514470, 30.75814963647061617 ) ) ;
#3294 = CARTESIAN_POINT ( 'NONE',  ( -26.50000000000000000, 101.1510000000000105, 8.000000000000000000 ) ) ;
#3295 = DIRECTION ( 'NONE',  ( 1.000000000000000000, 1.296057769407959998E-16, -0.000000000000000000 ) ) ;
#3296 = DIRECTION ( 'NONE',  ( 0.000000000000000000, 1.000000000000000000, 0.000000000000000000 ) ) ;
#3297 = EDGE_LOOP ( 'NONE', ( #1496, #3830, #282, #2357 ) ) ;
#3298 = CARTESIAN_POINT ( 'NONE',  ( 24.96446609406727291, 111.3654660940672585, 8.967268572796496801E-17 ) ) ;
#3299 = EDGE_CURVE ( 'NONE', #3777, #2712, #61, .T. ) ;
#3300 = LINE ( 'NONE', #4969, #4825 ) ;
#3301 = CARTESIAN_POINT ( 'NONE',  ( -5.000000000000000000, 45.90099999999999625, 10.50000000000000000 ) ) ;
#3302 = ORIENTED_EDGE ( 'NONE', *, *, #4347, .F. ) ;
#3303 = CARTESIAN_POINT ( 'NONE',  ( 48.00000000000000711, 45.90100000000001756, 7.999999999999991118 ) ) ;
#3304 = CARTESIAN_POINT ( 'NONE',  ( 57.57000000000000028, 54.82100000000001216, 40.29625838435640617 ) ) ;
#3305 = DIRECTION ( 'NONE',  ( -1.042677680898292906E-32, 9.842402700577632017E-17, -1.000000000000000000 ) ) ;
#3306 = ORIENTED_EDGE ( 'NONE', *, *, #298, .F. ) ;
#3307 = EDGE_LOOP ( 'NONE', ( #5355, #3889, #3468, #4297, #3144, #2672, #4314 ) ) ;
#3308 = DIRECTION ( 'NONE',  ( 0.000000000000000000, 0.000000000000000000, -1.000000000000000000 ) ) ;
#3309 = CARTESIAN_POINT ( 'NONE',  ( -26.50000000000000000, 101.1510000000000105, 5.199999999999999289 ) ) ;
#3310 = VECTOR ( 'NONE', #4966, 1000.000000000000000 ) ;
#3311 = VERTEX_POINT ( 'NONE', #804 ) ;
#3312 =( BOUNDED_CURVE ( )  B_SPLINE_CURVE ( 3, ( #4535, #3721, #5386, #3662 ),
 .UNSPECIFIED., .F., .F. ) 
 B_SPLINE_CURVE_WITH_KNOTS ( ( 4, 4 ),
 ( 0.3490658503988667283, 1.570796326794899223 ),
 .UNSPECIFIED. ) 
 CURVE ( )  GEOMETRIC_REPRESENTATION_ITEM ( )  RATIONAL_B_SPLINE_CURVE ( ( 1.000000000000000000, 0.8794346961926609030, 0.8794346961926609030, 1.000000000000000000 ) ) 
 REPRESENTATION_ITEM ( '' )  );
#3313 = CARTESIAN_POINT ( 'NONE',  ( 34.00000000000000711, 81.15099999999998204, -12.00000000000000000 ) ) ;
#3314 = CARTESIAN_POINT ( 'NONE',  ( -25.99999999999999645, 93.65099999999999625, 58.00000000000000000 ) ) ;
#3315 = EDGE_CURVE ( 'NONE', #4402, #2020, #2041, .T. ) ;
#3316 = CARTESIAN_POINT ( 'NONE',  ( 45.50000000000000711, 52.40099999999998204, -2.500000000000000000 ) ) ;
#3317 = LINE ( 'NONE', #355, #692 ) ;
#3318 = ORIENTED_EDGE ( 'NONE', *, *, #2503, .T. ) ;
#3319 = EDGE_CURVE ( 'NONE', #184, #3862, #1268, .T. ) ;
#3320 = CARTESIAN_POINT ( 'NONE',  ( -23.49999999999999289, 99.86548206673610650, 33.28565411463654300 ) ) ;
#3321 = DIRECTION ( 'NONE',  ( 1.000000000000000000, 1.968480540115525171E-16, 0.000000000000000000 ) ) ;
#3322 = DIRECTION ( 'NONE',  ( 0.000000000000000000, 0.000000000000000000, -1.000000000000000000 ) ) ;
#3323 = EDGE_LOOP ( 'NONE', ( #2178, #343 ) ) ;
#3324 = CARTESIAN_POINT ( 'NONE',  ( -25.99999999999998934, 68.65100000000001046, 23.07996278361476072 ) ) ;
#3325 = VECTOR ( 'NONE', #888, 1000.000000000000000 ) ;
#3326 = LINE ( 'NONE', #4943, #987 ) ;
#3327 = FACE_OUTER_BOUND ( 'NONE', #4577, .T. ) ;
#3328 = EDGE_CURVE ( 'NONE', #3779, #2685, #4110, .T. ) ;
#3329 = FACE_OUTER_BOUND ( 'NONE', #4454, .T. ) ;
#3330 = CYLINDRICAL_SURFACE ( 'NONE', #2545, 2.999999999999999112 ) ;
#3331 = ORIENTED_EDGE ( 'NONE', *, *, #3104, .F. ) ;
#3332 = CARTESIAN_POINT ( 'NONE',  ( 20.20000000000000284, 61.15099999999999625, 8.000000000000000000 ) ) ;
#3333 = FACE_OUTER_BOUND ( 'NONE', #170, .T. ) ;
#3334 = ORIENTED_EDGE ( 'NONE', *, *, #4154, .F. ) ;
#3335 = AXIS2_PLACEMENT_3D ( 'NONE', #791, #322, #2891 ) ;
#3336 = LINE ( 'NONE', #46, #3283 ) ;
#3337 = CYLINDRICAL_SURFACE ( 'NONE', #1128, 3.499999999999999556 ) ;
#3338 = VERTEX_POINT ( 'NONE', #390 ) ;
#3339 = AXIS2_PLACEMENT_3D ( 'NONE', #4608, #33, #781 ) ;
#3340 = DIRECTION ( 'NONE',  ( 3.118604001756057426E-16, -1.000000000000000000, 0.000000000000000000 ) ) ;
#3341 = ORIENTED_EDGE ( 'NONE', *, *, #5054, .F. ) ;
#3342 = CIRCLE ( 'NONE', #1186, 3.499999999999999556 ) ;
#3343 = CARTESIAN_POINT ( 'NONE',  ( -23.49999999999999289, 93.98670197844816698, 14.79511704059623334 ) ) ;
#3344 = DIRECTION ( 'NONE',  ( -0.000000000000000000, -0.000000000000000000, 1.000000000000000000 ) ) ;
#3345 = FACE_BOUND ( 'NONE', #5383, .T. ) ;
#3346 = VERTEX_POINT ( 'NONE', #2109 ) ;
#3347 = ADVANCED_FACE ( 'NONE', ( #859 ), #2513, .F. ) ;
#3348 = LINE ( 'NONE', #2929, #2580 ) ;
#3349 = ORIENTED_EDGE ( 'NONE', *, *, #2517, .T. ) ;
#3350 = ORIENTED_EDGE ( 'NONE', *, *, #330, .T. ) ;
#3351 = CARTESIAN_POINT ( 'NONE',  ( 0.000000000000000000, 61.65099999999999625, -18.50000000000001776 ) ) ;
#3352 = DIRECTION ( 'NONE',  ( -0.000000000000000000, 0.000000000000000000, 1.000000000000000000 ) ) ;
#3353 = AXIS2_PLACEMENT_3D ( 'NONE', #3227, #4068, #4421 ) ;
#3354 = ADVANCED_FACE ( 'NONE', ( #2053 ), #4910, .F. ) ;
#3355 = DIRECTION ( 'NONE',  ( 0.000000000000000000, 0.000000000000000000, 1.000000000000000000 ) ) ;
#3356 = LINE ( 'NONE', #5025, #5174 ) ;
#3357 = EDGE_CURVE ( 'NONE', #127, #3056, #3300, .T. ) ;
#3358 = FILL_AREA_STYLE ('',( #5077 ) ) ;
#3359 = ADVANCED_FACE ( 'NONE', ( #4139 ), #1814, .F. ) ;
#3360 = DIRECTION ( 'NONE',  ( -0.000000000000000000, -0.000000000000000000, 1.000000000000000000 ) ) ;
#3361 = ORIENTED_EDGE ( 'NONE', *, *, #3092, .T. ) ;
#3362 = EDGE_CURVE ( 'NONE', #2354, #4003, #2412, .T. ) ;
#3363 = CIRCLE ( 'NONE', #4054, 6.299999999999999822 ) ;
#3364 = DIRECTION ( 'NONE',  ( -1.000000000000000000, 0.000000000000000000, 0.000000000000000000 ) ) ;
#3365 = FACE_OUTER_BOUND ( 'NONE', #106, .T. ) ;
#3366 = VECTOR ( 'NONE', #1441, 1000.000000000000000 ) ;
#3367 = DIRECTION ( 'NONE',  ( 1.000000000000000000, 0.000000000000000000, 0.000000000000000000 ) ) ;
#3368 = EDGE_CURVE ( 'NONE', #1092, #14, #2825, .T. ) ;
#3369 = VERTEX_POINT ( 'NONE', #1543 ) ;
#3370 = CARTESIAN_POINT ( 'NONE',  ( 45.50000000000002132, 112.4009999999999962, -11.02195169601917257 ) ) ;
#3371 = EDGE_LOOP ( 'NONE', ( #2315, #3583, #2504, #4920 ) ) ;
#3372 = LINE ( 'NONE', #523, #3072 ) ;
#3373 = FACE_OUTER_BOUND ( 'NONE', #2542, .T. ) ;
#3374 = CARTESIAN_POINT ( 'NONE',  ( 57.57000000000000028, 57.52099999999999369, -18.50000000000001776 ) ) ;
#3375 = DIRECTION ( 'NONE',  ( 0.000000000000000000, 0.000000000000000000, 1.000000000000000000 ) ) ;
#3376 = EDGE_LOOP ( 'NONE', ( #224, #5391 ) ) ;
#3377 = ORIENTED_EDGE ( 'NONE', *, *, #3529, .F. ) ;
#3378 = CARTESIAN_POINT ( 'NONE',  ( -20.99999999999999289, 63.73942434645282873, 24.74317597930497570 ) ) ;
#3379 = CARTESIAN_POINT ( 'NONE',  ( -36.00000000000001421, 116.4009999999999820, 0.000000000000000000 ) ) ;
#3380 = LINE ( 'NONE', #4634, #1616 ) ;
#3381 = LINE ( 'NONE', #511, #3950 ) ;
#3382 = ADVANCED_FACE ( 'NONE', ( #4063 ), #2797, .T. ) ;
#3383 = EDGE_CURVE ( 'NONE', #367, #1049, #395, .T. ) ;
#3384 = DIRECTION ( 'NONE',  ( -1.000000000000000000, -0.000000000000000000, -0.000000000000000000 ) ) ;
#3385 = ORIENTED_EDGE ( 'NONE', *, *, #2968, .F. ) ;
#3386 = AXIS2_PLACEMENT_3D ( 'NONE', #2603, #1408, #3795 ) ;
#3387 = CARTESIAN_POINT ( 'NONE',  ( -35.49999999999998579, 73.65100000000001046, 10.50000000000001599 ) ) ;
#3388 = CARTESIAN_POINT ( 'NONE',  ( 45.50000000000000711, 71.80489787474886043, 0.000000000000000000 ) ) ;
#3389 = DIRECTION ( 'NONE',  ( -0.000000000000000000, -0.000000000000000000, 1.000000000000000000 ) ) ;
#3390 = DIRECTION ( 'NONE',  ( -0.000000000000000000, -0.000000000000000000, 1.000000000000000000 ) ) ;
#3391 = EDGE_LOOP ( 'NONE', ( #1881, #5276, #1568 ) ) ;
#3392 = ADVANCED_FACE ( 'NONE', ( #312 ), #3279, .F. ) ;
#3393 = VERTEX_POINT ( 'NONE', #4116 ) ;
#3394 = CARTESIAN_POINT ( 'NONE',  ( 43.50000000000001421, 50.90099999999998914, 8.000000000000000000 ) ) ;
#3395 = DIRECTION ( 'NONE',  ( 1.000000000000000000, 0.000000000000000000, 0.000000000000000000 ) ) ;
#3396 = DIRECTION ( 'NONE',  ( -1.927470528863118802E-16, 1.000000000000000000, 0.000000000000000000 ) ) ;
#3397 = ORIENTED_EDGE ( 'NONE', *, *, #2491, .F. ) ;
#3398 = DIRECTION ( 'NONE',  ( 0.9396926207859083169, -0.3420201433256693790, 0.000000000000000000 ) ) ;
#3399 = EDGE_LOOP ( 'NONE', ( #2100, #4858, #2398, #5070 ) ) ;
#3400 = ORIENTED_EDGE ( 'NONE', *, *, #2143, .T. ) ;
#3401 = CARTESIAN_POINT ( 'NONE',  ( -20.99999999999999645, 64.59044380914050976, 29.46847085661247334 ) ) ;
#3402 = CARTESIAN_POINT ( 'NONE',  ( -5.000000000000000000, 107.1510000000000105, 10.50000000000000178 ) ) ;
#3403 = CARTESIAN_POINT ( 'NONE',  ( 109.8300000000000125, 102.0809999999999889, -18.50000000000001776 ) ) ;
#3404 = CYLINDRICAL_SURFACE ( 'NONE', #917, 2.500000000000000444 ) ;
#3405 = VECTOR ( 'NONE', #5124, 1000.000000000000000 ) ;
#3406 = DIRECTION ( 'NONE',  ( 4.921201350288814159E-17, 1.000000000000000000, 1.476360405086644309E-16 ) ) ;
#3407 = CARTESIAN_POINT ( 'NONE',  ( 124.0000000000000284, 71.15100000000001046, -11.99999999999999467 ) ) ;
#3408 = ORIENTED_EDGE ( 'NONE', *, *, #4674, .T. ) ;
#3409 = AXIS2_PLACEMENT_3D ( 'NONE', #1560, #5232, #719 ) ;
#3410 = EDGE_CURVE ( 'NONE', #1178, #3489, #3678, .T. ) ;
#3411 = DIRECTION ( 'NONE',  ( 1.000000000000000000, -2.775557561562892929E-15, -0.000000000000000000 ) ) ;
#3412 = DIRECTION ( 'NONE',  ( 1.000000000000000000, 9.637352644315600173E-17, 0.000000000000000000 ) ) ;
#3413 = CARTESIAN_POINT ( 'NONE',  ( -23.50000000000000000, 67.60074634592047005, 19.70969492188373451 ) ) ;
#3414 = AXIS2_PLACEMENT_3D ( 'NONE', #5329, #1600, #2061 ) ;
#3415 = CARTESIAN_POINT ( 'NONE',  ( 45.50000000000000711, 52.40099999999998914, 0.000000000000000000 ) ) ;
#3416 = VERTEX_POINT ( 'NONE', #2056 ) ;
#3417 = CARTESIAN_POINT ( 'NONE',  ( -22.84354583259122862, 104.1510000000000105, 37.15735724943470331 ) ) ;
#3418 = PLANE ( 'NONE',  #866 ) ;
#3419 = CARTESIAN_POINT ( 'NONE',  ( -25.99999999999999645, 81.15099999999999625, 35.10000000000002274 ) ) ;
#3420 = EDGE_CURVE ( 'NONE', #4810, #3015, #3222, .T. ) ;
#3421 = ORIENTED_EDGE ( 'NONE', *, *, #4545, .T. ) ;
#3422 = VECTOR ( 'NONE', #2699, 1000.000000000000000 ) ;
#3423 = ORIENTED_EDGE ( 'NONE', *, *, #1589, .F. ) ;
#3424 = DIRECTION ( 'NONE',  ( -0.7071067811865469066, 8.659560562354926695E-17, 0.7071067811865482389 ) ) ;
#3425 = VERTEX_POINT ( 'NONE', #2436 ) ;
#3426 = ORIENTED_EDGE ( 'NONE', *, *, #1345, .F. ) ;
#3427 = AXIS2_PLACEMENT_3D ( 'NONE', #3544, #645, #1378 ) ;
#3428 = CARTESIAN_POINT ( 'NONE',  ( -20.99999999999999645, 60.05953570906009276, 35.95628593309314880 ) ) ;
#3429 = CARTESIAN_POINT ( 'NONE',  ( -0.4514269561257756580, 45.90099999999996783, -8.613739454362045578 ) ) ;
#3430 = CARTESIAN_POINT ( 'NONE',  ( 28.36916010939267707, 116.4010000000000105, -10.12416242009921774 ) ) ;
#3431 = DIRECTION ( 'NONE',  ( -0.000000000000000000, -0.000000000000000000, 1.000000000000000000 ) ) ;
#3432 = FACE_OUTER_BOUND ( 'NONE', #4263, .T. ) ;
#3433 = PLANE ( 'NONE',  #5107 ) ;
#3434 = ORIENTED_EDGE ( 'NONE', *, *, #2630, .F. ) ;
#3435 = CARTESIAN_POINT ( 'NONE',  ( 118.0000000000000284, 71.15100000000001046, -5.799999999999998046 ) ) ;
#3436 = CARTESIAN_POINT ( 'NONE',  ( 42.15000000000000568, 56.15099999999998914, 40.29625838435640617 ) ) ;
#3437 = EDGE_CURVE ( 'NONE', #3934, #1357, #4440, .T. ) ;
#3438 = CARTESIAN_POINT ( 'NONE',  ( -23.50000000000000000, 63.18649666293845968, 32.12881957049456361 ) ) ;
#3439 = VERTEX_POINT ( 'NONE', #4468 ) ;
#3440 = AXIS2_PLACEMENT_3D ( 'NONE', #1154, #2875, #4002 ) ;
#3441 = CARTESIAN_POINT ( 'NONE',  ( -30.00000000000000000, 61.15099999999999625, 0.000000000000000000 ) ) ;
#3442 = ORIENTED_EDGE ( 'NONE', *, *, #2635, .T. ) ;
#3443 = LINE ( 'NONE', #4676, #3584 ) ;
#3444 = ADVANCED_FACE ( 'NONE', ( #368 ), #5324, .F. ) ;
#3445 = EDGE_CURVE ( 'NONE', #1258, #2742, #3691, .T. ) ;
#3446 = LINE ( 'NONE', #2239, #3914 ) ;
#3447 = DIRECTION ( 'NONE',  ( 0.000000000000000000, -0.000000000000000000, 1.000000000000000000 ) ) ;
#3448 = VERTEX_POINT ( 'NONE', #2936 ) ;
#3449 = ORIENTED_EDGE ( 'NONE', *, *, #640, .T. ) ;
#3450 = CARTESIAN_POINT ( 'NONE',  ( -5.000000000000000000, 55.15099999999999625, 10.50000000000000178 ) ) ;
#3451 = VERTEX_POINT ( 'NONE', #2139 ) ;
#3452 = ORIENTED_EDGE ( 'NONE', *, *, #422, .T. ) ;
#3453 = ORIENTED_EDGE ( 'NONE', *, *, #1577, .F. ) ;
#3454 = CARTESIAN_POINT ( 'NONE',  ( -20.99999999999941380, 57.31411242952854934, 37.63518045482496177 ) ) ;
#3455 = CARTESIAN_POINT ( 'NONE',  ( -25.99999999999999645, 81.15099999999999625, 40.89999999999999147 ) ) ;
#3456 = AXIS2_PLACEMENT_3D ( 'NONE', #3805, #4623, #3395 ) ;
#3457 = CARTESIAN_POINT ( 'NONE',  ( 38.00000000000000711, 56.15099999999998914, 40.29625838435640617 ) ) ;
#3458 = DIRECTION ( 'NONE',  ( -0.000000000000000000, -0.000000000000000000, 1.000000000000000000 ) ) ;
#3459 = EDGE_CURVE ( 'NONE', #1443, #1092, #4598, .T. ) ;
#3460 = LINE ( 'NONE', #4336, #1961 ) ;
#3461 = DIRECTION ( 'NONE',  ( 0.000000000000000000, 0.000000000000000000, -1.000000000000000000 ) ) ;
#3462 = APPLICATION_PROTOCOL_DEFINITION ( 'draft international standard', 'automotive_design', 1998, #2135 ) ;
#3463 = EDGE_LOOP ( 'NONE', ( #833, #4048, #1250, #3252 ) ) ;
#3464 = CARTESIAN_POINT ( 'NONE',  ( -20.99999999999999289, 52.65099999999999625, 8.000000000000000000 ) ) ;
#3465 = DIRECTION ( 'NONE',  ( 0.000000000000000000, -0.1819131996109805138, -0.9833145924917902070 ) ) ;
#3466 = LINE ( 'NONE', #1412, #940 ) ;
#3467 = CARTESIAN_POINT ( 'NONE',  ( -25.99999999999999645, 91.15099999999999625, 58.00000000000000000 ) ) ;
#3468 = ORIENTED_EDGE ( 'NONE', *, *, #481, .F. ) ;
#3469 = CARTESIAN_POINT ( 'NONE',  ( 28.00000000000000711, 79.73282924025842533, -25.00000000000000000 ) ) ;
#3470 = EDGE_CURVE ( 'NONE', #1955, #2106, #5046, .T. ) ;
#3471 = CARTESIAN_POINT ( 'NONE',  ( -21.03767399070914124, 104.1510000000000389, 34.92221491272103862 ) ) ;
#3472 = CARTESIAN_POINT ( 'NONE',  ( -1.941592458956798912E-15, 116.2094262274024317, 9.035533905932739529 ) ) ;
#3473 = FACE_OUTER_BOUND ( 'NONE', #4628, .T. ) ;
#3475 = VERTEX_POINT ( 'NONE', #4995 ) ;
#3474 = VECTOR ( 'NONE', #104, 1000.000000000000000 ) ;
#3476 =( BOUNDED_CURVE ( )  B_SPLINE_CURVE ( 3, ( #2836, #1145, #4449, #2807 ),
 .UNSPECIFIED., .F., .F. ) 
 B_SPLINE_CURVE_WITH_KNOTS ( ( 4, 4 ),
 ( 0.000000000000000000, 1.570796326794903219 ),
 .UNSPECIFIED. ) 
 CURVE ( )  GEOMETRIC_REPRESENTATION_ITEM ( )  RATIONAL_B_SPLINE_CURVE ( ( 1.000000000000000000, 0.8047378541243634942, 0.8047378541243634942, 1.000000000000000000 ) ) 
 REPRESENTATION_ITEM ( '' )  );
#3477 = CARTESIAN_POINT ( 'NONE',  ( 81.20000000000000284, 100.6509999999999962, 40.29625838435640617 ) ) ;
#3478 = VERTEX_POINT ( 'NONE', #478 ) ;
#3479 = ORIENTED_EDGE ( 'NONE', *, *, #3263, .F. ) ;
#3480 = ADVANCED_FACE ( 'NONE', ( #2165 ), #3791, .F. ) ;
#3481 = ORIENTED_EDGE ( 'NONE', *, *, #256, .F. ) ;
#3482 = CARTESIAN_POINT ( 'NONE',  ( -23.49999999999999289, 58.62767147737697115, 37.00428780731644451 ) ) ;
#3483 = CARTESIAN_POINT ( 'NONE',  ( -25.99999999999999645, 0.000000000000000000, 58.00000000000000000 ) ) ;
#3484 = CYLINDRICAL_SURFACE ( 'NONE', #4127, 4.150000000000001243 ) ;
#3485 = DIRECTION ( 'NONE',  ( 1.000000000000000000, 9.842402700577634482E-17, 0.000000000000000000 ) ) ;
#3486 = ORIENTED_EDGE ( 'NONE', *, *, #1070, .F. ) ;
#3487 = FACE_OUTER_BOUND ( 'NONE', #2124, .T. ) ;
#3488 = CARTESIAN_POINT ( 'NONE',  ( 45.50000000000000711, 49.90099999999998204, -13.52538256101397351 ) ) ;
#3489 = VERTEX_POINT ( 'NONE', #5024 ) ;
#3490 = ADVANCED_FACE ( 'NONE', ( #3327 ), #1246, .F. ) ;
#3491 = CARTESIAN_POINT ( 'NONE',  ( -22.99999999999998934, 93.90558585219247334, 13.36791604623230789 ) ) ;
#3492 = EDGE_CURVE ( 'NONE', #186, #3850, #3380, .T. ) ;
#3493 = CARTESIAN_POINT ( 'NONE',  ( -23.49999999999999289, 55.02376738115253829, 37.99866761326849485 ) ) ;
#3494 = CARTESIAN_POINT ( 'NONE',  ( 81.20000000000000284, 81.15099999999998204, -30.00000000000000355 ) ) ;
#3495 = ORIENTED_EDGE ( 'NONE', *, *, #2560, .T. ) ;
#3496 = FACE_BOUND ( 'NONE', #901, .T. ) ;
#3497 = VECTOR ( 'NONE', #2682, 1000.000000000000000 ) ;
#3498 = ORIENTED_EDGE ( 'NONE', *, *, #1999, .F. ) ;
#3499 = VECTOR ( 'NONE', #1763, 1000.000000000000000 ) ;
#3500 = CARTESIAN_POINT ( 'NONE',  ( 2.983197022743416908E-13, 107.4810000000002930, -30.00000000000000000 ) ) ;
#3501 = VECTOR ( 'NONE', #1199, 1000.000000000000114 ) ;
#3502 = CARTESIAN_POINT ( 'NONE',  ( -5.000000000000000000, 55.15099999999999625, 10.50000000000000178 ) ) ;
#3503 = DIRECTION ( 'NONE',  ( -1.000000000000000000, 0.000000000000000000, 0.000000000000000000 ) ) ;
#3504 = ORIENTED_EDGE ( 'NONE', *, *, #3242, .F. ) ;
#3505 = AXIS2_PLACEMENT_3D ( 'NONE', #2720, #1501, #187 ) ;
#3506 = PLANE ( 'NONE',  #5018 ) ;
#3507 = ORIENTED_EDGE ( 'NONE', *, *, #3683, .T. ) ;
#3508 = ORIENTED_EDGE ( 'NONE', *, *, #4626, .T. ) ;
#3509 = CARTESIAN_POINT ( 'NONE',  ( -20.99999999999999645, 107.1509999999999962, 38.00000000000000000 ) ) ;
#3510 = AXIS2_PLACEMENT_3D ( 'NONE', #1263, #360, #799 ) ;
#3511 = DIRECTION ( 'NONE',  ( -0.000000000000000000, -0.000000000000000000, 1.000000000000000000 ) ) ;
#3512 = EDGE_CURVE ( 'NONE', #1075, #2647, #1751, .T. ) ;
#3513 = CIRCLE ( 'NONE', #1778, 2.499999999999998668 ) ;
#3514 = CARTESIAN_POINT ( 'NONE',  ( 118.0000000000000142, 91.15099999999999625, -11.99999999999998046 ) ) ;
#3515 = AXIS2_PLACEMENT_3D ( 'NONE', #2539, #943, #1351 ) ;
#3516 = DIRECTION ( 'NONE',  ( 0.000000000000000000, 1.000000000000000000, 0.000000000000000000 ) ) ;
#3517 = AXIS2_PLACEMENT_3D ( 'NONE', #5195, #1840, #4340 ) ;
#3518 = FACE_BOUND ( 'NONE', #5259, .T. ) ;
#3519 = DIRECTION ( 'NONE',  ( 1.000000000000000000, 0.000000000000000000, -1.042677680898292906E-32 ) ) ;
#3520 = EDGE_CURVE ( 'NONE', #928, #3862, #4610, .T. ) ;
#3521 = ORIENTED_EDGE ( 'NONE', *, *, #1327, .F. ) ;
#3522 = DIRECTION ( 'NONE',  ( 0.3420201433256689905, -0.9396926207859084279, 0.000000000000000000 ) ) ;
#3523 = EDGE_CURVE ( 'NONE', #3311, #3203, #534, .T. ) ;
#3524 = CYLINDRICAL_SURFACE ( 'NONE', #1008, 2.500000000000000444 ) ;
#3525 = DIRECTION ( 'NONE',  ( 0.000000000000000000, 1.000000000000000000, 0.000000000000000000 ) ) ;
#3526 = VERTEX_POINT ( 'NONE', #3403 ) ;
#3527 = EDGE_CURVE ( 'NONE', #771, #3811, #3011, .T. ) ;
#3528 = DIRECTION ( 'NONE',  ( 3.936961080231052807E-16, -1.000000000000000000, 0.000000000000000000 ) ) ;
#3529 = EDGE_CURVE ( 'NONE', #2267, #1849, #2083, .T. ) ;
#3530 = ORIENTED_EDGE ( 'NONE', *, *, #4492, .F. ) ;
#3531 = AXIS2_PLACEMENT_3D ( 'NONE', #2421, #5335, #2474 ) ;
#3532 = LINE ( 'NONE', #3500, #4551 ) ;
#3533 = EDGE_CURVE ( 'NONE', #585, #2448, #5178, .T. ) ;
#3534 = CARTESIAN_POINT ( 'NONE',  ( -23.50000000000000355, 101.8614782752589036, 35.60924732429921846 ) ) ;
#3535 = AXIS2_PLACEMENT_3D ( 'NONE', #5369, #5015, #4576 ) ;
#3536 = AXIS2_PLACEMENT_3D ( 'NONE', #705, #1897, #3906 ) ;
#3537 = VERTEX_POINT ( 'NONE', #4661 ) ;
#3538 = CARTESIAN_POINT ( 'NONE',  ( 118.0000000000000142, 91.15099999999999625, -14.89999999999998082 ) ) ;
#3539 = ORIENTED_EDGE ( 'NONE', *, *, #1410, .F. ) ;
#3540 = EDGE_LOOP ( 'NONE', ( #5028, #690 ) ) ;
#3541 = VECTOR ( 'NONE', #3549, 1000.000000000000000 ) ;
#3542 = CARTESIAN_POINT ( 'NONE',  ( -23.49999999999999289, 103.2883642062592031, 36.75813515386687413 ) ) ;
#3543 = DIRECTION ( 'NONE',  ( 0.000000000000000000, -0.000000000000000000, 1.000000000000000000 ) ) ;
#3544 = CARTESIAN_POINT ( 'NONE',  ( 104.8300000000000125, 57.52100000000000080, -18.50000000000001776 ) ) ;
#3545 = CARTESIAN_POINT ( 'NONE',  ( -4.905508869483082047E-15, 50.90099999999998204, -18.50000000000001421 ) ) ;
#3546 = CYLINDRICAL_SURFACE ( 'NONE', #1630, 4.149999999999994138 ) ;
#3547 = ORIENTED_EDGE ( 'NONE', *, *, #1264, .F. ) ;
#3548 = CARTESIAN_POINT ( 'NONE',  ( -22.99999999999999645, 94.56978137960838637, 18.67670580592448104 ) ) ;
#3549 = DIRECTION ( 'NONE',  ( -0.000000000000000000, 1.000000000000000000, -0.000000000000000000 ) ) ;
#3550 = ORIENTED_EDGE ( 'NONE', *, *, #5389, .F. ) ;
#3551 = ORIENTED_EDGE ( 'NONE', *, *, #1787, .T. ) ;
#3552 = ADVANCED_FACE ( 'NONE', ( #861, #4247, #4142, #3736, #420, #2190, #5375, #2907 ), #4554, .T. ) ;
#3553 = EDGE_CURVE ( 'NONE', #975, #2813, #1679, .T. ) ;
#3554 = CARTESIAN_POINT ( 'NONE',  ( 0.000000000000000000, 100.6510000000000105, 40.29625838435640617 ) ) ;
#3555 = ORIENTED_EDGE ( 'NONE', *, *, #1506, .F. ) ;
#3556 = LINE ( 'NONE', #3608, #4993 ) ;
#3557 = CARTESIAN_POINT ( 'NONE',  ( -23.50000000000000355, 100.3786871204372062, 33.95888019031050220 ) ) ;
#3558 = ORIENTED_EDGE ( 'NONE', *, *, #1012, .F. ) ;
#3559 = ADVANCED_FACE ( 'NONE', ( #2683 ), #4748, .F. ) ;
#3560 = CARTESIAN_POINT ( 'NONE',  ( 0.000000000000000000, 60.22100000000001785, 40.29625838435640617 ) ) ;
#3561 = VERTEX_POINT ( 'NONE', #970 ) ;
#3562 = ORIENTED_EDGE ( 'NONE', *, *, #2096, .T. ) ;
#3563 = CARTESIAN_POINT ( 'NONE',  ( -20.99999999999999645, 102.2424642909422232, 35.95628593309545806 ) ) ;
#3564 = CONICAL_SURFACE ( 'NONE', #793, 6.299999999999996270, 0.7853981633974473908 ) ;
#3565 = CARTESIAN_POINT ( 'NONE',  ( 53.00000000000000000, 116.4010000000000105, 8.000000000000000000 ) ) ;
#3566 = DIRECTION ( 'NONE',  ( 1.000000000000000000, 0.000000000000000000, 0.000000000000000000 ) ) ;
#3567 = DIRECTION ( 'NONE',  ( -0.3420201433256689905, -0.9396926207859084279, 0.000000000000000000 ) ) ;
#3568 = PRODUCT_DEFINITION ( 'UNKNOWN', '', #351, #3998 ) ;
#3569 = DIRECTION ( 'NONE',  ( -0.000000000000000000, 0.000000000000000000, 1.000000000000000000 ) ) ;
#3570 = VERTEX_POINT ( 'NONE', #4302 ) ;
#3571 = CARTESIAN_POINT ( 'NONE',  ( -23.00000000000000355, 96.54688109361853776, 26.43125718657834611 ) ) ;
#3572 = DIRECTION ( 'NONE',  ( 2.926945204235919505E-32, -1.476360405086644309E-16, 1.000000000000000000 ) ) ;
#3573 = CARTESIAN_POINT ( 'NONE',  ( 48.00000000000000711, 70.89497228908335558, -25.00000000000000000 ) ) ;
#3574 = VERTEX_POINT ( 'NONE', #2652 ) ;
#3575 = CARTESIAN_POINT ( 'NONE',  ( -20.19999999999999929, 61.15099999999999625, 8.000000000000000000 ) ) ;
#3576 = ORIENTED_EDGE ( 'NONE', *, *, #3459, .T. ) ;
#3577 = EDGE_CURVE ( 'NONE', #3203, #4402, #2744, .T. ) ;
#3578 = CARTESIAN_POINT ( 'NONE',  ( -22.99999999999999289, 68.60048974278318212, 10.68878410616423125 ) ) ;
#3579 = VECTOR ( 'NONE', #3867, 1000.000000000000114 ) ;
#3580 = CARTESIAN_POINT ( 'NONE',  ( -23.49999999999999289, 107.1510000000000105, 38.00000000000000000 ) ) ;
#3581 = VERTEX_POINT ( 'NONE', #198 ) ;
#3582 = DIRECTION ( 'NONE',  ( -1.000000000000000000, 0.000000000000000000, 0.000000000000000000 ) ) ;
#3583 = ORIENTED_EDGE ( 'NONE', *, *, #1280, .T. ) ;
#3584 = VECTOR ( 'NONE', #2611, 1000.000000000000000 ) ;
#3585 = EDGE_CURVE ( 'NONE', #771, #2723, #1860, .T. ) ;
#3586 = ORIENTED_EDGE ( 'NONE', *, *, #442, .T. ) ;
#3587 = ADVANCED_FACE ( 'NONE', ( #1026 ), #3484, .F. ) ;
#3588 = CARTESIAN_POINT ( 'NONE',  ( -23.49999999999999289, 106.0259502640218301, 37.91821875534603237 ) ) ;
#3589 = CARTESIAN_POINT ( 'NONE',  ( 0.000000000000000000, 55.15099999999998914, 58.00000000000000000 ) ) ;
#3590 = CIRCLE ( 'NONE', #3767, 3.499999999999999556 ) ;
#3591 = EDGE_CURVE ( 'NONE', #5069, #2205, #228, .T. ) ;
#3592 = VECTOR ( 'NONE', #817, 999.9999999999998863 ) ;
#3593 = CARTESIAN_POINT ( 'NONE',  ( 26.00000000000001066, 116.4009999999999962, -2.500000000000000000 ) ) ;
#3594 = ORIENTED_EDGE ( 'NONE', *, *, #3527, .F. ) ;
#3595 = DIRECTION ( 'NONE',  ( 0.000000000000000000, 0.000000000000000000, -1.000000000000000000 ) ) ;
#3596 = VECTOR ( 'NONE', #3431, 1000.000000000000000 ) ;
#3597 = DIRECTION ( 'NONE',  ( 0.000000000000000000, 1.000000000000000000, 0.000000000000000000 ) ) ;
#3598 = ORIENTED_EDGE ( 'NONE', *, *, #2803, .F. ) ;
#3599 = DIRECTION ( 'NONE',  ( 1.000000000000000000, 0.000000000000000000, 0.000000000000000000 ) ) ;
#3600 = EDGE_LOOP ( 'NONE', ( #1267, #1538, #1852, #2510 ) ) ;
#3601 = CYLINDRICAL_SURFACE ( 'NONE', #4288, 2.500000000000000444 ) ;
#3602 = DIRECTION ( 'NONE',  ( 0.000000000000000000, 0.000000000000000000, 1.000000000000000000 ) ) ;
#3603 = VECTOR ( 'NONE', #1224, 1000.000000000000000 ) ;
#3604 = VERTEX_POINT ( 'NONE', #2709 ) ;
#3605 = CARTESIAN_POINT ( 'NONE',  ( -0.000000000000000000, 58.15100000000000335, 8.000000000000000000 ) ) ;
#3606 = ORIENTED_EDGE ( 'NONE', *, *, #1701, .F. ) ;
#3607 = ADVANCED_FACE ( 'NONE', ( #3141 ), #4776, .F. ) ;
#3608 = CARTESIAN_POINT ( 'NONE',  ( 28.00000000000000000, 116.4010000000000105, -24.99999999999999289 ) ) ;
#3609 = CARTESIAN_POINT ( 'NONE',  ( 48.00000000000000000, 116.4009999999999962, -13.52538256101397351 ) ) ;
#3610 = CIRCLE ( 'NONE', #3870, 2.899999999999986144 ) ;
#3611 = CARTESIAN_POINT ( 'NONE',  ( 54.86999999999999744, 104.7810000000000059, 40.29625838435640617 ) ) ;
#3612 = ORIENTED_EDGE ( 'NONE', *, *, #2350, .F. ) ;
#3613 = ORIENTED_EDGE ( 'NONE', *, *, #998, .F. ) ;
#3614 = AXIS2_PLACEMENT_3D ( 'NONE', #528, #4351, #4265 ) ;
#3615 = EDGE_CURVE ( 'NONE', #4217, #4067, #3898, .T. ) ;
#3616 = CARTESIAN_POINT ( 'NONE',  ( -23.49999999999999289, 104.9878875738142909, 37.63518044256910144 ) ) ;
#3617 = DIRECTION ( 'NONE',  ( 0.000000000000000000, 0.000000000000000000, -1.000000000000000000 ) ) ;
#3618 = DIRECTION ( 'NONE',  ( -0.000000000000000000, 0.000000000000000000, -1.000000000000000000 ) ) ;
#3619 = AXIS2_PLACEMENT_3D ( 'NONE', #1074, #1636, #2724 ) ;
#3620 = FACE_OUTER_BOUND ( 'NONE', #4429, .T. ) ;
#3621 = AXIS2_PLACEMENT_3D ( 'NONE', #3494, #2692, #3123 ) ;
#3622 = ORIENTED_EDGE ( 'NONE', *, *, #872, .T. ) ;
#3623 = CYLINDRICAL_SURFACE ( 'NONE', #269, 2.700000000000008171 ) ;
#3624 = DIRECTION ( 'NONE',  ( 0.000000000000000000, 1.000000000000000000, 0.000000000000000000 ) ) ;
#3625 = ORIENTED_EDGE ( 'NONE', *, *, #3719, .F. ) ;
#3626 = DIRECTION ( 'NONE',  ( 1.224646799147349263E-16, -1.000000000000000000, 0.000000000000000000 ) ) ;
#3627 = EDGE_CURVE ( 'NONE', #4079, #3962, #3060, .T. ) ;
#3628 = ORIENTED_EDGE ( 'NONE', *, *, #1304, .T. ) ;
#3629 = CARTESIAN_POINT ( 'NONE',  ( 46.35505035831418041, 74.15412942671363794, 0.000000000000000000 ) ) ;
#3630 = FACE_OUTER_BOUND ( 'NONE', #1864, .T. ) ;
#3631 = ORIENTED_EDGE ( 'NONE', *, *, #2339, .T. ) ;
#3632 = CARTESIAN_POINT ( 'NONE',  ( 86.20000000000001705, 81.15099999999998204, -30.00000000000000355 ) ) ;
#3633 = ORIENTED_EDGE ( 'NONE', *, *, #65, .F. ) ;
#3634 = AXIS2_PLACEMENT_3D ( 'NONE', #5336, #2476, #2042 ) ;
#3635 = CARTESIAN_POINT ( 'NONE',  ( 33.76989846125113104, 83.56724988903654605, -12.49855333395590407 ) ) ;
#3636 = CARTESIAN_POINT ( 'NONE',  ( 42.15000000000000568, 56.15099999999998914, -24.99999999999999289 ) ) ;
#3637 = EDGE_CURVE ( 'NONE', #1849, #2364, #2373, .T. ) ;
#3638 = CYLINDRICAL_SURFACE ( 'NONE', #3896, 3.499999999999999556 ) ;
#3639 = ORIENTED_EDGE ( 'NONE', *, *, #2662, .T. ) ;
#3640 = ORIENTED_EDGE ( 'NONE', *, *, #583, .F. ) ;
#3641 = CARTESIAN_POINT ( 'NONE',  ( -25.99999999999999645, 73.65100000000001046, 10.50000000000000178 ) ) ;
#3642 = CARTESIAN_POINT ( 'NONE',  ( 26.50000000000000000, 61.15099999999999625, 8.000000000000000000 ) ) ;
#3643 = LINE ( 'NONE', #5212, #4102 ) ;
#3644 = EDGE_CURVE ( 'NONE', #2477, #4064, #1080, .T. ) ;
#3645 = CARTESIAN_POINT ( 'NONE',  ( 57.56999999999999318, 104.7810000000000059, 40.29625838435640617 ) ) ;
#3646 = ORIENTED_EDGE ( 'NONE', *, *, #1206, .T. ) ;
#3647 = CARTESIAN_POINT ( 'NONE',  ( 121.3000000000000256, 71.15100000000001046, -14.89999999999999503 ) ) ;
#3648 = VECTOR ( 'NONE', #3930, 1000.000000000000000 ) ;
#3649 = DIRECTION ( 'NONE',  ( -1.000000000000000000, -0.000000000000000000, -0.000000000000000000 ) ) ;
#3650 = EDGE_LOOP ( 'NONE', ( #3055, #2995, #4285, #1368 ) ) ;
#3651 = DIRECTION ( 'NONE',  ( 0.000000000000000000, -0.000000000000000000, 1.000000000000000000 ) ) ;
#3652 =( BOUNDED_CURVE ( )  B_SPLINE_CURVE ( 3, ( #1024, #2273, #2597, #5186 ),
 .UNSPECIFIED., .F., .F. ) 
 B_SPLINE_CURVE_WITH_KNOTS ( ( 4, 4 ),
 ( 4.712388980384689674, 6.096925003603028692 ),
 .UNSPECIFIED. ) 
 CURVE ( )  GEOMETRIC_REPRESENTATION_ITEM ( )  RATIONAL_B_SPLINE_CURVE ( ( 1.000000000000000000, 0.8465335726130009952, 0.8465335726130009952, 1.000000000000000000 ) ) 
 REPRESENTATION_ITEM ( '' )  );
#3653 = ORIENTED_EDGE ( 'NONE', *, *, #2188, .F. ) ;
#3654 = DIRECTION ( 'NONE',  ( -1.000000000000000000, -0.000000000000000000, -0.000000000000000000 ) ) ;
#3655 = CARTESIAN_POINT ( 'NONE',  ( 23.50000000000002132, 52.40099999999998204, 0.000000000000000000 ) ) ;
#3656 = ORIENTED_EDGE ( 'NONE', *, *, #4823, .T. ) ;
#3657 = VECTOR ( 'NONE', #798, 1000.000000000000000 ) ;
#3658 = DIRECTION ( 'NONE',  ( 1.000000000000000000, 0.000000000000000000, 0.000000000000000000 ) ) ;
#3659 = EDGE_CURVE ( 'NONE', #3056, #2658, #43, .T. ) ;
#3660 = CARTESIAN_POINT ( 'NONE',  ( -22.99999999999999645, 76.40099999999999625, 58.00000000000000000 ) ) ;
#3661 = EDGE_LOOP ( 'NONE', ( #2676, #4706, #1822, #21, #3136 ) ) ;
#3662 = CARTESIAN_POINT ( 'NONE',  ( 46.35505035831418041, 88.14787057328634035, -22.50000000000000000 ) ) ;
#3663 = DIRECTION ( 'NONE',  ( -0.000000000000000000, -0.000000000000000000, 1.000000000000000000 ) ) ;
#3664 = CARTESIAN_POINT ( 'NONE',  ( 53.00000000000000000, 116.4010000000000105, 0.000000000000000000 ) ) ;
#3665 = ORIENTED_EDGE ( 'NONE', *, *, #1612, .T. ) ;
#3666 = ORIENTED_EDGE ( 'NONE', *, *, #4663, .F. ) ;
#3667 = CARTESIAN_POINT ( 'NONE',  ( -20.99999999999999289, 96.15099999998192004, 9.302541155652486182 ) ) ;
#3668 = CARTESIAN_POINT ( 'NONE',  ( 26.50000000000000000, 101.1510000000000105, 5.199999999999999289 ) ) ;
#3669 = DIRECTION ( 'NONE',  ( 1.000000000000000000, 0.000000000000000000, -0.000000000000000000 ) ) ;
#3670 = AXIS2_PLACEMENT_3D ( 'NONE', #3853, #956, #3024 ) ;
#3671 = CARTESIAN_POINT ( 'NONE',  ( -0.000000000000000000, 58.15100000000000335, 8.000000000000000000 ) ) ;
#3672 = ORIENTED_EDGE ( 'NONE', *, *, #515, .F. ) ;
#3673 = LINE ( 'NONE', #3241, #2614 ) ;
#3674 = DIRECTION ( 'NONE',  ( -9.842402700577629551E-17, 1.000000000000000000, -0.000000000000000000 ) ) ;
#3675 = AXIS2_PLACEMENT_3D ( 'NONE', #4889, #2418, #734 ) ;
#3676 = DIRECTION ( 'NONE',  ( 0.000000000000000000, 0.000000000000000000, -1.000000000000000000 ) ) ;
#3677 = ORIENTED_EDGE ( 'NONE', *, *, #2408, .T. ) ;
#3678 = LINE ( 'NONE', #5298, #5000 ) ;
#3680 = VECTOR ( 'NONE', #1714, 1000.000000000000000 ) ;
#3679 = CARTESIAN_POINT ( 'NONE',  ( 45.50000000000001421, 4.478293228762823775E-15, -2.500000000000000000 ) ) ;
#3681 = CYLINDRICAL_SURFACE ( 'NONE', #2946, 2.700000000000001066 ) ;
#3682 = ORIENTED_EDGE ( 'NONE', *, *, #2934, .T. ) ;
#3683 = EDGE_CURVE ( 'NONE', #1945, #2031, #1445, .T. ) ;
#3684 = EDGE_CURVE ( 'NONE', #2756, #681, #3953, .T. ) ;
#3685 = DIRECTION ( 'NONE',  ( 0.000000000000000000, 0.000000000000000000, -1.000000000000000000 ) ) ;
#3686 = LINE ( 'NONE', #5027, #1663 ) ;
#3687 = VECTOR ( 'NONE', #3674, 1000.000000000000000 ) ;
#3688 = VERTEX_POINT ( 'NONE', #3430 ) ;
#3689 = AXIS2_PLACEMENT_3D ( 'NONE', #4273, #2275, #3899 ) ;
#3690 = CARTESIAN_POINT ( 'NONE',  ( -20.99999999999999289, 107.1510000000000105, 38.00000000000000000 ) ) ;
#3691 = CIRCLE ( 'NONE', #1871, 6.199999999999997513 ) ;
#3692 =( BOUNDED_CURVE ( )  B_SPLINE_CURVE ( 3, ( #2631, #2146, #2989, #948 ),
 .UNSPECIFIED., .F., .F. ) 
 B_SPLINE_CURVE_WITH_KNOTS ( ( 4, 4 ),
 ( 1.221730476396030385, 1.570796326794896780 ),
 .UNSPECIFIED. ) 
 CURVE ( )  GEOMETRIC_REPRESENTATION_ITEM ( )  RATIONAL_B_SPLINE_CURVE ( ( 1.000000000000000000, 0.9898718353414720506, 0.9898718353414720506, 1.000000000000000000 ) ) 
 REPRESENTATION_ITEM ( '' )  );
#3693 = LINE ( 'NONE', #3231, #2147 ) ;
#3694 = PLANE ( 'NONE',  #4410 ) ;
#3695 = ORIENTED_EDGE ( 'NONE', *, *, #4937, .T. ) ;
#3696 = EDGE_CURVE ( 'NONE', #1955, #981, #2942, .T. ) ;
#3697 = ORIENTED_EDGE ( 'NONE', *, *, #1439, .T. ) ;
#3698 = CARTESIAN_POINT ( 'NONE',  ( -20.99999999999319655, 93.98670197836634088, 14.79511704060662325 ) ) ;
#3699 = ADVANCED_FACE ( 'NONE', ( #4688 ), #5126, .T. ) ;
#3700 = CARTESIAN_POINT ( 'NONE',  ( 118.0000000000000142, 111.4010000000000105, -30.00000000000000711 ) ) ;
#3701 = DIRECTION ( 'NONE',  ( -0.9986295347545742773, 0.000000000000000000, 0.05233595624293728432 ) ) ;
#3702 = DIRECTION ( 'NONE',  ( 0.3420201433256689905, 0.9396926207859084279, 0.000000000000000000 ) ) ;
#3703 = CARTESIAN_POINT ( 'NONE',  ( 26.00000000000001066, 112.4009999999999962, 0.000000000000000000 ) ) ;
#3704 = DIRECTION ( 'NONE',  ( -1.000000000000000000, 0.000000000000000000, 0.000000000000000000 ) ) ;
#3705 = CARTESIAN_POINT ( 'NONE',  ( 53.00000000000000000, 116.4010000000000105, 8.000000000000000000 ) ) ;
#3706 = CARTESIAN_POINT ( 'NONE',  ( 118.0000000000000142, 91.15099999999999625, -11.99999999999998046 ) ) ;
#3707 = AXIS2_PLACEMENT_3D ( 'NONE', #1962, #2430, #1215 ) ;
#3708 = VERTEX_POINT ( 'NONE', #2762 ) ;
#3709 = AXIS2_PLACEMENT_3D ( 'NONE', #1140, #5327, #4556 ) ;
#3710 = CARTESIAN_POINT ( 'NONE',  ( 53.00000000000000000, 116.4010000000000105, 7.999999999999857891 ) ) ;
#3712 = ADVANCED_FACE ( 'NONE', ( #362 ), #1935, .F. ) ;
#3711 = CARTESIAN_POINT ( 'NONE',  ( 2.983197022743416908E-13, 107.4810000000002930, -18.50000000000001776 ) ) ;
#3713 = DIRECTION ( 'NONE',  ( -0.000000000000000000, -0.000000000000000000, 1.000000000000000000 ) ) ;
#3714 = VERTEX_POINT ( 'NONE', #2405 ) ;
#3715 = DIRECTION ( 'NONE',  ( 1.000000000000000000, 0.000000000000000000, 0.000000000000000000 ) ) ;
#3716 = CYLINDRICAL_SURFACE ( 'NONE', #2008, 2.499999999999998668 ) ;
#3717 = VECTOR ( 'NONE', #359, 1000.000000000000000 ) ;
#3718 = EDGE_LOOP ( 'NONE', ( #530, #4553, #3695, #4804 ) ) ;
#3719 = EDGE_CURVE ( 'NONE', #2205, #4344, #4664, .T. ) ;
#3720 = LINE ( 'NONE', #3611, #1716 ) ;
#3721 = CARTESIAN_POINT ( 'NONE',  ( 48.00000000000001421, 89.41008482721817074, -24.47744973989406603 ) ) ;
#3722 = CARTESIAN_POINT ( 'NONE',  ( 104.8300000000000125, 104.7810000000000059, 40.29625838435640617 ) ) ;
#3723 = VECTOR ( 'NONE', #5087, 1000.000000000000000 ) ;
#3724 = VECTOR ( 'NONE', #3801, 1000.000000000000000 ) ;
#3725 = CARTESIAN_POINT ( 'NONE',  ( 43.66777391278501597, 87.16978193586903956, 8.946843477700781477 ) ) ;
#3726 = ORIENTED_EDGE ( 'NONE', *, *, #3520, .T. ) ;
#3727 = CARTESIAN_POINT ( 'NONE',  ( -20.99999999999999289, 99.71673653087911759, 27.82395956388908687 ) ) ;
#3728 = DIRECTION ( 'NONE',  ( 1.000000000000000000, 0.000000000000000000, 0.000000000000000000 ) ) ;
#3729 = CARTESIAN_POINT ( 'NONE',  ( 26.00000000000002132, 49.90099999999998914, 0.000000000000000000 ) ) ;
#3730 = EDGE_CURVE ( 'NONE', #4006, #2232, #2063, .T. ) ;
#3731 = EDGE_CURVE ( 'NONE', #623, #78, #4494, .T. ) ;
#3732 = CARTESIAN_POINT ( 'NONE',  ( 34.00000000000000711, 77.54900783466118241, -2.690180571838949410E-16 ) ) ;
#3733 = ORIENTED_EDGE ( 'NONE', *, *, #3952, .T. ) ;
#3734 = DIRECTION ( 'NONE',  ( -1.000000000000000000, 0.000000000000000000, 0.000000000000000000 ) ) ;
#3735 = CARTESIAN_POINT ( 'NONE',  ( -23.66787694494453120, 55.15099999999998914, 38.00000000000000000 ) ) ;
#3736 = FACE_BOUND ( 'NONE', #755, .T. ) ;
#3737 = CARTESIAN_POINT ( 'NONE',  ( -8.219699914209061917E-31, 3.899394657709764419E-15, -25.00000000000001066 ) ) ;
#3738 = FACE_OUTER_BOUND ( 'NONE', #1826, .T. ) ;
#3739 = VERTEX_POINT ( 'NONE', #4078 ) ;
#3740 = CARTESIAN_POINT ( 'NONE',  ( 54.86999999999999744, 104.7810000000000059, -30.00000000000000000 ) ) ;
#3741 = ORIENTED_EDGE ( 'NONE', *, *, #2745, .T. ) ;
#3742 = LINE ( 'NONE', #17, #5280 ) ;
#3743 = CARTESIAN_POINT ( 'NONE',  ( 45.50000000000000711, 109.9009999999999962, 0.000000000000000000 ) ) ;
#3744 = CIRCLE ( 'NONE', #2102, 6.299999999999999822 ) ;
#3745 = CARTESIAN_POINT ( 'NONE',  ( -36.00000000000000711, 86.15099999999999625, 8.000000000000000000 ) ) ;
#3746 = ADVANCED_FACE ( 'NONE', ( #307 ), #4460, .T. ) ;
#3747 = ORIENTED_EDGE ( 'NONE', *, *, #2228, .F. ) ;
#3748 = CARTESIAN_POINT ( 'NONE',  ( 45.50000000000000711, 71.80489787474886043, 13.99999999999999822 ) ) ;
#3749 = ORIENTED_EDGE ( 'NONE', *, *, #2228, .T. ) ;
#3750 = CARTESIAN_POINT ( 'NONE',  ( -20.99999999999095834, 95.08149779945591717, 21.51942900882934140 ) ) ;
#3751 = EDGE_CURVE ( 'NONE', #4420, #2575, #1990, .T. ) ;
#3752 = CARTESIAN_POINT ( 'NONE',  ( -23.76271906028118508, 65.28753404296632823, -25.00000000000000000 ) ) ;
#3753 = CARTESIAN_POINT ( 'NONE',  ( -6.123233995736752477E-17, 104.1510000000000105, 55.50000000000000000 ) ) ;
#3754 = ORIENTED_EDGE ( 'NONE', *, *, #3731, .T. ) ;
#3755 = EDGE_CURVE ( 'NONE', #4848, #3135, #5344, .T. ) ;
#3756 = CARTESIAN_POINT ( 'NONE',  ( 48.00000000000000711, 90.49710212525111785, -24.84923155196476685 ) ) ;
#3757 = ORIENTED_EDGE ( 'NONE', *, *, #5169, .F. ) ;
#3758 = ORIENTED_EDGE ( 'NONE', *, *, #4047, .T. ) ;
#3759 = EDGE_CURVE ( 'NONE', #4866, #1241, #2790, .T. ) ;
#3760 = CARTESIAN_POINT ( 'NONE',  ( 124.0000000000000284, 71.15100000000001046, -11.99999999999999467 ) ) ;
#3761 = ADVANCED_FACE ( 'NONE', ( #5264 ), #4939, .F. ) ;
#3762 = CIRCLE ( 'NONE', #1685, 2.500000000000002220 ) ;
#3763 = LINE ( 'NONE', #4140, #108 ) ;
#3764 = CARTESIAN_POINT ( 'NONE',  ( 33.92209026778527203, 78.67935682348580428, -12.16880441979858496 ) ) ;
#3765 = DIRECTION ( 'NONE',  ( -0.9396926207859082059, -0.3420201433256696011, -0.000000000000000000 ) ) ;
#3766 = ADVANCED_FACE ( 'NONE', ( #2819 ), #1131, .F. ) ;
#3767 = AXIS2_PLACEMENT_3D ( 'NONE', #1561, #3189, #2225 ) ;
#3768 = LINE ( 'NONE', #3841, #4283 ) ;
#3769 = DIRECTION ( 'NONE',  ( -1.296057769407959998E-16, 1.000000000000000000, 0.000000000000000000 ) ) ;
#3770 = ORIENTED_EDGE ( 'NONE', *, *, #1672, .T. ) ;
#3771 = AXIS2_PLACEMENT_3D ( 'NONE', #978, #2632, #4281 ) ;
#3772 = CARTESIAN_POINT ( 'NONE',  ( 102.1299999999999955, 57.52100000000000080, -18.50000000000001776 ) ) ;
#3773 = LINE ( 'NONE', #3436, #3680 ) ;
#3774 = AXIS2_PLACEMENT_3D ( 'NONE', #4653, #1417, #3806 ) ;
#3775 = CARTESIAN_POINT ( 'NONE',  ( 26.50000000000000000, 101.1510000000000105, 8.000000000000000000 ) ) ;
#3776 = VECTOR ( 'NONE', #753, 1000.000000000000000 ) ;
#3777 = VERTEX_POINT ( 'NONE', #1564 ) ;
#3778 = CARTESIAN_POINT ( 'NONE',  ( -2.500000000000000000, 107.1510000000000105, 58.00000000000000000 ) ) ;
#3779 = VERTEX_POINT ( 'NONE', #2347 ) ;
#3780 = AXIS2_PLACEMENT_3D ( 'NONE', #153, #3097, #4756 ) ;
#3781 = CARTESIAN_POINT ( 'NONE',  ( 26.50000000000000000, 61.15099999999999625, 8.000000000000000000 ) ) ;
#3782 = CARTESIAN_POINT ( 'NONE',  ( 53.00000000000000711, 45.90100000000001046, 8.000000000000000000 ) ) ;
#3783 = DIRECTION ( 'NONE',  ( 0.000000000000000000, 0.000000000000000000, -1.000000000000000000 ) ) ;
#3784 = DIRECTION ( 'NONE',  ( 0.000000000000000000, -1.000000000000000000, 0.000000000000000000 ) ) ;
#3785 = ORIENTED_EDGE ( 'NONE', *, *, #864, .T. ) ;
#3786 = ORIENTED_EDGE ( 'NONE', *, *, #4492, .T. ) ;
#3787 = EDGE_CURVE ( 'NONE', #2106, #2881, #1025, .T. ) ;
#3788 = ADVANCED_FACE ( 'NONE', ( #3620 ), #3192, .T. ) ;
#3789 = CYLINDRICAL_SURFACE ( 'NONE', #2921, 2.500000000000000444 ) ;
#3790 = CARTESIAN_POINT ( 'NONE',  ( 42.14999999999999147, 106.1509999999999962, -30.00000000000000000 ) ) ;
#3791 = CYLINDRICAL_SURFACE ( 'NONE', #4384, 19.50000000000000355 ) ;
#3792 = CARTESIAN_POINT ( 'NONE',  ( 118.0000000000000142, 91.15099999999999625, -9.099999999999981881 ) ) ;
#3793 = VECTOR ( 'NONE', #1346, 1000.000000000000000 ) ;
#3794 = PLANE ( 'NONE',  #1428 ) ;
#3795 = DIRECTION ( 'NONE',  ( 1.000000000000000000, 0.000000000000000000, 0.000000000000000000 ) ) ;
#3796 = ORIENTED_EDGE ( 'NONE', *, *, #2453, .F. ) ;
#3797 = ADVANCED_FACE ( 'NONE', ( #1537 ), #278, .F. ) ;
#3798 = VECTOR ( 'NONE', #870, 1000.000000000000000 ) ;
#3799 = CARTESIAN_POINT ( 'NONE',  ( 33.85000000000000853, 56.15099999999998914, -24.99999999999999289 ) ) ;
#3800 = FACE_OUTER_BOUND ( 'NONE', #212, .T. ) ;
#3801 = DIRECTION ( 'NONE',  ( 0.000000000000000000, 0.000000000000000000, -1.000000000000000000 ) ) ;
#3802 = CARTESIAN_POINT ( 'NONE',  ( 0.000000000000000000, 76.40099999999999625, 58.00000000000000000 ) ) ;
#3803 = ORIENTED_EDGE ( 'NONE', *, *, #4761, .F. ) ;
#3804 = CARTESIAN_POINT ( 'NONE',  ( 48.00000000000000000, 116.4009999999999962, -24.99999999999999289 ) ) ;
#3805 = CARTESIAN_POINT ( 'NONE',  ( -23.49999999999999645, 57.65100000000000335, 58.00000000000000000 ) ) ;
#3806 = DIRECTION ( 'NONE',  ( 0.000000000000000000, 1.000000000000000000, 0.000000000000000000 ) ) ;
#3807 = ADVANCED_FACE ( 'NONE', ( #5235 ), #4055, .T. ) ;
#3808 = ORIENTED_EDGE ( 'NONE', *, *, #2304, .T. ) ;
#3809 = CARTESIAN_POINT ( 'NONE',  ( 57.56999999999999318, 107.4809999999999803, -30.00000000000000000 ) ) ;
#3810 = EDGE_LOOP ( 'NONE', ( #2279, #1875, #5183, #3400 ) ) ;
#3811 = VERTEX_POINT ( 'NONE', #3239 ) ;
#3812 = ORIENTED_EDGE ( 'NONE', *, *, #1275, .F. ) ;
#3813 = CARTESIAN_POINT ( 'NONE',  ( -20.99999999999658939, 63.61425493612550497, 31.39658350990458047 ) ) ;
#3814 = CARTESIAN_POINT ( 'NONE',  ( 57.57000000000000028, 60.22100000000001785, -30.00000000000000711 ) ) ;
#3815 = EDGE_CURVE ( 'NONE', #451, #5299, #4843, .T. ) ;
#3816 = DIRECTION ( 'NONE',  ( -0.000000000000000000, -0.000000000000000000, 1.000000000000000000 ) ) ;
#3817 = FACE_OUTER_BOUND ( 'NONE', #4360, .T. ) ;
#3818 = CARTESIAN_POINT ( 'NONE',  ( -22.99999999999999645, 76.40099999999999625, 58.00000000000000000 ) ) ;
#3819 = ORIENTED_EDGE ( 'NONE', *, *, #272, .T. ) ;
#3820 = CARTESIAN_POINT ( 'NONE',  ( -25.99999999999999645, 104.6510000000000105, 58.00000000000000000 ) ) ;
#3821 = CARTESIAN_POINT ( 'NONE',  ( 33.14494964168583380, 76.30176844803521874, -22.50000000000000000 ) ) ;
#3822 = EDGE_CURVE ( 'NONE', #3982, #5069, #3348, .T. ) ;
#3823 = VECTOR ( 'NONE', #1469, 1000.000000000000000 ) ;
#3824 = DIRECTION ( 'NONE',  ( -1.090186876030910145E-16, 1.000000000000000000, 0.000000000000000000 ) ) ;
#3825 = FACE_OUTER_BOUND ( 'NONE', #5222, .T. ) ;
#3826 = EDGE_LOOP ( 'NONE', ( #2871, #1971, #1915, #275 ) ) ;
#3827 = ORIENTED_EDGE ( 'NONE', *, *, #5234, .F. ) ;
#3828 = CARTESIAN_POINT ( 'NONE',  ( -21.58050790490124271, 104.1510000000000389, 36.23411907361150242 ) ) ;
#3829 = DIRECTION ( 'NONE',  ( -2.926945204235919505E-32, 1.476360405086644309E-16, -1.000000000000000000 ) ) ;
#3830 = ORIENTED_EDGE ( 'NONE', *, *, #3991, .T. ) ;
#3831 = VERTEX_POINT ( 'NONE', #4605 ) ;
#3832 = LINE ( 'NONE', #3477, #3276 ) ;
#3833 = ORIENTED_EDGE ( 'NONE', *, *, #2365, .F. ) ;
#3834 = ORIENTED_EDGE ( 'NONE', *, *, #2163, .T. ) ;
#3835 = CARTESIAN_POINT ( 'NONE',  ( -23.49999999999999289, 62.43651793326303334, 33.28565411463765145 ) ) ;
#3836 = LINE ( 'NONE', #3010, #3497 ) ;
#3837 = DIRECTION ( 'NONE',  ( 0.000000000000000000, 0.000000000000000000, 1.000000000000000000 ) ) ;
#3838 = DIRECTION ( 'NONE',  ( -1.000000000000000000, -0.000000000000000000, -0.000000000000000000 ) ) ;
#3839 = CIRCLE ( 'NONE', #1511, 3.000000000000002665 ) ;
#3840 = CARTESIAN_POINT ( 'NONE',  ( 45.58726147893518998, 112.3998576846668414, -11.02652487634711775 ) ) ;
#3841 = CARTESIAN_POINT ( 'NONE',  ( 62.57000000000000028, 54.82100000000000506, 40.29625838435640617 ) ) ;
#3842 = VERTEX_POINT ( 'NONE', #3809 ) ;
#3843 = AXIS2_PLACEMENT_3D ( 'NONE', #1392, #4703, #80 ) ;
#3844 = CARTESIAN_POINT ( 'NONE',  ( 104.8300000000000125, 102.0809999999999889, 40.29625838435640617 ) ) ;
#3845 = DIRECTION ( 'NONE',  ( 1.000000000000000000, 0.000000000000000000, 0.000000000000000000 ) ) ;
#3846 = EDGE_CURVE ( 'NONE', #1691, #4886, #1240, .T. ) ;
#3847 = ADVANCED_FACE ( 'NONE', ( #2075 ), #2050, .F. ) ;
#3848 = CARTESIAN_POINT ( 'NONE',  ( -23.49999999999998579, 65.17501644326308963, 28.18617633178657655 ) ) ;
#3849 = STYLED_ITEM ( 'NONE', ( #1251 ), #217 ) ;
#3850 = VERTEX_POINT ( 'NONE', #1746 ) ;
#3851 = DIRECTION ( 'NONE',  ( -0.000000000000000000, 0.000000000000000000, -1.000000000000000000 ) ) ;
#3852 = VERTEX_POINT ( 'NONE', #2158 ) ;
#3853 = CARTESIAN_POINT ( 'NONE',  ( -25.99999999999999645, 0.000000000000000000, 58.00000000000000000 ) ) ;
#3854 = CARTESIAN_POINT ( 'NONE',  ( -17.49999999999999645, 76.40099999999999625, 8.000000000000000000 ) ) ;
#3855 = FACE_OUTER_BOUND ( 'NONE', #1150, .T. ) ;
#3856 = AXIS2_PLACEMENT_3D ( 'NONE', #3941, #1454, #3503 ) ;
#3857 = ORIENTED_EDGE ( 'NONE', *, *, #2243, .T. ) ;
#3858 =( BOUNDED_CURVE ( )  B_SPLINE_CURVE ( 3, ( #94, #4451, #1753, #1148 ),
 .UNSPECIFIED., .F., .F. ) 
 B_SPLINE_CURVE_WITH_KNOTS ( ( 4, 4 ),
 ( 1.570796326794897224, 3.141592653589793560 ),
 .UNSPECIFIED. ) 
 CURVE ( )  GEOMETRIC_REPRESENTATION_ITEM ( )  RATIONAL_B_SPLINE_CURVE ( ( 1.000000000000000000, 0.8047378541243650485, 0.8047378541243650485, 1.000000000000000000 ) ) 
 REPRESENTATION_ITEM ( '' )  );
#3859 = EDGE_CURVE ( 'NONE', #111, #5035, #4578, .T. ) ;
#3860 = AXIS2_PLACEMENT_3D ( 'NONE', #2821, #2456, #1106 ) ;
#3861 = DIRECTION ( 'NONE',  ( 0.000000000000000000, 0.000000000000000000, -1.000000000000000000 ) ) ;
#3862 = VERTEX_POINT ( 'NONE', #2979 ) ;
#3863 = VERTEX_POINT ( 'NONE', #5068 ) ;
#3864 = EDGE_LOOP ( 'NONE', ( #3945, #1576, #49, #5104, #2285 ) ) ;
#3865 = B_SPLINE_CURVE_WITH_KNOTS ( 'NONE', 3,
 ( #4389, #2629, #5134, #3491, #1002, #4279, #3548, #599, #1060, #651, #677, #3571, #2306, #181, #3904, #5217, #2331, #5239, #259, #1809, #1917, #3042, #4694, #976, #568, #152 ),
 .UNSPECIFIED., .F., .F.,
 ( 4, 2, 2, 2, 2, 2, 2, 2, 2, 2, 2, 2, 4 ),
 ( 0.000000000000000000, 0.004028845311592658442, 0.008057690623185316883, 0.01208653593477797619, 0.01611538124637063377, 0.01812980390216697296, 0.02014422655796330869, 0.02417307186955596973, 0.02618749452535228811, 0.02820191718114860996, 0.02920912850904675701, 0.03021633983694490405, 0.03223076249274116345 ),
 .UNSPECIFIED. ) ;
#3866 = CARTESIAN_POINT ( 'NONE',  ( -20.99999999999999645, 57.77821852148830573, 37.44237572010345616 ) ) ;
#3867 = DIRECTION ( 'NONE',  ( 0.9986295347545742773, 1.088692812806290538E-16, -0.05233595624293728432 ) ) ;
#3868 = CARTESIAN_POINT ( 'NONE',  ( 47.03329130858372764, 112.3240744725179496, -11.10230808849602724 ) ) ;
#3869 = CARTESIAN_POINT ( 'NONE',  ( 23.50000000000001066, 112.4009999999999962, -2.500000000000000000 ) ) ;
#3870 = AXIS2_PLACEMENT_3D ( 'NONE', #2852, #3649, #1540 ) ;
#3871 = PLANE ( 'NONE',  #2577 ) ;
#3872 = LINE ( 'NONE', #2254, #4744 ) ;
#3873 = ORIENTED_EDGE ( 'NONE', *, *, #1219, .F. ) ;
#3874 = EDGE_CURVE ( 'NONE', #4003, #2267, #5157, .T. ) ;
#3875 = FACE_OUTER_BOUND ( 'NONE', #4836, .T. ) ;
#3876 = LINE ( 'NONE', #455, #4493 ) ;
#3877 = CARTESIAN_POINT ( 'NONE',  ( 48.00000000000001421, 4.686786873755976163E-15, -2.500000000000000000 ) ) ;
#3878 = VECTOR ( 'NONE', #415, 1000.000000000000000 ) ;
#3879 = DIRECTION ( 'NONE',  ( -0.7071067811865474617, 8.659560562354932858E-17, -0.7071067811865474617 ) ) ;
#3880 = ORIENTED_EDGE ( 'NONE', *, *, #4060, .T. ) ;
#3881 = AXIS2_PLACEMENT_3D ( 'NONE', #4187, #5041, #4989 ) ;
#3882 = EDGE_CURVE ( 'NONE', #4754, #4344, #387, .T. ) ;
#3883 = CIRCLE ( 'NONE', #852, 2.700000000000008171 ) ;
#3884 = CARTESIAN_POINT ( 'NONE',  ( 26.50000000000000000, 101.1510000000000105, 8.000000000000000000 ) ) ;
#3885 = LINE ( 'NONE', #548, #2910 ) ;
#3886 = CARTESIAN_POINT ( 'NONE',  ( 2.500000000000002220, 116.4009999999999962, 8.000000000000000000 ) ) ;
#3887 = DIRECTION ( 'NONE',  ( -0.000000000000000000, -0.000000000000000000, 1.000000000000000000 ) ) ;
#3888 = EDGE_LOOP ( 'NONE', ( #2062, #5120, #688, #657, #4881, #4021 ) ) ;
#3889 = ORIENTED_EDGE ( 'NONE', *, *, #3470, .T. ) ;
#3890 = VERTEX_POINT ( 'NONE', #2508 ) ;
#3891 = EDGE_LOOP ( 'NONE', ( #3834, #4907, #2185, #501, #3961, #4607, #526 ) ) ;
#3892 = ORIENTED_EDGE ( 'NONE', *, *, #2728, .F. ) ;
#3893 = EDGE_CURVE ( 'NONE', #5274, #5238, #1202, .T. ) ;
#3894 = CARTESIAN_POINT ( 'NONE',  ( -20.99999999999999289, 62.58526346912545080, 27.82395956387539115 ) ) ;
#3895 = DIRECTION ( 'NONE',  ( -1.000000000000000000, 0.000000000000000000, 0.000000000000000000 ) ) ;
#3896 = AXIS2_PLACEMENT_3D ( 'NONE', #4511, #1641, #3291 ) ;
#3897 = VECTOR ( 'NONE', #20, 1000.000000000000000 ) ;
#3898 = LINE ( 'NONE', #174, #5086 ) ;
#3899 = DIRECTION ( 'NONE',  ( 0.000000000000000000, 0.000000000000000000, 1.000000000000000000 ) ) ;
#3900 = ORIENTED_EDGE ( 'NONE', *, *, #3615, .T. ) ;
#3901 = DIRECTION ( 'NONE',  ( -1.000000000000000000, -1.090186876030910145E-16, 0.000000000000000000 ) ) ;
#3902 = DIRECTION ( 'NONE',  ( 9.842402700577629551E-17, -1.000000000000000000, 0.000000000000000000 ) ) ;
#3903 = EDGE_LOOP ( 'NONE', ( #4444, #125, #906, #5199 ) ) ;
#3904 = CARTESIAN_POINT ( 'NONE',  ( -22.99999999999999645, 98.07318033178752614, 30.16983026847827887 ) ) ;
#3905 = PLANE ( 'NONE',  #221 ) ;
#3906 = DIRECTION ( 'NONE',  ( -1.000000000000000000, 0.000000000000000000, 0.000000000000000000 ) ) ;
#3907 = DIRECTION ( 'NONE',  ( -1.000000000000000000, -3.118604001756057426E-16, 0.000000000000000000 ) ) ;
#3908 = ORIENTED_EDGE ( 'NONE', *, *, #2623, .F. ) ;
#3909 = DIRECTION ( 'NONE',  ( 0.000000000000000000, -0.000000000000000000, 1.000000000000000000 ) ) ;
#3910 = ADVANCED_FACE ( 'NONE', ( #2562 ), #800, .T. ) ;
#3911 = CARTESIAN_POINT ( 'NONE',  ( -23.49999999999999645, 104.2605461468047139, 37.34606952728988460 ) ) ;
#3912 = DIRECTION ( 'NONE',  ( 0.000000000000000000, -1.000000000000000000, -0.000000000000000000 ) ) ;
#3913 = FACE_OUTER_BOUND ( 'NONE', #3172, .T. ) ;
#3915 = ORIENTED_EDGE ( 'NONE', *, *, #4180, .T. ) ;
#3914 = VECTOR ( 'NONE', #1339, 1000.000000000000000 ) ;
#3916 = CARTESIAN_POINT ( 'NONE',  ( 109.8300000000000125, 107.4809999999999945, -30.00000000000000000 ) ) ;
#3917 = VERTEX_POINT ( 'NONE', #856 ) ;
#3918 = ORIENTED_EDGE ( 'NONE', *, *, #980, .F. ) ;
#3919 = EDGE_CURVE ( 'NONE', #1241, #3942, #3191, .T. ) ;
#3920 = CARTESIAN_POINT ( 'NONE',  ( -20.99999999999999645, 65.41689013377592232, 27.50258422146289305 ) ) ;
#3921 = CARTESIAN_POINT ( 'NONE',  ( 81.20000000000000284, 61.65099999999998914, -18.50000000000001776 ) ) ;
#3922 = EDGE_CURVE ( 'NONE', #317, #4809, #4546, .T. ) ;
#3923 = DIRECTION ( 'NONE',  ( -0.000000000000000000, -0.000000000000000000, 1.000000000000000000 ) ) ;
#3924 = EDGE_CURVE ( 'NONE', #5043, #1401, #4050, .T. ) ;
#3925 = LINE ( 'NONE', #200, #4124 ) ;
#3926 = ORIENTED_EDGE ( 'NONE', *, *, #102, .F. ) ;
#3927 = LINE ( 'NONE', #202, #2666 ) ;
#3928 = CARTESIAN_POINT ( 'NONE',  ( 53.00000000000000000, 111.4009999999999962, 8.000000000000000000 ) ) ;
#3929 = ORIENTED_EDGE ( 'NONE', *, *, #1965, .T. ) ;
#3930 = DIRECTION ( 'NONE',  ( 0.000000000000000000, 1.000000000000000000, -0.000000000000000000 ) ) ;
#3931 = EDGE_CURVE ( 'NONE', #4469, #3338, #1463, .T. ) ;
#3932 = FACE_OUTER_BOUND ( 'NONE', #1136, .T. ) ;
#3933 = DIRECTION ( 'NONE',  ( 1.000000000000000000, 1.090186876030910145E-16, -0.000000000000000000 ) ) ;
#3934 = VERTEX_POINT ( 'NONE', #826 ) ;
#3935 = LINE ( 'NONE', #979, #4677 ) ;
#3936 = ORIENTED_EDGE ( 'NONE', *, *, #4042, .F. ) ;
#3937 = AXIS2_PLACEMENT_3D ( 'NONE', #3781, #54, #2639 ) ;
#3938 = CARTESIAN_POINT ( 'NONE',  ( -23.00000000000000355, 65.03379230537100852, 28.32268331290742580 ) ) ;
#3939 = MECHANICAL_DESIGN_GEOMETRIC_PRESENTATION_REPRESENTATION (  '', ( #3849 ), #564 ) ;
#3940 = CARTESIAN_POINT ( 'NONE',  ( -23.50000000000000355, 99.50735724419314465, 32.75401519532670136 ) ) ;
#3941 = CARTESIAN_POINT ( 'NONE',  ( -26.50000000000000000, 101.1510000000000105, 0.000000000000000000 ) ) ;
#3942 = VERTEX_POINT ( 'NONE', #2105 ) ;
#3943 = CIRCLE ( 'NONE', #1350, 2.499999999999998668 ) ;
#3944 = CARTESIAN_POINT ( 'NONE',  ( 62.57000000000000028, 54.82100000000000506, -18.50000000000001776 ) ) ;
#3945 = ORIENTED_EDGE ( 'NONE', *, *, #1637, .T. ) ;
#3946 = EDGE_LOOP ( 'NONE', ( #2079, #2743 ) ) ;
#3947 = FACE_OUTER_BOUND ( 'NONE', #4069, .T. ) ;
#3948 = AXIS2_PLACEMENT_3D ( 'NONE', #1185, #1214, #440 ) ;
#3949 = LINE ( 'NONE', #695, #201 ) ;
#3950 = VECTOR ( 'NONE', #862, 1000.000000000000114 ) ;
#3951 = EDGE_CURVE ( 'NONE', #336, #2833, #2132, .T. ) ;
#3952 = EDGE_CURVE ( 'NONE', #3110, #5118, #1673, .T. ) ;
#3953 = LINE ( 'NONE', #115, #2939 ) ;
#3954 = VECTOR ( 'NONE', #3923, 1000.000000000000000 ) ;
#3955 = FACE_OUTER_BOUND ( 'NONE', #1480, .T. ) ;
#3956 = CIRCLE ( 'NONE', #2137, 3.499999999999999556 ) ;
#3957 = DIRECTION ( 'NONE',  ( 1.000000000000000000, 0.000000000000000000, 0.000000000000000000 ) ) ;
#3958 = ORIENTED_EDGE ( 'NONE', *, *, #1758, .T. ) ;
#3959 = CYLINDRICAL_SURFACE ( 'NONE', #4791, 2.500000000000000000 ) ;
#3960 = DIRECTION ( 'NONE',  ( 1.000000000000000000, 4.082155997157832109E-17, 0.000000000000000000 ) ) ;
#3961 = ORIENTED_EDGE ( 'NONE', *, *, #3420, .T. ) ;
#3962 = VERTEX_POINT ( 'NONE', #1320 ) ;
#3963 = LINE ( 'NONE', #5247, #3036 ) ;
#3964 = EDGE_CURVE ( 'NONE', #567, #2133, #922, .T. ) ;
#3965 = ORIENTED_EDGE ( 'NONE', *, *, #2835, .T. ) ;
#3966 = CIRCLE ( 'NONE', #1460, 2.500000000000002220 ) ;
#3967 = CARTESIAN_POINT ( 'NONE',  ( -21.15694260484882250, 58.15100000000001046, 35.37666496937182359 ) ) ;
#3968 = CARTESIAN_POINT ( 'NONE',  ( -23.49999999999999289, 98.38995067381303272, 30.84772003450627409 ) ) ;
#3969 = AXIS2_PLACEMENT_3D ( 'NONE', #1769, #4708, #5147 ) ;
#3970 = AXIS2_PLACEMENT_3D ( 'NONE', #2309, #2741, #3960 ) ;
#3971 = VERTEX_POINT ( 'NONE', #3756 ) ;
#3972 = PLANE ( 'NONE',  #1289 ) ;
#3973 = ORIENTED_EDGE ( 'NONE', *, *, #998, .T. ) ;
#3974 = ORIENTED_EDGE ( 'NONE', *, *, #4275, .F. ) ;
#3975 = FACE_OUTER_BOUND ( 'NONE', #2820, .T. ) ;
#3976 = CARTESIAN_POINT ( 'NONE',  ( 31.50000000000000711, 81.15099999999998204, -11.45090789030152578 ) ) ;
#3977 = DIRECTION ( 'NONE',  ( 0.000000000000000000, -1.000000000000000000, -0.000000000000000000 ) ) ;
#3978 = DIRECTION ( 'NONE',  ( -0.9396926207859084279, 0.3420201433256689905, 0.000000000000000000 ) ) ;
#3979 = EDGE_CURVE ( 'NONE', #3971, #4079, #5094, .T. ) ;
#3980 = DIRECTION ( 'NONE',  ( 0.000000000000000000, -0.000000000000000000, 1.000000000000000000 ) ) ;
#3981 = VECTOR ( 'NONE', #2840, 1000.000000000000114 ) ;
#3982 = VERTEX_POINT ( 'NONE', #2244 ) ;
#3983 = LINE ( 'NONE', #4361, #1492 ) ;
#3984 = DIRECTION ( 'NONE',  ( -0.000000000000000000, -0.000000000000000000, 1.000000000000000000 ) ) ;
#3985 = CARTESIAN_POINT ( 'NONE',  ( 86.20000000000001705, 61.65099999999998914, -30.00000000000000711 ) ) ;
#3986 = ORIENTED_EDGE ( 'NONE', *, *, #4925, .F. ) ;
#3987 = CARTESIAN_POINT ( 'NONE',  ( 45.58726147893519709, 49.90214231533312272, -11.02652487634711775 ) ) ;
#3988 = VERTEX_POINT ( 'NONE', #1397 ) ;
#3989 = ADVANCED_FACE ( 'NONE', ( #2269 ), #2150, .F. ) ;
#3990 = CARTESIAN_POINT ( 'NONE',  ( -23.00000000000000355, 66.90750937799171538, 22.61837658809195872 ) ) ;
#3991 = EDGE_CURVE ( 'NONE', #2448, #4469, #3053, .T. ) ;
#3992 = CARTESIAN_POINT ( 'NONE',  ( -23.50000000000000355, 93.69983883349465259, 10.95273378523373253 ) ) ;
#3993 = VERTEX_POINT ( 'NONE', #3944 ) ;
#3994 = VECTOR ( 'NONE', #4922, 1000.000000000000000 ) ;
#3995 = FACE_OUTER_BOUND ( 'NONE', #1063, .T. ) ;
#3996 = VERTEX_POINT ( 'NONE', #5208 ) ;
#3997 = ORIENTED_EDGE ( 'NONE', *, *, #5125, .T. ) ;
#3998 = PRODUCT_DEFINITION_CONTEXT ( 'detailed design', #2135, 'design' ) ;
#3999 = DIRECTION ( 'NONE',  ( -0.000000000000000000, 0.000000000000000000, 1.000000000000000000 ) ) ;
#4000 = CIRCLE ( 'NONE', #2706, 6.199999999999997513 ) ;
#4001 = CARTESIAN_POINT ( 'NONE',  ( -27.03553390593272354, 87.61546609406725850, 8.000000000000001776 ) ) ;
#4002 = DIRECTION ( 'NONE',  ( 0.000000000000000000, 0.000000000000000000, 1.000000000000000000 ) ) ;
#4003 = VERTEX_POINT ( 'NONE', #1048 ) ;
#4004 = DIRECTION ( 'NONE',  ( 0.000000000000000000, 1.000000000000000000, 0.000000000000000000 ) ) ;
#4005 = CARTESIAN_POINT ( 'NONE',  ( 124.0000000000000284, 91.15099999999999625, -14.89999999999998082 ) ) ;
#4006 = VERTEX_POINT ( 'NONE', #3916 ) ;
#4007 = CARTESIAN_POINT ( 'NONE',  ( -23.49999999999999289, 68.65100000000001046, 7.999999999999994671 ) ) ;
#4008 = ORIENTED_EDGE ( 'NONE', *, *, #615, .F. ) ;
#4009 = LINE ( 'NONE', #4884, #750 ) ;
#4010 = CARTESIAN_POINT ( 'NONE',  ( -1.198126278626730549E-14, 109.9009999999999962, -0.000000000000000000 ) ) ;
#4011 = ORIENTED_EDGE ( 'NONE', *, *, #4358, .T. ) ;
#4012 = DIRECTION ( 'NONE',  ( 0.000000000000000000, -0.000000000000000000, 1.000000000000000000 ) ) ;
#4013 = ORIENTED_EDGE ( 'NONE', *, *, #4693, .T. ) ;
#4014 = EDGE_CURVE ( 'NONE', #3369, #2419, #1482, .T. ) ;
#4015 = EDGE_CURVE ( 'NONE', #1880, #3863, #3832, .T. ) ;
#4016 = CARTESIAN_POINT ( 'NONE',  ( -23.00000000000000355, 66.18327389728661103, 25.18946507536034218 ) ) ;
#4017 = CIRCLE ( 'NONE', #3238, 2.500000000000002220 ) ;
#4018 = DIRECTION ( 'NONE',  ( 0.000000000000000000, 0.000000000000000000, -1.000000000000000000 ) ) ;
#4019 = DIRECTION ( 'NONE',  ( -1.000000000000000000, 0.000000000000000000, 0.000000000000000000 ) ) ;
#4020 = EDGE_LOOP ( 'NONE', ( #1484, #4899, #4750, #2368 ) ) ;
#4021 = ORIENTED_EDGE ( 'NONE', *, *, #5267, .F. ) ;
#4022 = FACE_OUTER_BOUND ( 'NONE', #701, .T. ) ;
#4023 = FACE_OUTER_BOUND ( 'NONE', #1643, .T. ) ;
#4024 = CARTESIAN_POINT ( 'NONE',  ( -23.49999999999998934, 99.31124617228019247, 38.16553272792099705 ) ) ;
#4025 = ADVANCED_FACE ( 'NONE', ( #109 ), #4326, .F. ) ;
#4026 = CIRCLE ( 'NONE', #34, 2.500000000000002220 ) ;
#4027 = DIRECTION ( 'NONE',  ( -2.775557561562888984E-15, 1.000000000000000000, 0.000000000000000000 ) ) ;
#4028 = EDGE_LOOP ( 'NONE', ( #3285, #3041, #2696, #4403 ) ) ;
#4029 = DIRECTION ( 'NONE',  ( -1.000000000000000000, 0.000000000000000000, 0.000000000000000000 ) ) ;
#4030 = CARTESIAN_POINT ( 'NONE',  ( -20.99999999999998934, 57.00622662003244301, 35.03542453769824050 ) ) ;
#4031 = ORIENTED_EDGE ( 'NONE', *, *, #5202, .F. ) ;
#4032 = VECTOR ( 'NONE', #4355, 1000.000000000000000 ) ;
#4033 = CARTESIAN_POINT ( 'NONE',  ( -20.99999999999998934, 64.78141809285304475, 20.96727729800851137 ) ) ;
#4034 =( BOUNDED_SURFACE ( )  B_SPLINE_SURFACE ( 3, 1, ( 
 ( #2789, #4433 ),
 ( #2707, #721 ),
 ( #4024, #4904 ),
 ( #304, #5233 ) ),
 .UNSPECIFIED., .F., .F., .F. ) 
 B_SPLINE_SURFACE_WITH_KNOTS ( ( 4, 4 ),
 ( 2, 2 ),
 ( 0.000000000000000000, 1.000000000000000000 ),
 ( 0.000000000000000000, 1.000000000000000000 ),
 .UNSPECIFIED. ) 
 GEOMETRIC_REPRESENTATION_ITEM ( )  RATIONAL_B_SPLINE_SURFACE ( (
 ( 1.000000000000000000, 1.000000000000000000),
 ( 0.8025111867385936737, 0.8025111867385936737),
 ( 0.8025111867385936737, 0.8025111867385936737),
 ( 1.000000000000000000, 1.000000000000000000) ) ) 
 REPRESENTATION_ITEM ( '' )  SURFACE ( )  );
#4035 = ORIENTED_EDGE ( 'NONE', *, *, #3815, .F. ) ;
#4036 = CARTESIAN_POINT ( 'NONE',  ( -25.99999999999999645, 88.65099999999999625, 58.00000000000000000 ) ) ;
#4037 = DIRECTION ( 'NONE',  ( 1.000000000000000000, 0.000000000000000000, 0.000000000000000000 ) ) ;
#4038 = CIRCLE ( 'NONE', #1704, 3.000000000000002665 ) ;
#4039 = VERTEX_POINT ( 'NONE', #1420 ) ;
#4040 = AXIS2_PLACEMENT_3D ( 'NONE', #596, #1779, #3617 ) ;
#4041 = CARTESIAN_POINT ( 'NONE',  ( 34.00000000000000711, 81.15099999999998204, -12.00000000000000000 ) ) ;
#4042 = EDGE_CURVE ( 'NONE', #4614, #952, #3079, .T. ) ;
#4043 = ORIENTED_EDGE ( 'NONE', *, *, #1070, .T. ) ;
#4044 = CARTESIAN_POINT ( 'NONE',  ( -23.00000000000000000, 61.15099999999999625, 8.000000000000000000 ) ) ;
#4045 = CIRCLE ( 'NONE', #316, 4.150000000000001243 ) ;
#4046 = CARTESIAN_POINT ( 'NONE',  ( -6.035533905932738641, 45.90100000000001756, 8.000000000000000000 ) ) ;
#4047 = EDGE_CURVE ( 'NONE', #3863, #897, #988, .T. ) ;
#4048 = ORIENTED_EDGE ( 'NONE', *, *, #1834, .T. ) ;
#4049 = ORIENTED_EDGE ( 'NONE', *, *, #1846, .F. ) ;
#4050 = CIRCLE ( 'NONE', #3881, 2.500000000000000444 ) ;
#4051 = CARTESIAN_POINT ( 'NONE',  ( -20.99999999999999289, 99.98360502507087233, 28.42358746358339161 ) ) ;
#4052 = LINE ( 'NONE', #1213, #1208 ) ;
#4053 = CARTESIAN_POINT ( 'NONE',  ( 0.000000000000000000, 104.1510000000000105, 58.00000000000000000 ) ) ;
#4054 = AXIS2_PLACEMENT_3D ( 'NONE', #1308, #1281, #4251 ) ;
#4055 = PLANE ( 'NONE',  #3107 ) ;
#4056 = AXIS2_PLACEMENT_3D ( 'NONE', #315, #3251, #1628 ) ;
#4057 = ORIENTED_EDGE ( 'NONE', *, *, #5297, .F. ) ;
#4058 = LINE ( 'NONE', #4496, #4565 ) ;
#4059 = EDGE_CURVE ( 'NONE', #4702, #813, #2701, .T. ) ;
#4060 = EDGE_CURVE ( 'NONE', #1294, #2364, #961, .T. ) ;
#4061 = CARTESIAN_POINT ( 'NONE',  ( -20.99999999999999289, 57.93493902856222633, 34.45545102532952342 ) ) ;
#4062 = ORIENTED_EDGE ( 'NONE', *, *, #4180, .F. ) ;
#4063 = FACE_OUTER_BOUND ( 'NONE', #171, .T. ) ;
#4064 = VERTEX_POINT ( 'NONE', #554 ) ;
#4065 = CARTESIAN_POINT ( 'NONE',  ( 104.8300000000000125, 57.52100000000000080, -30.00000000000000711 ) ) ;
#4066 = FACE_OUTER_BOUND ( 'NONE', #371, .T. ) ;
#4067 = VERTEX_POINT ( 'NONE', #2184 ) ;
#4068 = DIRECTION ( 'NONE',  ( 0.000000000000000000, 0.000000000000000000, -1.000000000000000000 ) ) ;
#4069 = EDGE_LOOP ( 'NONE', ( #2679, #3631, #486, #665, #2717, #4484 ) ) ;
#4070 = DIRECTION ( 'NONE',  ( -0.000000000000000000, -0.000000000000000000, 1.000000000000000000 ) ) ;
#4071 = DIRECTION ( 'NONE',  ( -0.7071067811865474617, 0.000000000000000000, 0.7071067811865474617 ) ) ;
#4072 = LINE ( 'NONE', #2447, #5379 ) ;
#4073 = EDGE_LOOP ( 'NONE', ( #4131, #1058, #5256, #4057, #3827 ) ) ;
#4074 = EDGE_LOOP ( 'NONE', ( #437, #4308, #1689, #4235, #1112, #4448, #4944, #5059, #1602 ) ) ;
#4075 = CARTESIAN_POINT ( 'NONE',  ( -20.99999999999544897, 97.71155619085948274, 29.46847085661586618 ) ) ;
#4076 = DIRECTION ( 'NONE',  ( 0.05233595624293728432, 8.348359717914320100E-18, 0.9986295347545742773 ) ) ;
#4077 = CARTESIAN_POINT ( 'NONE',  ( -24.77924483926412336, 106.8243251805011198, 37.99258812779837058 ) ) ;
#4078 = CARTESIAN_POINT ( 'NONE',  ( 26.00000000000001066, 116.4010000000000105, -7.627588583212783213 ) ) ;
#4079 = VERTEX_POINT ( 'NONE', #637 ) ;
#4080 = DIRECTION ( 'NONE',  ( 0.000000000000000000, 0.000000000000000000, 1.000000000000000000 ) ) ;
#4081 = EDGE_CURVE ( 'NONE', #4087, #1929, #2291, .T. ) ;
#4082 = EDGE_CURVE ( 'NONE', #947, #4739, #1795, .T. ) ;
#4083 = VECTOR ( 'NONE', #337, 1000.000000000000000 ) ;
#4084 = FACE_OUTER_BOUND ( 'NONE', #1197, .T. ) ;
#4085 = EDGE_CURVE ( 'NONE', #5118, #4700, #1483, .T. ) ;
#4086 = DIRECTION ( 'NONE',  ( -0.000000000000000000, -1.000000000000000000, -0.000000000000000000 ) ) ;
#4087 = VERTEX_POINT ( 'NONE', #1851 ) ;
#4088 = ADVANCED_FACE ( 'NONE', ( #2591 ), #3506, .T. ) ;
#4089 = CARTESIAN_POINT ( 'NONE',  ( -23.49999999999999289, 67.75595098851640330, 18.84117061187812681 ) ) ;
#4090 = DIRECTION ( 'NONE',  ( 0.000000000000000000, -1.000000000000000000, 0.000000000000000000 ) ) ;
#4091 = DIRECTION ( 'NONE',  ( 0.000000000000000000, -1.000000000000000000, -0.000000000000000000 ) ) ;
#4092 = EDGE_LOOP ( 'NONE', ( #2592, #752, #4741 ) ) ;
#4093 = CARTESIAN_POINT ( 'NONE',  ( 104.8300000000000125, 60.22100000000001785, 40.29625838435640617 ) ) ;
#4094 = DIRECTION ( 'NONE',  ( 7.975740119433597806E-17, -1.000000000000000000, 0.000000000000000000 ) ) ;
#4095 = VERTEX_POINT ( 'NONE', #1457 ) ;
#4096 = EDGE_CURVE ( 'NONE', #3056, #4101, #3111, .T. ) ;
#4097 = CARTESIAN_POINT ( 'NONE',  ( 34.00000000000000711, 83.65099999999999625, -11.45090789030152401 ) ) ;
#4098 = CARTESIAN_POINT ( 'NONE',  ( 53.00000000000000711, 45.90100000000001046, 0.000000000000000000 ) ) ;
#4099 = LINE ( 'NONE', #876, #2509 ) ;
#4100 = EDGE_LOOP ( 'NONE', ( #4372, #2864, #4877, #1794 ) ) ;
#4101 = VERTEX_POINT ( 'NONE', #247 ) ;
#4102 = VECTOR ( 'NONE', #5315, 1000.000000000000000 ) ;
#4103 = CARTESIAN_POINT ( 'NONE',  ( -20.99999999999999289, 95.97528706703468515, 24.84786012653550813 ) ) ;
#4104 = LINE ( 'NONE', #3700, #2802 ) ;
#4105 = CARTESIAN_POINT ( 'NONE',  ( 29.15384615384615685, 80.41485575067467551, -22.50000000000000000 ) ) ;
#4106 = AXIS2_PLACEMENT_3D ( 'NONE', #1077, #3999, #1883 ) ;
#4107 = DIRECTION ( 'NONE',  ( 1.000000000000000000, 1.224646799147349263E-16, 0.000000000000000000 ) ) ;
#4108 = LINE ( 'NONE', #723, #52 ) ;
#4109 = CARTESIAN_POINT ( 'NONE',  ( 2.500000000000000000, 104.1510000000000105, 10.50000000000000000 ) ) ;
#4110 = LINE ( 'NONE', #5019, #4122 ) ;
#4111 = AXIS2_PLACEMENT_3D ( 'NONE', #5275, #3284, #2776 ) ;
#4112 = DIRECTION ( 'NONE',  ( -1.000000000000000000, -0.000000000000000000, -0.000000000000000000 ) ) ;
#4113 = EDGE_CURVE ( 'NONE', #127, #4428, #1255, .T. ) ;
#4114 = ADVANCED_FACE ( 'NONE', ( #296 ), #1124, .F. ) ;
#4115 = EDGE_LOOP ( 'NONE', ( #4327, #2716, #1507, #313 ) ) ;
#4116 = CARTESIAN_POINT ( 'NONE',  ( -25.99999999999999645, 57.65100000000000335, 37.48110924760354834 ) ) ;
#4117 = CARTESIAN_POINT ( 'NONE',  ( -20.99999999999999289, 104.1510000000000105, 34.28321493267161202 ) ) ;
#4118 = CARTESIAN_POINT ( 'NONE',  ( 48.00000000000000711, 71.80489787474886043, -25.00000000000000000 ) ) ;
#4119 = ORIENTED_EDGE ( 'NONE', *, *, #5085, .T. ) ;
#4120 = DIRECTION ( 'NONE',  ( 0.000000000000000000, 0.000000000000000000, 1.000000000000000000 ) ) ;
#4121 = DIRECTION ( 'NONE',  ( -0.000000000000000000, -0.000000000000000000, -1.000000000000000000 ) ) ;
#4122 = VECTOR ( 'NONE', #4579, 1000.000000000000000 ) ;
#4123 = VERTEX_POINT ( 'NONE', #1529 ) ;
#4124 = VECTOR ( 'NONE', #3061, 1000.000000000000000 ) ;
#4125 = DIRECTION ( 'NONE',  ( 0.000000000000000000, 0.000000000000000000, -1.000000000000000000 ) ) ;
#4126 = PLANE ( 'NONE',  #2997 ) ;
#4127 = AXIS2_PLACEMENT_3D ( 'NONE', #3457, #5187, #2251 ) ;
#4128 = EDGE_CURVE ( 'NONE', #1682, #249, #3720, .T. ) ;
#4129 = LINE ( 'NONE', #352, #5159 ) ;
#4130 = CARTESIAN_POINT ( 'NONE',  ( 23.50000000000001066, 116.4009999999999962, -2.500000000000000000 ) ) ;
#4131 = ORIENTED_EDGE ( 'NONE', *, *, #4721, .T. ) ;
#4132 = AXIS2_PLACEMENT_3D ( 'NONE', #649, #118, #4690 ) ;
#4133 = CARTESIAN_POINT ( 'NONE',  ( -20.99999999999999289, 96.35214765305080675, 13.23060812792570928 ) ) ;
#4134 = DIRECTION ( 'NONE',  ( 1.000000000000000000, 0.000000000000000000, 0.000000000000000000 ) ) ;
#4135 = CARTESIAN_POINT ( 'NONE',  ( -24.16032323207944899, 107.0679764975367760, 37.99952308246528787 ) ) ;
#4136 = CARTESIAN_POINT ( 'NONE',  ( 53.00000000000000711, 45.90100000000001046, 7.999999999999923617 ) ) ;
#4137 = ORIENTED_EDGE ( 'NONE', *, *, #5321, .F. ) ;
#4138 = CARTESIAN_POINT ( 'NONE',  ( 109.8300000000000125, 60.22100000000001785, 40.29625838435640617 ) ) ;
#4139 = FACE_OUTER_BOUND ( 'NONE', #5197, .T. ) ;
#4140 = CARTESIAN_POINT ( 'NONE',  ( -20.99999999999999289, 68.65100000000001046, 7.999999999999994671 ) ) ;
#4141 = AXIS2_PLACEMENT_3D ( 'NONE', #2029, #4974, #3602 ) ;
#4142 = FACE_BOUND ( 'NONE', #5345, .T. ) ;
#4143 = CARTESIAN_POINT ( 'NONE',  ( -9.437519228353870250E-15, 52.40099999999997493, -2.500000000000000000 ) ) ;
#4144 = CARTESIAN_POINT ( 'NONE',  ( 41.00000000000000711, 73.65100000000001046, 13.99999999999999822 ) ) ;
#4145 = ORIENTED_EDGE ( 'NONE', *, *, #3362, .F. ) ;
#4146 = EDGE_CURVE ( 'NONE', #1109, #1781, #666, .T. ) ;
#4147 = CARTESIAN_POINT ( 'NONE',  ( 7.121443601721749817E-15, 8.721253112156912278E-31, 58.00000000000000000 ) ) ;
#4148 = DIRECTION ( 'NONE',  ( 1.000000000000000000, 0.000000000000000000, 0.000000000000000000 ) ) ;
#4149 = ORIENTED_EDGE ( 'NONE', *, *, #737, .T. ) ;
#4150 = LINE ( 'NONE', #5257, #2943 ) ;
#4151 = LINE ( 'NONE', #4044, #211 ) ;
#4152 = CARTESIAN_POINT ( 'NONE',  ( 38.00000000000000711, 56.15099999999998914, -30.00000000000000711 ) ) ;
#4153 = CARTESIAN_POINT ( 'NONE',  ( 23.00000000000000000, 61.15099999999999625, 8.000000000000000000 ) ) ;
#4154 = EDGE_CURVE ( 'NONE', #1781, #3048, #4150, .T. ) ;
#4155 = AXIS2_PLACEMENT_3D ( 'NONE', #3467, #1007, #5221 ) ;
#4156 = VERTEX_POINT ( 'NONE', #2319 ) ;
#4157 = AXIS2_PLACEMENT_3D ( 'NONE', #2265, #3912, #607 ) ;
#4158 = ADVANCED_FACE ( 'NONE', ( #404 ), #431, .F. ) ;
#4159 = DIRECTION ( 'NONE',  ( -1.296057769407959998E-16, 1.000000000000000000, -0.000000000000000000 ) ) ;
#4160 = VERTEX_POINT ( 'NONE', #1661 ) ;
#4161 = ADVANCED_FACE ( 'NONE', ( #2091 ), #2784, .T. ) ;
#4162 = CARTESIAN_POINT ( 'NONE',  ( -23.49999999999999289, 99.44792943581263955, 32.65944962115539596 ) ) ;
#4163 = LINE ( 'NONE', #2531, #4463 ) ;
#4164 = CARTESIAN_POINT ( 'NONE',  ( 28.40013825339125120, 78.02873856058172919, -2.500000000000000000 ) ) ;
#4165 = ORIENTED_EDGE ( 'NONE', *, *, #2466, .F. ) ;
#4166 = ORIENTED_EDGE ( 'NONE', *, *, #3684, .F. ) ;
#4167 = DIRECTION ( 'NONE',  ( 9.842402700577632017E-17, -1.000000000000000000, 3.201631872496236389E-18 ) ) ;
#4168 = DIRECTION ( 'NONE',  ( 0.000000000000000000, 0.000000000000000000, 1.000000000000000000 ) ) ;
#4169 = B_SPLINE_CURVE_WITH_KNOTS ( 'NONE', 3,
 ( #2845, #2897, #881, #2104, #4491, #855, #2507, #2074, #824, #776, #4077, #2480, #4135, #414, #497, #2641 ),
 .UNSPECIFIED., .F., .F.,
 ( 4, 2, 2, 2, 2, 2, 2, 4 ),
 ( 1.589900327696125378E-17, 0.0004966273921417667858, 0.0009932547842835175254, 0.001489882176425268373, 0.001986509568567019438, 0.002979764352850521134, 0.003476391744992264176, 0.003973019137134006784 ),
 .UNSPECIFIED. ) ;
#4170 = CARTESIAN_POINT ( 'NONE',  ( 34.00000000000000000, 78.65099999999998204, -11.81408373251029253 ) ) ;
#4171 = AXIS2_PLACEMENT_3D ( 'NONE', #2442, #428, #4094 ) ;
#4172 = LINE ( 'NONE', #1353, #2650 ) ;
#4173 = ORIENTED_EDGE ( 'NONE', *, *, #5204, .T. ) ;
#4174 = CARTESIAN_POINT ( 'NONE',  ( 1.042677680905101072E-35, 102.0809999999999889, -30.00000000000000000 ) ) ;
#4175 = LINE ( 'NONE', #3660, #90 ) ;
#4176 = EDGE_LOOP ( 'NONE', ( #628, #1472, #1982, #311, #16, #2381 ) ) ;
#4177 = CARTESIAN_POINT ( 'NONE',  ( 0.000000000000000000, 107.1510000000000105, 58.00000000000000000 ) ) ;
#4178 = CARTESIAN_POINT ( 'NONE',  ( 118.0000000000000142, 154.7285357934736396, 8.000000000000000000 ) ) ;
#4179 = CARTESIAN_POINT ( 'NONE',  ( -23.49999999999999645, 59.59684879234178823, 36.33539736841862577 ) ) ;
#4180 = EDGE_CURVE ( 'NONE', #1880, #1824, #2678, .T. ) ;
#4181 = CARTESIAN_POINT ( 'NONE',  ( 62.57000000000000028, 57.52100000000000790, -18.50000000000001776 ) ) ;
#4182 = ORIENTED_EDGE ( 'NONE', *, *, #3198, .T. ) ;
#4183 = CARTESIAN_POINT ( 'NONE',  ( -35.99999999999998579, 45.90100000000000335, 0.000000000000000000 ) ) ;
#4184 = CARTESIAN_POINT ( 'NONE',  ( -30.00000000000000000, 61.15099999999999625, 5.199999999999999289 ) ) ;
#4185 = DIRECTION ( 'NONE',  ( 0.000000000000000000, -0.000000000000000000, 1.000000000000000000 ) ) ;
#4186 = EDGE_LOOP ( 'NONE', ( #4520, #4453, #521, #1123 ) ) ;
#4187 = CARTESIAN_POINT ( 'NONE',  ( 2.500000000000000000, 58.15100000000000335, 10.50000000000000000 ) ) ;
#4188 = VERTEX_POINT ( 'NONE', #5282 ) ;
#4189 = EDGE_LOOP ( 'NONE', ( #2703, #2095, #3770, #3786, #2940, #435, #3385, #3421 ) ) ;
#4190 = EDGE_CURVE ( 'NONE', #2833, #707, #3742, .T. ) ;
#4191 = CARTESIAN_POINT ( 'NONE',  ( 45.50000000000001421, 4.397423510346487955E-15, -13.52538256101397529 ) ) ;
#4192 = VECTOR ( 'NONE', #4331, 1000.000000000000000 ) ;
#4193 = LINE ( 'NONE', #831, #2374 ) ;
#4194 = CARTESIAN_POINT ( 'NONE',  ( 124.0000000000000142, 113.4010000000000247, 8.000000000000000000 ) ) ;
#4195 = CONICAL_SURFACE ( 'NONE', #4111, 6.199999999999997513, 0.7853981633974482790 ) ;
#4196 = DIRECTION ( 'NONE',  ( 0.000000000000000000, -0.000000000000000000, 1.000000000000000000 ) ) ;
#4197 = VERTEX_POINT ( 'NONE', #3134 ) ;
#4198 = CONICAL_SURFACE ( 'NONE', #5079, 6.199999999999997513, 0.7853981633974482790 ) ;
#4199 = DIRECTION ( 'NONE',  ( 0.000000000000000000, 0.000000000000000000, -1.000000000000000000 ) ) ;
#4200 = LINE ( 'NONE', #1385, #1607 ) ;
#4201 = ADVANCED_FACE ( 'NONE', ( #3995 ), #4794, .F. ) ;
#4202 = CARTESIAN_POINT ( 'NONE',  ( -23.49999999999998934, 61.45519147730382059, 34.53474241140274614 ) ) ;
#4203 = AXIS2_PLACEMENT_3D ( 'NONE', #4223, #67, #945 ) ;
#4204 = VECTOR ( 'NONE', #1464, 1000.000000000000000 ) ;
#4205 =( BOUNDED_CURVE ( )  B_SPLINE_CURVE ( 3, ( #5036, #3469, #546, #2972 ),
 .UNSPECIFIED., .F., .F. ) 
 B_SPLINE_CURVE_WITH_KNOTS ( ( 4, 4 ),
 ( 5.645440951562422427, 7.216237278357320761 ),
 .UNSPECIFIED. ) 
 CURVE ( )  GEOMETRIC_REPRESENTATION_ITEM ( )  RATIONAL_B_SPLINE_CURVE ( ( 1.000000000000000000, 0.8047378541243646044, 0.8047378541243646044, 1.000000000000000000 ) ) 
 REPRESENTATION_ITEM ( '' )  );
#4206 = ORIENTED_EDGE ( 'NONE', *, *, #2745, .F. ) ;
#4207 = AXIS2_PLACEMENT_3D ( 'NONE', #2414, #2908, #5376 ) ;
#4208 = ADVANCED_FACE ( 'NONE', ( #4401 ), #3972, .F. ) ;
#4209 = LINE ( 'NONE', #3394, #1337 ) ;
#4210 = CARTESIAN_POINT ( 'NONE',  ( 23.00000000000000000, 61.15099999999999625, 5.199999999999999289 ) ) ;
#4211 = CARTESIAN_POINT ( 'NONE',  ( 0.000000000000000000, 0.000000000000000000, 0.000000000000000000 ) ) ;
#4212 = VECTOR ( 'NONE', #4720, 1000.000000000000000 ) ;
#4213 = ORIENTED_EDGE ( 'NONE', *, *, #1330, .F. ) ;
#4214 = ORIENTED_EDGE ( 'NONE', *, *, #5388, .F. ) ;
#4215 = CARTESIAN_POINT ( 'NONE',  ( 34.00000000000000711, 78.65099999999995362, -1.035533905932737975 ) ) ;
#4216 = EDGE_LOOP ( 'NONE', ( #2449, #4414, #1799, #4683 ) ) ;
#4217 = VERTEX_POINT ( 'NONE', #3286 ) ;
#4218 = CARTESIAN_POINT ( 'NONE',  ( -20.99999999999999289, 57.34901392241782503, 34.85083823599185138 ) ) ;
#4219 = CARTESIAN_POINT ( 'NONE',  ( -20.19999999999999929, 101.1510000000000105, 8.000000000000000000 ) ) ;
#4220 = AXIS2_PLACEMENT_3D ( 'NONE', #2302, #4276, #3957 ) ;
#4221 = DIRECTION ( 'NONE',  ( 0.7071067811865469066, 0.000000000000000000, 0.7071067811865482389 ) ) ;
#4222 = EDGE_CURVE ( 'NONE', #3942, #4039, #3157, .T. ) ;
#4223 = CARTESIAN_POINT ( 'NONE',  ( 26.50000000000000000, 61.15099999999999625, 8.000000000000000000 ) ) ;
#4224 = VECTOR ( 'NONE', #2534, 1000.000000000000000 ) ;
#4225 = AXIS2_PLACEMENT_3D ( 'NONE', #679, #1062, #3174 ) ;
#4226 = CARTESIAN_POINT ( 'NONE',  ( 45.50000000000000711, 90.49710212525111785, 0.000000000000000000 ) ) ;
#4227 = ORIENTED_EDGE ( 'NONE', *, *, #572, .T. ) ;
#4228 = VECTOR ( 'NONE', #4979, 1000.000000000000000 ) ;
#4229 = DIRECTION ( 'NONE',  ( 0.000000000000000000, -0.000000000000000000, 1.000000000000000000 ) ) ;
#4230 = DIRECTION ( 'NONE',  ( 0.000000000000000000, 0.000000000000000000, -1.000000000000000000 ) ) ;
#4231 = AXIS2_PLACEMENT_3D ( 'NONE', #3668, #5314, #854 ) ;
#4232 = DIRECTION ( 'NONE',  ( -1.042677680898292906E-32, 9.842402700577632017E-17, -1.000000000000000000 ) ) ;
#4233 = LINE ( 'NONE', #4672, #1127 ) ;
#4234 = ORIENTED_EDGE ( 'NONE', *, *, #1012, .T. ) ;
#4235 = ORIENTED_EDGE ( 'NONE', *, *, #5356, .T. ) ;
#4236 = CARTESIAN_POINT ( 'NONE',  ( 26.00000000000001066, 112.4009999999999962, -7.627588583212783213 ) ) ;
#4237 = CARTESIAN_POINT ( 'NONE',  ( 0.000000000000000000, 60.22100000000001785, -18.50000000000001776 ) ) ;
#4238 = FACE_BOUND ( 'NONE', #3376, .T. ) ;
#4239 = ORIENTED_EDGE ( 'NONE', *, *, #2399, .F. ) ;
#4240 = DIRECTION ( 'NONE',  ( 1.000000000000000000, -2.775557561562888984E-15, 0.000000000000000000 ) ) ;
#4241 = ORIENTED_EDGE ( 'NONE', *, *, #4309, .F. ) ;
#4242 = ORIENTED_EDGE ( 'NONE', *, *, #442, .F. ) ;
#4243 = CARTESIAN_POINT ( 'NONE',  ( -20.99999999999999645, 65.66420060954672522, 26.83827823677152935 ) ) ;
#4244 = CARTESIAN_POINT ( 'NONE',  ( 0.000000000000000000, 102.0809999999999889, -18.50000000000001776 ) ) ;
#4245 =( BOUNDED_CURVE ( )  B_SPLINE_CURVE ( 3, ( #828, #3298, #6, #2900 ),
 .UNSPECIFIED., .F., .F. ) 
 B_SPLINE_CURVE_WITH_KNOTS ( ( 4, 4 ),
 ( 1.570796326794896558, 3.141592653589793116 ),
 .UNSPECIFIED. ) 
 CURVE ( )  GEOMETRIC_REPRESENTATION_ITEM ( )  RATIONAL_B_SPLINE_CURVE ( ( 1.000000000000000000, 0.8047378541243649375, 0.8047378541243649375, 1.000000000000000000 ) ) 
 REPRESENTATION_ITEM ( '' )  );
#4246 = ADVANCED_FACE ( 'NONE', ( #1230 ), #716, .F. ) ;
#4247 = FACE_BOUND ( 'NONE', #2914, .T. ) ;
#4248 = DIRECTION ( 'NONE',  ( -0.000000000000000000, 1.000000000000000000, -0.000000000000000000 ) ) ;
#4249 = DIRECTION ( 'NONE',  ( 0.000000000000000000, -0.000000000000000000, 1.000000000000000000 ) ) ;
#4250 = EDGE_LOOP ( 'NONE', ( #760, #602, #1335, #2557 ) ) ;
#4251 = DIRECTION ( 'NONE',  ( 1.000000000000000000, 0.000000000000000000, 0.000000000000000000 ) ) ;
#4252 = CARTESIAN_POINT ( 'NONE',  ( 45.63083989060736201, 45.90099999999997493, -11.02880872412753988 ) ) ;
#4253 = VECTOR ( 'NONE', #280, 1000.000000000000000 ) ;
#4254 = CARTESIAN_POINT ( 'NONE',  ( -23.50000000000000355, 64.24555245344684806, 30.19171282335267037 ) ) ;
#4255 = EDGE_CURVE ( 'NONE', #1922, #5299, #689, .T. ) ;
#4256 = B_SPLINE_CURVE_WITH_KNOTS ( 'NONE', 3,
 ( #5201, #3179, #1477, #2748, #4345, #3129, #292, #711, #2286, #4841, #243, #4396, #3938, #2338, #4016, #3990, #4423, #1876, #1950, #2781, #3578, #1553 ),
 .UNSPECIFIED., .F., .F.,
 ( 4, 2, 2, 2, 2, 2, 2, 2, 2, 2, 4 ),
 ( 0.000000000000000000, 0.002016914714719362112, 0.004033829429438724225, 0.006050744144158085903, 0.008067658858877434572, 0.01008457357359678411, 0.01210148828831613364, 0.01613531771775484139, 0.02016914714719355434, 0.02420297657663226382, 0.03227063543550966890 ),
 .UNSPECIFIED. ) ;
#4257 = ORIENTED_EDGE ( 'NONE', *, *, #1647, .T. ) ;
#4258 = LINE ( 'NONE', #1789, #4856 ) ;
#4259 = EDGE_LOOP ( 'NONE', ( #151, #3808, #1421, #2775 ) ) ;
#4260 = CARTESIAN_POINT ( 'NONE',  ( -20.99999999999999289, 104.1510000000000105, 34.28321493267161202 ) ) ;
#4261 = CARTESIAN_POINT ( 'NONE',  ( 0.000000000000000000, 115.9384999999999764, 10.50000000000000178 ) ) ;
#4262 = CARTESIAN_POINT ( 'NONE',  ( 48.00000000000001421, 4.686786873755976163E-15, 0.000000000000000000 ) ) ;
#4263 = EDGE_LOOP ( 'NONE', ( #1194, #2951, #2973, #1771, #3926, #409, #757, #4654, #176 ) ) ;
#4264 = ORIENTED_EDGE ( 'NONE', *, *, #1612, .F. ) ;
#4265 = DIRECTION ( 'NONE',  ( 1.000000000000000000, 0.000000000000000000, 0.000000000000000000 ) ) ;
#4266 = ORIENTED_EDGE ( 'NONE', *, *, #5388, .T. ) ;
#4267 = EDGE_LOOP ( 'NONE', ( #3046, #2440, #460, #3666 ) ) ;
#4268 = ORIENTED_EDGE ( 'NONE', *, *, #503, .F. ) ;
#4269 = CARTESIAN_POINT ( 'NONE',  ( -20.99999999999884537, 62.43651793474809608, 33.28565411578092892 ) ) ;
#4270 = ADVANCED_FACE ( 'NONE', ( #273 ), #5080, .T. ) ;
#4271 = LINE ( 'NONE', #1403, #3579 ) ;
#4272 = CARTESIAN_POINT ( 'NONE',  ( 57.56999999999999318, 104.7810000000000059, 40.29625838435640617 ) ) ;
#4273 = CARTESIAN_POINT ( 'NONE',  ( -25.99999999999999645, 81.15099999999999625, 38.00000000000000711 ) ) ;
#4274 = VECTOR ( 'NONE', #2189, 1000.000000000000114 ) ;
#4275 = EDGE_CURVE ( 'NONE', #5035, #3282, #5029, .T. ) ;
#4276 = DIRECTION ( 'NONE',  ( -0.000000000000000000, 0.000000000000000000, 1.000000000000000000 ) ) ;
#4277 = DIRECTION ( 'NONE',  ( -1.000000000000000000, 0.000000000000000000, 0.000000000000000000 ) ) ;
#4278 = ORIENTED_EDGE ( 'NONE', *, *, #3299, .T. ) ;
#4279 = CARTESIAN_POINT ( 'NONE',  ( -23.00000000000000355, 94.36083581545931054, 17.35904001168884392 ) ) ;
#4280 = FACE_OUTER_BOUND ( 'NONE', #375, .T. ) ;
#4281 = DIRECTION ( 'NONE',  ( 1.000000000000000000, 0.000000000000000000, 0.000000000000000000 ) ) ;
#4282 = CARTESIAN_POINT ( 'NONE',  ( -22.99999999999999645, 0.000000000000000000, 8.000000000000000000 ) ) ;
#4283 = VECTOR ( 'NONE', #4589, 1000.000000000000000 ) ;
#4284 = CIRCLE ( 'NONE', #5253, 6.299999999999996270 ) ;
#4285 = ORIENTED_EDGE ( 'NONE', *, *, #65, .T. ) ;
#4286 = CARTESIAN_POINT ( 'NONE',  ( 3.530358326568581620E-16, 107.3425737725975466, 56.96446609406725514 ) ) ;
#4287 = EDGE_CURVE ( 'NONE', #1072, #552, #2944, .T. ) ;
#4288 = AXIS2_PLACEMENT_3D ( 'NONE', #3201, #808, #2462 ) ;
#4289 = CARTESIAN_POINT ( 'NONE',  ( -22.69380093352676298, 104.1510000000000105, 37.10562541962852379 ) ) ;
#4290 = CARTESIAN_POINT ( 'NONE',  ( -25.99999999999999645, 88.65099999999999625, 58.00000000000000000 ) ) ;
#4291 = CARTESIAN_POINT ( 'NONE',  ( 104.8300000000000125, 104.7810000000000059, -30.00000000000000000 ) ) ;
#4292 = EDGE_LOOP ( 'NONE', ( #5017, #255, #538, #5145 ) ) ;
#4293 = AXIS2_PLACEMENT_3D ( 'NONE', #2180, #3829, #1765 ) ;
#4294 = ORIENTED_EDGE ( 'NONE', *, *, #4747, .F. ) ;
#4295 = CIRCLE ( 'NONE', #2314, 2.700000000000008171 ) ;
#4296 = CARTESIAN_POINT ( 'NONE',  ( 2.983197022743416908E-13, 107.4810000000002930, 40.29625838435640617 ) ) ;
#4297 = ORIENTED_EDGE ( 'NONE', *, *, #4693, .F. ) ;
#4298 = ORIENTED_EDGE ( 'NONE', *, *, #354, .T. ) ;
#4299 = ORIENTED_EDGE ( 'NONE', *, *, #3696, .T. ) ;
#4300 = CARTESIAN_POINT ( 'NONE',  ( -23.49999999999999289, 63.61425493518320451, 31.39658350933736841 ) ) ;
#4301 = LINE ( 'NONE', #4219, #4895 ) ;
#4302 = CARTESIAN_POINT ( 'NONE',  ( -35.99999999999999289, 68.65100000000001046, 8.000000000000000000 ) ) ;
#4303 = CARTESIAN_POINT ( 'NONE',  ( 81.20000000000000284, 61.65099999999998914, -30.00000000000000000 ) ) ;
#4304 = ORIENTED_EDGE ( 'NONE', *, *, #5389, .T. ) ;
#4305 = VECTOR ( 'NONE', #4071, 1000.000000000000114 ) ;
#4306 = CARTESIAN_POINT ( 'NONE',  ( -1.205182504613271132E-14, 112.4009999999999962, -2.500000000000000000 ) ) ;
#4307 = CARTESIAN_POINT ( 'NONE',  ( 53.00000000000000000, 116.4010000000000105, -18.50000000000001421 ) ) ;
#4308 = ORIENTED_EDGE ( 'NONE', *, *, #3659, .T. ) ;
#4309 = EDGE_CURVE ( 'NONE', #1109, #204, #242, .T. ) ;
#4310 = CARTESIAN_POINT ( 'NONE',  ( 2.500000000000007105, 3.061616997868381662E-16, 8.000000000000000000 ) ) ;
#4311 = DIRECTION ( 'NONE',  ( 1.000000000000000000, 0.000000000000000000, 0.000000000000000000 ) ) ;
#4312 = VECTOR ( 'NONE', #3861, 1000.000000000000000 ) ;
#4313 = LINE ( 'NONE', #5168, #158 ) ;
#4314 = ORIENTED_EDGE ( 'NONE', *, *, #3627, .T. ) ;
#4315 = AXIS2_PLACEMENT_3D ( 'NONE', #4471, #345, #3281 ) ;
#4316 = EDGE_CURVE ( 'NONE', #317, #3006, #3363, .T. ) ;
#4317 = DIRECTION ( 'NONE',  ( 1.000000000000000000, 0.000000000000000000, 0.000000000000000000 ) ) ;
#4318 = EDGE_CURVE ( 'NONE', #3842, #4657, #3016, .T. ) ;
#4319 = DIRECTION ( 'NONE',  ( -0.000000000000000000, 0.000000000000000000, 1.000000000000000000 ) ) ;
#4320 = PLANE ( 'NONE',  #4157 ) ;
#4321 = DIRECTION ( 'NONE',  ( -1.000000000000000000, 0.000000000000000000, -0.000000000000000000 ) ) ;
#4322 = EDGE_CURVE ( 'NONE', #735, #4156, #2766, .T. ) ;
#4323 = VERTEX_POINT ( 'NONE', #2172 ) ;
#4324 = ORIENTED_EDGE ( 'NONE', *, *, #2192, .F. ) ;
#4325 = EDGE_CURVE ( 'NONE', #1443, #4003, #516, .T. ) ;
#4326 = PLANE ( 'NONE',  #3969 ) ;
#4327 = ORIENTED_EDGE ( 'NONE', *, *, #2060, .F. ) ;
#4328 = ORIENTED_EDGE ( 'NONE', *, *, #2834, .T. ) ;
#4329 = ORIENTED_EDGE ( 'NONE', *, *, #2068, .F. ) ;
#4330 = CARTESIAN_POINT ( 'NONE',  ( -20.99999999999999645, 64.88007381313991573, 28.81721251288266572 ) ) ;
#4331 = DIRECTION ( 'NONE',  ( 1.000000000000000000, 0.000000000000000000, 0.000000000000000000 ) ) ;
#4332 = ADVANCED_FACE ( 'NONE', ( #1358 ), #2229, .F. ) ;
#4333 = AXIS2_PLACEMENT_3D ( 'NONE', #3884, #3390, #77 ) ;
#4334 = CARTESIAN_POINT ( 'NONE',  ( 48.00000000000001421, 4.664684149809546044E-15, -13.52538256101397351 ) ) ;
#4335 = CARTESIAN_POINT ( 'NONE',  ( 28.50000000000000711, 112.4009999999999962, -7.627588583212783213 ) ) ;
#4336 = CARTESIAN_POINT ( 'NONE',  ( -1.521588410824383176E-13, 54.82099999999971374, -30.00000000000000711 ) ) ;
#4337 = CARTESIAN_POINT ( 'NONE',  ( 26.50000000000000000, 101.1510000000000105, 5.199999999999999289 ) ) ;
#4338 = ORIENTED_EDGE ( 'NONE', *, *, #5060, .F. ) ;
#4339 = DIRECTION ( 'NONE',  ( 4.082155997157831493E-17, -1.000000000000000000, 0.000000000000000000 ) ) ;
#4340 = DIRECTION ( 'NONE',  ( 1.000000000000000000, 0.000000000000000000, -2.775557561562888984E-15 ) ) ;
#4341 = FACE_OUTER_BOUND ( 'NONE', #1097, .T. ) ;
#4342 = ORIENTED_EDGE ( 'NONE', *, *, #4222, .F. ) ;
#4343 = DIRECTION ( 'NONE',  ( 0.000000000000000000, 0.000000000000000000, 1.000000000000000000 ) ) ;
#4344 = VERTEX_POINT ( 'NONE', #3435 ) ;
#4345 = CARTESIAN_POINT ( 'NONE',  ( -22.99999999999999645, 60.83487085555244533, 35.16146239484366021 ) ) ;
#4346 = DIRECTION ( 'NONE',  ( -0.000000000000000000, 0.000000000000000000, 1.000000000000000000 ) ) ;
#4347 = EDGE_CURVE ( 'NONE', #2267, #1518, #4591, .T. ) ;
#4348 = EDGE_CURVE ( 'NONE', #2261, #3993, #2117, .T. ) ;
#4349 = CARTESIAN_POINT ( 'NONE',  ( 104.8300000000000125, 54.82100000000000506, -18.50000000000001776 ) ) ;
#4350 = ORIENTED_EDGE ( 'NONE', *, *, #1330, .T. ) ;
#4351 = DIRECTION ( 'NONE',  ( -0.000000000000000000, -0.000000000000000000, 1.000000000000000000 ) ) ;
#4352 = VERTEX_POINT ( 'NONE', #1331 ) ;
#4353 = VERTEX_POINT ( 'NONE', #3799 ) ;
#4354 = CARTESIAN_POINT ( 'NONE',  ( -23.00000000000000000, 101.1510000000000105, 0.000000000000000000 ) ) ;
#4355 = DIRECTION ( 'NONE',  ( -0.000000000000000000, -0.000000000000000000, 1.000000000000000000 ) ) ;
#4356 = CARTESIAN_POINT ( 'NONE',  ( 34.00000000000001421, 83.65099999999999625, -1.035533905932730203 ) ) ;
#4357 = CARTESIAN_POINT ( 'NONE',  ( 26.50000000000000000, 101.1510000000000105, 8.000000000000000000 ) ) ;
#4358 = EDGE_CURVE ( 'NONE', #4323, #1633, #3692, .T. ) ;
#4359 = LINE ( 'NONE', #946, #4928 ) ;
#4360 = EDGE_LOOP ( 'NONE', ( #3612, #5150, #4768, #4837, #1699 ) ) ;
#4361 = CARTESIAN_POINT ( 'NONE',  ( -5.000000000000000000, 107.1510000000000105, 58.00000000000000000 ) ) ;
#4362 = LINE ( 'NONE', #626, #5003 ) ;
#4363 = CARTESIAN_POINT ( 'NONE',  ( -0.000000000000000000, 76.40099999999999625, 8.000000000000000000 ) ) ;
#4364 = ORIENTED_EDGE ( 'NONE', *, *, #3731, .F. ) ;
#4365 = ORIENTED_EDGE ( 'NONE', *, *, #3069, .F. ) ;
#4366 = LINE ( 'NONE', #4282, #2693 ) ;
#4367 = ORIENTED_EDGE ( 'NONE', *, *, #5031, .F. ) ;
#4368 = AXIS2_PLACEMENT_3D ( 'NONE', #103, #4346, #3153 ) ;
#4369 = CARTESIAN_POINT ( 'NONE',  ( -21.33397478097615974, 58.15100000000001756, 35.82241948258013053 ) ) ;
#4370 = CIRCLE ( 'NONE', #2036, 2.700000000000008171 ) ;
#4371 = CARTESIAN_POINT ( 'NONE',  ( -25.99999999999999645, 0.000000000000000000, 58.00000000000000000 ) ) ;
#4372 = ORIENTED_EDGE ( 'NONE', *, *, #3684, .T. ) ;
#4373 = ORIENTED_EDGE ( 'NONE', *, *, #1046, .T. ) ;
#4374 = AXIS2_PLACEMENT_3D ( 'NONE', #1736, #4230, #2546 ) ;
#4375 = CARTESIAN_POINT ( 'NONE',  ( 81.20000000000000284, 81.15099999999998204, -18.50000000000001776 ) ) ;
#4376 = ORIENTED_EDGE ( 'NONE', *, *, #2193, .T. ) ;
#4377 = EDGE_LOOP ( 'NONE', ( #2490, #500, #2283, #4743, #2637, #2026 ) ) ;
#4378 = EDGE_CURVE ( 'NONE', #3811, #1633, #3876, .T. ) ;
#4379 = CARTESIAN_POINT ( 'NONE',  ( -20.99999999999998934, 103.2883642083846638, 36.75813515096238149 ) ) ;
#4380 = VECTOR ( 'NONE', #1243, 1000.000000000000000 ) ;
#4381 = DIRECTION ( 'NONE',  ( -4.082155997157831493E-17, 1.000000000000000000, 0.000000000000000000 ) ) ;
#4382 = AXIS2_PLACEMENT_3D ( 'NONE', #4749, #3217, #3704 ) ;
#4383 = DIRECTION ( 'NONE',  ( -1.000000000000000000, 0.000000000000000000, 0.000000000000000000 ) ) ;
#4384 = AXIS2_PLACEMENT_3D ( 'NONE', #1706, #1731, #2961 ) ;
#4385 = FACE_OUTER_BOUND ( 'NONE', #2361, .T. ) ;
#4386 = LINE ( 'NONE', #1914, #2847 ) ;
#4387 = VERTEX_POINT ( 'NONE', #3820 ) ;
#4388 = ADVANCED_FACE ( 'NONE', ( #4280 ), #1975, .F. ) ;
#4389 = CARTESIAN_POINT ( 'NONE',  ( -22.99999999999999645, 93.70151025721682458, 8.000000000000000000 ) ) ;
#4390 = CARTESIAN_POINT ( 'NONE',  ( 121.0000000000000284, 48.90100000000001756, -30.00000000000000711 ) ) ;
#4391 = DIRECTION ( 'NONE',  ( 0.000000000000000000, 1.000000000000000000, 0.000000000000000000 ) ) ;
#4392 = ORIENTED_EDGE ( 'NONE', *, *, #5297, .T. ) ;
#4393 = ORIENTED_EDGE ( 'NONE', *, *, #5153, .F. ) ;
#4394 = CARTESIAN_POINT ( 'NONE',  ( 28.36916010939267707, 112.4009999999999962, -10.12416242009921774 ) ) ;
#4395 = VERTEX_POINT ( 'NONE', #122 ) ;
#4396 = CARTESIAN_POINT ( 'NONE',  ( -23.00000000000000355, 64.77177505284888070, 28.93871908305999341 ) ) ;
#4397 = CARTESIAN_POINT ( 'NONE',  ( 28.47793872581508978, 81.64113406440257847, -23.96446609406726935 ) ) ;
#4398 = VECTOR ( 'NONE', #3028, 1000.000000000000000 ) ;
#4399 = AXIS2_PLACEMENT_3D ( 'NONE', #4947, #4504, #4885 ) ;
#4400 = ORIENTED_EDGE ( 'NONE', *, *, #5189, .T. ) ;
#4401 = FACE_OUTER_BOUND ( 'NONE', #1476, .T. ) ;
#4402 = VERTEX_POINT ( 'NONE', #3772 ) ;
#4403 = ORIENTED_EDGE ( 'NONE', *, *, #4879, .F. ) ;
#4404 = CARTESIAN_POINT ( 'NONE',  ( -20.99999999999999289, 103.1590102967822276, 33.39456074100344551 ) ) ;
#4405 = CARTESIAN_POINT ( 'NONE',  ( 4.251606292599853178E-15, 1.735572012489046672E-31, 58.00000000000000000 ) ) ;
#4406 = DIRECTION ( 'NONE',  ( -1.595148023886718822E-16, 1.000000000000000000, 0.000000000000000000 ) ) ;
#4407 = LINE ( 'NONE', #4864, #5009 ) ;
#4408 = LINE ( 'NONE', #1651, #4698 ) ;
#4409 = PLANE ( 'NONE',  #4481 ) ;
#4410 = AXIS2_PLACEMENT_3D ( 'NONE', #2950, #4982, #794 ) ;
#4411 = EDGE_CURVE ( 'NONE', #5299, #2826, #3336, .T. ) ;
#4412 = CIRCLE ( 'NONE', #3206, 3.000000000000002665 ) ;
#4413 = EDGE_CURVE ( 'NONE', #403, #659, #540, .T. ) ;
#4414 = ORIENTED_EDGE ( 'NONE', *, *, #3533, .F. ) ;
#4415 = CARTESIAN_POINT ( 'NONE',  ( -20.99999999999998934, 65.94985234694919995, 13.23060812792573238 ) ) ;
#4416 =( BOUNDED_CURVE ( )  B_SPLINE_CURVE ( 3, ( #627, #4835, #5243, #1036 ),
 .UNSPECIFIED., .F., .F. ) 
 B_SPLINE_CURVE_WITH_KNOTS ( ( 4, 4 ),
 ( 3.193952531149617080, 4.712388980384689674 ),
 .UNSPECIFIED. ) 
 CURVE ( )  GEOMETRIC_REPRESENTATION_ITEM ( )  RATIONAL_B_SPLINE_CURVE ( ( 1.000000000000000000, 0.8169162473415237935, 0.8169162473415237935, 1.000000000000000000 ) ) 
 REPRESENTATION_ITEM ( '' )  );
#4417 = ORIENTED_EDGE ( 'NONE', *, *, #4937, .F. ) ;
#4418 = CARTESIAN_POINT ( 'NONE',  ( -26.50000000000000000, 61.15099999999999625, 8.000000000000000000 ) ) ;
#4419 = FACE_OUTER_BOUND ( 'NONE', #4564, .T. ) ;
#4420 = VERTEX_POINT ( 'NONE', #894 ) ;
#4421 = DIRECTION ( 'NONE',  ( -1.000000000000000000, 0.000000000000000000, 0.000000000000000000 ) ) ;
#4422 = EDGE_LOOP ( 'NONE', ( #288, #2501, #4533, #3653, #3697 ) ) ;
#4423 = CARTESIAN_POINT ( 'NONE',  ( -22.99999999999999289, 67.21418937317662312, 21.31452413464253226 ) ) ;
#4424 = EDGE_CURVE ( 'NONE', #3988, #3779, #509, .T. ) ;
#4425 = CARTESIAN_POINT ( 'NONE',  ( -6.035533905932735976, 116.4009999999999820, 8.000000000000000000 ) ) ;
#4426 = ORIENTED_EDGE ( 'NONE', *, *, #3008, .F. ) ;
#4427 = DIRECTION ( 'NONE',  ( -0.9079593845004512165, -1.312548716271987460E-16, 0.4190581774617478383 ) ) ;
#4428 = VERTEX_POINT ( 'NONE', #5135 ) ;
#4429 = EDGE_LOOP ( 'NONE', ( #140, #3099, #5171 ) ) ;
#4430 = CARTESIAN_POINT ( 'NONE',  ( -20.99999999999999289, 102.7235885985311370, 32.89996203829640109 ) ) ;
#4431 = VECTOR ( 'NONE', #130, 1000.000000000000000 ) ;
#4432 = CYLINDRICAL_SURFACE ( 'NONE', #4474, 2.500000000000002220 ) ;
#4433 = CARTESIAN_POINT ( 'NONE',  ( -25.99999999999999645, 93.65099999999999625, 7.999999999999994671 ) ) ;
#4434 = CARTESIAN_POINT ( 'NONE',  ( -2.983197022743403781E-13, 107.4809999999998098, 40.29625838435640617 ) ) ;
#4435 = ORIENTED_EDGE ( 'NONE', *, *, #3585, .T. ) ;
#4436 = CARTESIAN_POINT ( 'NONE',  ( 48.00000000000000711, 45.90100000000001756, -25.00000000000000355 ) ) ;
#4437 = EDGE_CURVE ( 'NONE', #3561, #3015, #2714, .T. ) ;
#4438 = CARTESIAN_POINT ( 'NONE',  ( -20.99999999999998934, 55.42966505885363659, 35.49999999999999289 ) ) ;
#4439 = ORIENTED_EDGE ( 'NONE', *, *, #1996, .T. ) ;
#4440 = LINE ( 'NONE', #3171, #4645 ) ;
#4441 = ORIENTED_EDGE ( 'NONE', *, *, #543, .T. ) ;
#4442 = CARTESIAN_POINT ( 'NONE',  ( -2.499999999999992895, -3.061616997868364899E-16, 58.00000000000000000 ) ) ;
#4443 = DIRECTION ( 'NONE',  ( -1.801018917263768674E-16, 1.000000000000000000, -0.000000000000000000 ) ) ;
#4444 = ORIENTED_EDGE ( 'NONE', *, *, #4424, .T. ) ;
#4445 = ADVANCED_FACE ( 'NONE', ( #1035 ), #4632, .T. ) ;
#4446 = CARTESIAN_POINT ( 'NONE',  ( -26.50000000000000000, 61.15099999999999625, 8.000000000000000000 ) ) ;
#4447 = VERTEX_POINT ( 'NONE', #2772 ) ;
#4448 = ORIENTED_EDGE ( 'NONE', *, *, #19, .F. ) ;
#4449 = CARTESIAN_POINT ( 'NONE',  ( -35.79289321881344677, 88.65100000000001046, 9.035533905932746634 ) ) ;
#4450 = VECTOR ( 'NONE', #663, 1000.000000000000000 ) ;
#4451 = CARTESIAN_POINT ( 'NONE',  ( -27.03553390593273420, 74.68653390593274821, 8.000000000000001776 ) ) ;
#4452 = EDGE_CURVE ( 'NONE', #3203, #668, #5165, .T. ) ;
#4453 = ORIENTED_EDGE ( 'NONE', *, *, #1364, .T. ) ;
#4454 = EDGE_LOOP ( 'NONE', ( #2336, #1524, #1141, #2396 ) ) ;
#4455 = AXIS2_PLACEMENT_3D ( 'NONE', #4457, #5192, #1407 ) ;
#4456 = CYLINDRICAL_SURFACE ( 'NONE', #3409, 3.499999999999999556 ) ;
#4457 = CARTESIAN_POINT ( 'NONE',  ( 0.000000000000000000, 55.15099999999999625, 58.00000000000000000 ) ) ;
#4458 = DIRECTION ( 'NONE',  ( -0.9396926207859082059, -0.3420201433256696011, 0.000000000000000000 ) ) ;
#4459 = VECTOR ( 'NONE', #2230, 1000.000000000000000 ) ;
#4460 = CYLINDRICAL_SURFACE ( 'NONE', #2410, 3.000000000000002665 ) ;
#4461 = ORIENTED_EDGE ( 'NONE', *, *, #3130, .T. ) ;
#4462 = LINE ( 'NONE', #309, #1059 ) ;
#4463 = VECTOR ( 'NONE', #1618, 1000.000000000000000 ) ;
#4464 = VECTOR ( 'NONE', #2516, 1000.000000000000000 ) ;
#4465 = CARTESIAN_POINT ( 'NONE',  ( 38.00000000000000000, 106.1509999999999962, 40.29625838435640617 ) ) ;
#4466 = ORIENTED_EDGE ( 'NONE', *, *, #1277, .F. ) ;
#4467 = VECTOR ( 'NONE', #5074, 1000.000000000000000 ) ;
#4468 = CARTESIAN_POINT ( 'NONE',  ( -2.499999999999999556, 55.15099999999999625, 58.00000000000000000 ) ) ;
#4469 = VERTEX_POINT ( 'NONE', #1440 ) ;
#4470 = DIRECTION ( 'NONE',  ( 1.000000000000000000, 0.000000000000000000, 0.000000000000000000 ) ) ;
#4471 = CARTESIAN_POINT ( 'NONE',  ( -26.50000000000000000, 61.15099999999999625, 8.000000000000000000 ) ) ;
#4472 = VECTOR ( 'NONE', #3249, 1000.000000000000000 ) ;
#4473 = EDGE_LOOP ( 'NONE', ( #1552, #1650, #4731, #3504 ) ) ;
#4474 = AXIS2_PLACEMENT_3D ( 'NONE', #3488, #5161, #2788 ) ;
#4475 = DIRECTION ( 'NONE',  ( -0.000000000000000000, 1.000000000000000000, -0.000000000000000000 ) ) ;
#4476 = ORIENTED_EDGE ( 'NONE', *, *, #2605, .F. ) ;
#4477 = ADVANCED_FACE ( 'NONE', ( #2281 ), #3905, .T. ) ;
#4478 = EDGE_LOOP ( 'NONE', ( #1870, #5296, #614, #557 ) ) ;
#4479 = LINE ( 'NONE', #432, #3592 ) ;
#4480 = CARTESIAN_POINT ( 'NONE',  ( 109.8300000000000125, 102.0809999999999889, -30.00000000000000000 ) ) ;
#4481 = AXIS2_PLACEMENT_3D ( 'NONE', #3245, #1158, #4912 ) ;
#4482 = EDGE_CURVE ( 'NONE', #582, #186, #4362, .T. ) ;
#4483 = DIRECTION ( 'NONE',  ( 0.000000000000000000, 0.000000000000000000, -1.000000000000000000 ) ) ;
#4484 = ORIENTED_EDGE ( 'NONE', *, *, #3410, .T. ) ;
#4485 = EDGE_CURVE ( 'NONE', #2575, #2563, #1620, .T. ) ;
#4486 = EDGE_LOOP ( 'NONE', ( #1998, #1032, #2186, #1854 ) ) ;
#4487 = AXIS2_PLACEMENT_3D ( 'NONE', #443, #470, #4 ) ;
#4488 = EDGE_CURVE ( 'NONE', #3777, #1691, #4806, .T. ) ;
#4489 = CARTESIAN_POINT ( 'NONE',  ( -21.00000000000341416, 96.18324719105724796, 25.51177841288759396 ) ) ;
#4490 = LINE ( 'NONE', #2428, #3717 ) ;
#4491 = CARTESIAN_POINT ( 'NONE',  ( -25.88263426377829290, 105.4250792029120731, 37.75571984641243262 ) ) ;
#4492 = EDGE_CURVE ( 'NONE', #3489, #3537, #487, .T. ) ;
#4493 = VECTOR ( 'NONE', #97, 1000.000000000000000 ) ;
#4494 = LINE ( 'NONE', #777, #5277 ) ;
#4495 = ORIENTED_EDGE ( 'NONE', *, *, #232, .T. ) ;
#4496 = CARTESIAN_POINT ( 'NONE',  ( -22.49999999999999645, 0.000000000000000000, 58.00000000000000000 ) ) ;
#4497 = ADVANCED_FACE ( 'NONE', ( #1918 ), #3524, .F. ) ;
#4498 = DIRECTION ( 'NONE',  ( 1.000000000000000000, 0.000000000000000000, 0.000000000000000000 ) ) ;
#4499 = CARTESIAN_POINT ( 'NONE',  ( 124.0000000000000142, 116.4010000000000389, 8.000000000000000000 ) ) ;
#4500 = EDGE_LOOP ( 'NONE', ( #4008, #2014, #4367, #1983 ) ) ;
#4501 = CARTESIAN_POINT ( 'NONE',  ( -23.49999999999999289, 68.44188734183408940, 13.43677138400549964 ) ) ;
#4502 = ORIENTED_EDGE ( 'NONE', *, *, #2674, .F. ) ;
#4503 = FACE_OUTER_BOUND ( 'NONE', #2796, .T. ) ;
#4504 = DIRECTION ( 'NONE',  ( -2.926945204235919505E-32, 1.476360405086644309E-16, -1.000000000000000000 ) ) ;
#4505 = ORIENTED_EDGE ( 'NONE', *, *, #2633, .T. ) ;
#4506 = FACE_OUTER_BOUND ( 'NONE', #4478, .T. ) ;
#4507 = DIRECTION ( 'NONE',  ( -1.000000000000000000, 0.000000000000000000, 0.000000000000000000 ) ) ;
#4508 = ORIENTED_EDGE ( 'NONE', *, *, #2307, .T. ) ;
#4509 = DIRECTION ( 'NONE',  ( 1.000000000000000000, 0.000000000000000000, 0.000000000000000000 ) ) ;
#4510 = PLANE ( 'NONE',  #1165 ) ;
#4511 = CARTESIAN_POINT ( 'NONE',  ( -26.50000000000000000, 61.15099999999999625, 8.000000000000000000 ) ) ;
#4512 = VERTEX_POINT ( 'NONE', #1003 ) ;
#4513 = EDGE_LOOP ( 'NONE', ( #2416, #685, #3857, #2965 ) ) ;
#4514 = EDGE_CURVE ( 'NONE', #1401, #5118, #182, .T. ) ;
#4515 = ADVANCED_FACE ( 'NONE', ( #2691 ), #2332, .F. ) ;
#4516 = CARTESIAN_POINT ( 'NONE',  ( -20.99999999999999289, 96.15099999999999625, 7.999999999999994671 ) ) ;
#4517 = DIRECTION ( 'NONE',  ( 0.000000000000000000, 0.000000000000000000, -1.000000000000000000 ) ) ;
#4518 = LINE ( 'NONE', #2129, #214 ) ;
#4519 = CARTESIAN_POINT ( 'NONE',  ( 31.00000000000000000, 113.4009999999999962, -24.99999999999999289 ) ) ;
#4520 = ORIENTED_EDGE ( 'NONE', *, *, #4714, .F. ) ;
#4521 = CARTESIAN_POINT ( 'NONE',  ( 104.8300000000000125, 102.0809999999999889, -18.50000000000001421 ) ) ;
#4522 = CIRCLE ( 'NONE', #2181, 3.499999999999999556 ) ;
#4523 = CARTESIAN_POINT ( 'NONE',  ( 48.00000000000000711, 71.80489787474886043, -24.84923155196477040 ) ) ;
#4524 = DIRECTION ( 'NONE',  ( 1.000000000000000000, 0.000000000000000000, 0.000000000000000000 ) ) ;
#4525 = ORIENTED_EDGE ( 'NONE', *, *, #3289, .F. ) ;
#4526 = CARTESIAN_POINT ( 'NONE',  ( -20.99999999999998934, 65.82816275144377016, 14.53572312000655842 ) ) ;
#4527 = ADVANCED_FACE ( 'NONE', ( #3932 ), #2740, .T. ) ;
#4528 = LINE ( 'NONE', #2438, #4472 ) ;
#4529 = DIRECTION ( 'NONE',  ( 0.000000000000000000, -0.000000000000000000, -1.000000000000000000 ) ) ;
#4530 = ORIENTED_EDGE ( 'NONE', *, *, #2287, .F. ) ;
#4531 = CARTESIAN_POINT ( 'NONE',  ( -19.99999999999999645, 85.90099999999999625, 10.50000000000000178 ) ) ;
#4532 = CARTESIAN_POINT ( 'NONE',  ( 86.20000000000001705, 100.6509999999999962, 40.29625838435640617 ) ) ;
#4533 = ORIENTED_EDGE ( 'NONE', *, *, #3696, .F. ) ;
#4534 = DIRECTION ( 'NONE',  ( 0.000000000000000000, 0.000000000000000000, -1.000000000000000000 ) ) ;
#4535 = CARTESIAN_POINT ( 'NONE',  ( 48.00000000000000711, 90.49710212525111785, -24.84923155196476685 ) ) ;
#4536 = PRODUCT_RELATED_PRODUCT_CATEGORY ( 'part', '', ( #541 ) ) ;
#4537 = CARTESIAN_POINT ( 'NONE',  ( 53.00000000000000000, 116.4010000000000105, 8.000000000000000000 ) ) ;
#4538 = CARTESIAN_POINT ( 'NONE',  ( -25.99999999999999645, 93.65099999999999625, 7.999999999999994671 ) ) ;
#4539 = EDGE_LOOP ( 'NONE', ( #4182, #382 ) ) ;
#4540 = AXIS2_PLACEMENT_3D ( 'NONE', #173, #1774, #4687 ) ;
#4541 = CARTESIAN_POINT ( 'NONE',  ( -21.00000000000226663, 99.44792943675494712, 32.65944962058818390 ) ) ;
#4542 = CARTESIAN_POINT ( 'NONE',  ( 45.50000000000000711, 90.49710212525111785, -2.500000000000000000 ) ) ;
#4543 = DIRECTION ( 'NONE',  ( 1.000000000000000000, 0.000000000000000000, 0.000000000000000000 ) ) ;
#4544 = VECTOR ( 'NONE', #1855, 1000.000000000000114 ) ;
#4545 = EDGE_CURVE ( 'NONE', #2424, #4064, #4038, .T. ) ;
#4546 = LINE ( 'NONE', #908, #4224 ) ;
#4547 = ORIENTED_EDGE ( 'NONE', *, *, #1859, .F. ) ;
#4548 = CARTESIAN_POINT ( 'NONE',  ( 26.50000000000000000, 101.1510000000000105, 8.000000000000000000 ) ) ;
#4549 = DIRECTION ( 'NONE',  ( 4.082155997157831493E-17, -1.000000000000000000, 0.000000000000000000 ) ) ;
#4550 = CIRCLE ( 'NONE', #2212, 2.700000000000001066 ) ;
#4551 = VECTOR ( 'NONE', #3151, 1000.000000000000000 ) ;
#4552 = DIRECTION ( 'NONE',  ( 0.000000000000000000, -1.000000000000000000, 0.000000000000000000 ) ) ;
#4553 = ORIENTED_EDGE ( 'NONE', *, *, #2970, .T. ) ;
#4554 = PLANE ( 'NONE',  #3260 ) ;
#4555 = DIRECTION ( 'NONE',  ( 1.000000000000000000, 0.000000000000000000, 0.000000000000000000 ) ) ;
#4556 = DIRECTION ( 'NONE',  ( -0.9396926207859082059, 0.3420201433256693235, 0.000000000000000000 ) ) ;
#4557 = ORIENTED_EDGE ( 'NONE', *, *, #2993, .T. ) ;
#4558 = EDGE_CURVE ( 'NONE', #3475, #552, #3342, .T. ) ;
#4559 = EDGE_LOOP ( 'NONE', ( #1296, #3625 ) ) ;
#4560 = FACE_OUTER_BOUND ( 'NONE', #4422, .T. ) ;
#4561 = EDGE_CURVE ( 'NONE', #5146, #241, #4295, .T. ) ;
#4562 = FACE_OUTER_BOUND ( 'NONE', #5093, .T. ) ;
#4563 = AXIS2_PLACEMENT_3D ( 'NONE', #4737, #3887, #3026 ) ;
#4564 = EDGE_LOOP ( 'NONE', ( #1530, #2413, #5271, #4266 ) ) ;
#4565 = VECTOR ( 'NONE', #698, 1000.000000000000000 ) ;
#4566 = DIRECTION ( 'NONE',  ( -0.000000000000000000, -0.000000000000000000, -1.000000000000000000 ) ) ;
#4567 = PLANE ( 'NONE',  #3335 ) ;
#4568 = LINE ( 'NONE', #2393, #761 ) ;
#4569 = DIRECTION ( 'NONE',  ( -0.000000000000000000, -0.000000000000000000, 1.000000000000000000 ) ) ;
#4570 = ORIENTED_EDGE ( 'NONE', *, *, #825, .F. ) ;
#4571 = CIRCLE ( 'NONE', #1711, 6.299999999999999822 ) ;
#4572 = VECTOR ( 'NONE', #3624, 1000.000000000000000 ) ;
#4573 = CARTESIAN_POINT ( 'NONE',  ( -23.49999999999999289, 93.86011265816588889, 13.43677138400547477 ) ) ;
#4574 = DIRECTION ( 'NONE',  ( 0.000000000000000000, 0.000000000000000000, -1.000000000000000000 ) ) ;
#4575 = FACE_BOUND ( 'NONE', #1597, .T. ) ;
#4576 = DIRECTION ( 'NONE',  ( 1.000000000000000000, 0.000000000000000000, 0.000000000000000000 ) ) ;
#4577 = EDGE_LOOP ( 'NONE', ( #3306, #1991, #1229, #4476 ) ) ;
#4578 = CIRCLE ( 'NONE', #3535, 2.700000000000008171 ) ;
#4579 = DIRECTION ( 'NONE',  ( 0.000000000000000000, 0.000000000000000000, -1.000000000000000000 ) ) ;
#4580 = CARTESIAN_POINT ( 'NONE',  ( 26.50000000000000000, 61.15099999999999625, 0.000000000000000000 ) ) ;
#4581 = VECTOR ( 'NONE', #4834, 1000.000000000000000 ) ;
#4582 = AXIS2_PLACEMENT_3D ( 'NONE', #2282, #1114, #4311 ) ;
#4583 = CARTESIAN_POINT ( 'NONE',  ( 34.00000000000002132, 4.915049848600957641E-15, -0.000000000000000000 ) ) ;
#4584 = DIRECTION ( 'NONE',  ( -2.926945204235919505E-32, 1.476360405086644309E-16, -1.000000000000000000 ) ) ;
#4585 = ORIENTED_EDGE ( 'NONE', *, *, #2468, .T. ) ;
#4586 = EDGE_CURVE ( 'NONE', #787, #4188, #3261, .T. ) ;
#4587 = EDGE_CURVE ( 'NONE', #2261, #2455, #396, .T. ) ;
#4588 = ORIENTED_EDGE ( 'NONE', *, *, #4823, .F. ) ;
#4589 = DIRECTION ( 'NONE',  ( 0.000000000000000000, 0.000000000000000000, -1.000000000000000000 ) ) ;
#4590 = EDGE_LOOP ( 'NONE', ( #29, #1336, #4149, #3266 ) ) ;
#4591 = LINE ( 'NONE', #1384, #1466 ) ;
#4592 = CARTESIAN_POINT ( 'NONE',  ( 43.50000000000001421, 50.90099999999998914, 13.99999999999999822 ) ) ;
#4593 = CARTESIAN_POINT ( 'NONE',  ( -23.50000000000000355, 62.79464275580687627, 32.75401519532673689 ) ) ;
#4594 = CIRCLE ( 'NONE', #3634, 19.50000000000000355 ) ;
#4595 = VERTEX_POINT ( 'NONE', #344 ) ;
#4596 = VECTOR ( 'NONE', #466, 1000.000000000000000 ) ;
#4597 = DIRECTION ( 'NONE',  ( -1.000000000000000000, 0.000000000000000000, 0.000000000000000000 ) ) ;
#4598 =( BOUNDED_CURVE ( )  B_SPLINE_CURVE ( 3, ( #914, #4170, #3764, #36 ),
 .UNSPECIFIED., .F., .F. ) 
 B_SPLINE_CURVE_WITH_KNOTS ( ( 4, 4 ),
 ( 1.508938285817964416E-31, 0.4324077755705391102 ),
 .UNSPECIFIED. ) 
 CURVE ( )  GEOMETRIC_REPRESENTATION_ITEM ( )  RATIONAL_B_SPLINE_CURVE ( ( 1.000000000000000000, 0.9844792266118164159, 0.9844792266118164159, 1.000000000000000000 ) ) 
 REPRESENTATION_ITEM ( '' )  );
#4599 = EDGE_CURVE ( 'NONE', #3688, #2881, #2382, .T. ) ;
#4600 = ORIENTED_EDGE ( 'NONE', *, *, #3874, .F. ) ;
#4601 = CARTESIAN_POINT ( 'NONE',  ( -20.99999999999657874, 96.63779939045328149, 26.83827823676583080 ) ) ;
#4602 = PLANE ( 'NONE',  #512 ) ;
#4603 = CARTESIAN_POINT ( 'NONE',  ( -0.4514269561257762131, 49.90099999999997493, -8.613739454362045578 ) ) ;
#4604 = VERTEX_POINT ( 'NONE', #4117 ) ;
#4605 = CARTESIAN_POINT ( 'NONE',  ( 61.70000000000000284, 81.15099999999998204, -30.00000000000000355 ) ) ;
#4606 = ORIENTED_EDGE ( 'NONE', *, *, #2993, .F. ) ;
#4607 = ORIENTED_EDGE ( 'NONE', *, *, #2060, .T. ) ;
#4608 = CARTESIAN_POINT ( 'NONE',  ( 0.000000000000000000, 0.000000000000000000, 58.00000000000000000 ) ) ;
#4609 = CARTESIAN_POINT ( 'NONE',  ( 1.521588410824398322E-13, 54.82100000000017559, -30.00000000000000711 ) ) ;
#4610 = LINE ( 'NONE', #2570, #919 ) ;
#4612 = ADVANCED_FACE ( 'NONE', ( #4503 ), #2827, .F. ) ;
#4611 = DIRECTION ( 'NONE',  ( 1.801018917263767441E-16, -1.000000000000000000, 0.000000000000000000 ) ) ;
#4613 = DIRECTION ( 'NONE',  ( 1.000000000000000000, 0.000000000000000000, 0.000000000000000000 ) ) ;
#4614 = VERTEX_POINT ( 'NONE', #4973 ) ;
#4615 = EDGE_CURVE ( 'NONE', #3205, #4754, #3280, .T. ) ;
#4616 = CARTESIAN_POINT ( 'NONE',  ( -2.983197022743403781E-13, 107.4809999999998098, -30.00000000000000000 ) ) ;
#4617 = DIRECTION ( 'NONE',  ( -1.296057769407959998E-16, 1.000000000000000000, -3.533873069112498770E-36 ) ) ;
#4618 = CARTESIAN_POINT ( 'NONE',  ( -23.49999999999999645, 60.44052172474106044, 35.60924732429922557 ) ) ;
#4619 = ORIENTED_EDGE ( 'NONE', *, *, #2038, .T. ) ;
#4620 = CARTESIAN_POINT ( 'NONE',  ( 0.000000000000000000, 107.6135000000000161, 55.50000000000000000 ) ) ;
#4621 = ORIENTED_EDGE ( 'NONE', *, *, #2307, .F. ) ;
#4622 = CARTESIAN_POINT ( 'NONE',  ( 0.000000000000000000, 55.15099999999999625, 58.00000000000000000 ) ) ;
#4623 = DIRECTION ( 'NONE',  ( 0.000000000000000000, -0.000000000000000000, 1.000000000000000000 ) ) ;
#4624 = CARTESIAN_POINT ( 'NONE',  ( 81.20000000000000284, 81.15099999999998204, 40.29625838435640617 ) ) ;
#4625 = EDGE_CURVE ( 'NONE', #1075, #3451, #2057, .T. ) ;
#4626 = EDGE_CURVE ( 'NONE', #4160, #1311, #2799, .T. ) ;
#4627 = CARTESIAN_POINT ( 'NONE',  ( -2.500000000000000000, 58.15100000000000335, 55.50000000000000000 ) ) ;
#4628 = EDGE_LOOP ( 'NONE', ( #1067, #1974, #4931, #3361, #2646, #612 ) ) ;
#4629 = ORIENTED_EDGE ( 'NONE', *, *, #3133, .T. ) ;
#4630 = CARTESIAN_POINT ( 'NONE',  ( -20.99999999999999289, 55.15099999999998204, 35.50000000000000000 ) ) ;
#4631 = LINE ( 'NONE', #4609, #3325 ) ;
#4632 =( BOUNDED_SURFACE ( )  B_SPLINE_SURFACE ( 3, 1, ( 
 ( #1810, #3173 ),
 ( #5218, #600 ),
 ( #235, #207 ),
 ( #3493, #1494 ) ),
 .UNSPECIFIED., .F., .F., .F. ) 
 B_SPLINE_SURFACE_WITH_KNOTS ( ( 4, 4 ),
 ( 2, 2 ),
 ( 0.000000000000000000, 1.000000000000000000 ),
 ( 0.000000000000000000, 1.000000000000000000 ),
 .UNSPECIFIED. ) 
 GEOMETRIC_REPRESENTATION_ITEM ( )  RATIONAL_B_SPLINE_SURFACE ( (
 ( 1.000000000000000000, 1.000000000000000000),
 ( 0.8025111867385936737, 0.8025111867385936737),
 ( 0.8025111867385936737, 0.8025111867385936737),
 ( 1.000000000000000000, 1.000000000000000000) ) ) 
 REPRESENTATION_ITEM ( '' )  SURFACE ( )  );
#4633 = CIRCLE ( 'NONE', #2988, 2.899999999999999911 ) ;
#4634 = CARTESIAN_POINT ( 'NONE',  ( 32.79999999999999716, 101.1510000000000105, 8.000000000000000000 ) ) ;
#4635 = LINE ( 'NONE', #1752, #1614 ) ;
#4636 = AXIS2_PLACEMENT_3D ( 'NONE', #2830, #4012, #3658 ) ;
#4637 = LINE ( 'NONE', #1708, #5252 ) ;
#4638 = VERTEX_POINT ( 'NONE', #1972 ) ;
#4639 = CIRCLE ( 'NONE', #476, 2.499999999999998668 ) ;
#4640 = DIRECTION ( 'NONE',  ( -0.000000000000000000, -0.000000000000000000, 1.000000000000000000 ) ) ;
#4641 = DIRECTION ( 'NONE',  ( 0.000000000000000000, -5.538162493580007171E-16, -1.000000000000000000 ) ) ;
#4642 = CIRCLE ( 'NONE', #3856, 3.499999999999999556 ) ;
#4643 = CARTESIAN_POINT ( 'NONE',  ( -23.49999999999998934, 59.88707008198015558, 36.10109300299311030 ) ) ;
#4644 = CIRCLE ( 'NONE', #4998, 2.500000000000001776 ) ;
#4645 = VECTOR ( 'NONE', #4831, 1000.000000000000000 ) ;
#4646 = DIRECTION ( 'NONE',  ( 9.842402700577632017E-17, -1.000000000000000000, 1.634166268253291139E-18 ) ) ;
#4647 = ORIENTED_EDGE ( 'NONE', *, *, #330, .F. ) ;
#4648 = ORIENTED_EDGE ( 'NONE', *, *, #1082, .T. ) ;
#4649 = AXIS2_PLACEMENT_3D ( 'NONE', #4418, #2355, #260 ) ;
#4650 = DIRECTION ( 'NONE',  ( 1.000000000000000000, 7.796510004390144799E-17, -0.000000000000000000 ) ) ;
#4651 = EDGE_CURVE ( 'NONE', #3439, #1241, #5301, .T. ) ;
#4652 = LINE ( 'NONE', #2179, #1559 ) ;
#4653 = CARTESIAN_POINT ( 'NONE',  ( 104.8300000000000125, 104.7810000000000059, -30.00000000000000000 ) ) ;
#4654 = ORIENTED_EDGE ( 'NONE', *, *, #1264, .T. ) ;
#4655 = CARTESIAN_POINT ( 'NONE',  ( 34.00000000000000711, 83.65099999999999625, 13.99999999999999822 ) ) ;
#4656 = ORIENTED_EDGE ( 'NONE', *, *, #4674, .F. ) ;
#4657 = VERTEX_POINT ( 'NONE', #1195 ) ;
#4658 = CARTESIAN_POINT ( 'NONE',  ( -23.49999999999999289, 65.41689013344903003, 27.50258422132941760 ) ) ;
#4659 = CARTESIAN_POINT ( 'NONE',  ( 26.00000000000001066, 112.4009999999999962, -7.627588583212783213 ) ) ;
#4660 = VECTOR ( 'NONE', #725, 1000.000000000000000 ) ;
#4661 = CARTESIAN_POINT ( 'NONE',  ( 31.00000000000000000, 116.4009999999999962, -30.00000000000000000 ) ) ;
#4662 = LINE ( 'NONE', #3792, #3004 ) ;
#4663 = EDGE_CURVE ( 'NONE', #3708, #2354, #1546, .T. ) ;
#4664 = CIRCLE ( 'NONE', #3440, 6.199999999999997513 ) ;
#4665 = CARTESIAN_POINT ( 'NONE',  ( 45.50000000000002132, 112.4009999999999962, -11.02195169601917257 ) ) ;
#4666 = AXIS2_PLACEMENT_3D ( 'NONE', #2945, #2333, #1088 ) ;
#4667 = FACE_OUTER_BOUND ( 'NONE', #1090, .T. ) ;
#4668 = ORIENTED_EDGE ( 'NONE', *, *, #3104, .T. ) ;
#4669 = CARTESIAN_POINT ( 'NONE',  ( 26.50000000000000000, 61.15099999999999625, 8.000000000000000000 ) ) ;
#4670 = CARTESIAN_POINT ( 'NONE',  ( 45.50000000000000711, 45.90100000000001046, -13.52538256101397351 ) ) ;
#4671 = ORIENTED_EDGE ( 'NONE', *, *, #4865, .T. ) ;
#4672 = CARTESIAN_POINT ( 'NONE',  ( 45.63083989060735490, 49.90099999999998204, -11.02880872412753810 ) ) ;
#4673 = ORIENTED_EDGE ( 'NONE', *, *, #3882, .F. ) ;
#4674 = EDGE_CURVE ( 'NONE', #2406, #3006, #4861, .T. ) ;
#4675 = AXIS2_PLACEMENT_3D ( 'NONE', #2869, #4957, #4898 ) ;
#4676 = CARTESIAN_POINT ( 'NONE',  ( 46.35505035831418041, 88.14787057328634035, 13.99999999999999822 ) ) ;
#4677 = VECTOR ( 'NONE', #1900, 1000.000000000000000 ) ;
#4678 = CARTESIAN_POINT ( 'NONE',  ( -5.000000000000000000, 107.1510000000000105, 10.50000000000000178 ) ) ;
#4679 = FACE_OUTER_BOUND ( 'NONE', #5064, .T. ) ;
#4680 = ORIENTED_EDGE ( 'NONE', *, *, #5285, .T. ) ;
#4681 = DIRECTION ( 'NONE',  ( 0.000000000000000000, 0.000000000000000000, 1.000000000000000000 ) ) ;
#4682 = ORIENTED_EDGE ( 'NONE', *, *, #1873, .F. ) ;
#4683 = ORIENTED_EDGE ( 'NONE', *, *, #468, .T. ) ;
#4684 = EDGE_CURVE ( 'NONE', #1824, #3831, #4528, .T. ) ;
#4685 = ORIENTED_EDGE ( 'NONE', *, *, #5234, .T. ) ;
#4686 = CARTESIAN_POINT ( 'NONE',  ( -20.99999999999999645, 66.11875280894274454, 25.51177841288189541 ) ) ;
#4687 = DIRECTION ( 'NONE',  ( -1.000000000000000000, 0.000000000000000000, 0.000000000000000000 ) ) ;
#4688 = FACE_OUTER_BOUND ( 'NONE', #2521, .T. ) ;
#4689 = FACE_OUTER_BOUND ( 'NONE', #2290, .T. ) ;
#4690 = DIRECTION ( 'NONE',  ( -1.000000000000000000, 0.000000000000000000, -0.000000000000000000 ) ) ;
#4691 = LINE ( 'NONE', #4307, #2395 ) ;
#4692 = ORIENTED_EDGE ( 'NONE', *, *, #1219, .T. ) ;
#4693 = EDGE_CURVE ( 'NONE', #3917, #4717, #5326, .T. ) ;
#4694 = CARTESIAN_POINT ( 'NONE',  ( -23.00000000000000355, 102.2074005767968004, 35.85583646240576172 ) ) ;
#4695 = EDGE_CURVE ( 'NONE', #3006, #849, #4009, .T. ) ;
#4696 = CARTESIAN_POINT ( 'NONE',  ( -35.79289321881345387, 73.65100000000001046, 9.035533905932746634 ) ) ;
#4697 = CARTESIAN_POINT ( 'NONE',  ( 121.0000000000000142, 113.4010000000000247, 0.000000000000000000 ) ) ;
#4698 = VECTOR ( 'NONE', #4004, 1000.000000000000000 ) ;
#4699 = DIRECTION ( 'NONE',  ( 2.926945204235919505E-32, -1.476360405086644309E-16, 1.000000000000000000 ) ) ;
#4700 = VERTEX_POINT ( 'NONE', #1162 ) ;
#4701 = CARTESIAN_POINT ( 'NONE',  ( 33.76989846125113104, 78.73475011096343223, -12.49855333395589518 ) ) ;
#4702 = VERTEX_POINT ( 'NONE', #2857 ) ;
#4703 = DIRECTION ( 'NONE',  ( 1.000000000000000000, 9.842402700577632017E-17, 0.000000000000000000 ) ) ;
#4704 = DIRECTION ( 'NONE',  ( 0.000000000000000000, 0.000000000000000000, 1.000000000000000000 ) ) ;
#4705 = PLANE ( 'NONE',  #4733 ) ;
#4706 = ORIENTED_EDGE ( 'NONE', *, *, #342, .T. ) ;
#4707 = ORIENTED_EDGE ( 'NONE', *, *, #3357, .F. ) ;
#4708 = DIRECTION ( 'NONE',  ( 0.000000000000000000, 0.000000000000000000, -1.000000000000000000 ) ) ;
#4709 = ORIENTED_EDGE ( 'NONE', *, *, #4900, .T. ) ;
#4710 = ORIENTED_EDGE ( 'NONE', *, *, #712, .F. ) ;
#4711 = ORIENTED_EDGE ( 'NONE', *, *, #1701, .T. ) ;
#4712 = CARTESIAN_POINT ( 'NONE',  ( -23.49999999999999289, 55.15099999999997493, 38.00000000000000000 ) ) ;
#4713 = CARTESIAN_POINT ( 'NONE',  ( -32.79999999999999716, 101.1510000000000105, 8.000000000000000000 ) ) ;
#4714 = EDGE_CURVE ( 'NONE', #610, #928, #3956, .T. ) ;
#4715 = DIRECTION ( 'NONE',  ( -1.000000000000000000, -1.595148023886718822E-16, 0.000000000000000000 ) ) ;
#4716 = CYLINDRICAL_SURFACE ( 'NONE', #744, 2.500000000000002220 ) ;
#4717 = VERTEX_POINT ( 'NONE', #5352 ) ;
#4718 = VECTOR ( 'NONE', #4552, 1000.000000000000000 ) ;
#4719 = FACE_OUTER_BOUND ( 'NONE', #398, .T. ) ;
#4720 = DIRECTION ( 'NONE',  ( -0.000000000000000000, -0.000000000000000000, -1.000000000000000000 ) ) ;
#4721 = EDGE_CURVE ( 'NONE', #4866, #1222, #1627, .T. ) ;
#4722 = ORIENTED_EDGE ( 'NONE', *, *, #2752, .T. ) ;
#4723 = CARTESIAN_POINT ( 'NONE',  ( 48.00000000000001421, 91.09588889424286151, -24.99999999999999645 ) ) ;
#4724 = ADVANCED_FACE ( 'NONE', ( #2883 ), #3601, .F. ) ;
#4725 = DIRECTION ( 'NONE',  ( 0.000000000000000000, 0.000000000000000000, 1.000000000000000000 ) ) ;
#4726 = LINE ( 'NONE', #4363, #4933 ) ;
#4727 = EDGE_CURVE ( 'NONE', #1727, #3570, #3381, .T. ) ;
#4728 = CARTESIAN_POINT ( 'NONE',  ( 0.000000000000000000, 107.1510000000000105, 58.00000000000000000 ) ) ;
#4729 = ADVANCED_FACE ( 'NONE', ( #5048 ), #1777, .F. ) ;
#4730 = AXIS2_PLACEMENT_3D ( 'NONE', #4697, #542, #2990 ) ;
#4731 = ORIENTED_EDGE ( 'NONE', *, *, #331, .F. ) ;
#4732 = CARTESIAN_POINT ( 'NONE',  ( -22.99999999999999645, 0.000000000000000000, 58.00000000000000000 ) ) ;
#4733 = AXIS2_PLACEMENT_3D ( 'NONE', #4211, #933, #4321 ) ;
#4734 = VECTOR ( 'NONE', #5155, 1000.000000000000000 ) ;
#4735 = CARTESIAN_POINT ( 'NONE',  ( 48.00000000000000000, 109.9009999999999962, -13.52538256101397529 ) ) ;
#4736 = FACE_OUTER_BOUND ( 'NONE', #555, .T. ) ;
#4737 = CARTESIAN_POINT ( 'NONE',  ( -26.50000000000000000, 61.15099999999999625, 8.000000000000000000 ) ) ;
#4738 = CIRCLE ( 'NONE', #4563, 6.299999999999999822 ) ;
#4739 = VERTEX_POINT ( 'NONE', #4194 ) ;
#4740 = DIRECTION ( 'NONE',  ( 0.000000000000000000, -0.000000000000000000, 1.000000000000000000 ) ) ;
#4741 = ORIENTED_EDGE ( 'NONE', *, *, #1904, .F. ) ;
#4742 = VERTEX_POINT ( 'NONE', #2084 ) ;
#4743 = ORIENTED_EDGE ( 'NONE', *, *, #5322, .T. ) ;
#4744 = VECTOR ( 'NONE', #3519, 1000.000000000000000 ) ;
#4745 = CARTESIAN_POINT ( 'NONE',  ( -20.99999999999999289, 57.62809636603309116, 34.67415992022710469 ) ) ;
#4746 = CARTESIAN_POINT ( 'NONE',  ( 57.56999999999999318, 107.4809999999999803, 40.29625838435640617 ) ) ;
#4747 = EDGE_CURVE ( 'NONE', #928, #610, #1442, .T. ) ;
#4748 = CYLINDRICAL_SURFACE ( 'NONE', #1183, 2.700000000000001066 ) ;
#4749 = CARTESIAN_POINT ( 'NONE',  ( -23.49999999999999645, 104.6510000000000105, 58.00000000000000000 ) ) ;
#4750 = ORIENTED_EDGE ( 'NONE', *, *, #1082, .F. ) ;
#4751 = AXIS2_PLACEMENT_3D ( 'NONE', #3316, #792, #324 ) ;
#4752 = DIRECTION ( 'NONE',  ( 1.000000000000000000, 0.000000000000000000, 0.000000000000000000 ) ) ;
#4753 = LINE ( 'NONE', #4850, #4212 ) ;
#4754 = VERTEX_POINT ( 'NONE', #480 ) ;
#4755 = FACE_OUTER_BOUND ( 'NONE', #4916, .T. ) ;
#4756 = DIRECTION ( 'NONE',  ( 0.000000000000000000, 1.000000000000000000, 0.000000000000000000 ) ) ;
#4757 = DIRECTION ( 'NONE',  ( -0.000000000000000000, -0.000000000000000000, 1.000000000000000000 ) ) ;
#4758 = ORIENTED_EDGE ( 'NONE', *, *, #1966, .T. ) ;
#4759 = VECTOR ( 'NONE', #1266, 1000.000000000000114 ) ;
#4760 = ADVANCED_FACE ( 'NONE', ( #3817, #91 ), #2191, .F. ) ;
#4761 = EDGE_CURVE ( 'NONE', #246, #1849, #4635, .T. ) ;
#4762 = LINE ( 'NONE', #2231, #605 ) ;
#4763 = ORIENTED_EDGE ( 'NONE', *, *, #3846, .F. ) ;
#4764 = VECTOR ( 'NONE', #3411, 1000.000000000000000 ) ;
#4765 = DIRECTION ( 'NONE',  ( -1.000000000000000000, 0.000000000000000000, 0.000000000000000000 ) ) ;
#4766 = CARTESIAN_POINT ( 'NONE',  ( -23.50000000000000355, 100.1531744978827021, 33.66116305531977559 ) ) ;
#4767 = LINE ( 'NONE', #1045, #3422 ) ;
#4768 = ORIENTED_EDGE ( 'NONE', *, *, #5014, .F. ) ;
#4769 = ORIENTED_EDGE ( 'NONE', *, *, #3410, .F. ) ;
#4770 = EDGE_CURVE ( 'NONE', #3393, #1245, #1680, .T. ) ;
#4771 = CARTESIAN_POINT ( 'NONE',  ( 48.00000000000000711, 90.49710212525111785, 0.000000000000000000 ) ) ;
#4772 = ORIENTED_EDGE ( 'NONE', *, *, #5066, .T. ) ;
#4773 = VERTEX_POINT ( 'NONE', #2142 ) ;
#4774 = DIRECTION ( 'NONE',  ( 0.000000000000000000, 0.000000000000000000, 1.000000000000000000 ) ) ;
#4775 = CARTESIAN_POINT ( 'NONE',  ( 118.0000000000000142, 91.15099999999999625, -5.799999999999983835 ) ) ;
#4776 = CYLINDRICAL_SURFACE ( 'NONE', #394, 2.899999999999999911 ) ;
#4777 = LINE ( 'NONE', #3545, #2310 ) ;
#4778 =( BOUNDED_CURVE ( )  B_SPLINE_CURVE ( 3, ( #9, #3324, #2879, #365 ),
 .UNSPECIFIED., .F., .F. ) 
 B_SPLINE_CURVE_WITH_KNOTS ( ( 4, 4 ),
 ( 4.712388980384689674, 6.096925003603029580 ),
 .UNSPECIFIED. ) 
 CURVE ( )  GEOMETRIC_REPRESENTATION_ITEM ( )  RATIONAL_B_SPLINE_CURVE ( ( 1.000000000000000000, 0.8465335726130007732, 0.8465335726130007732, 1.000000000000000000 ) ) 
 REPRESENTATION_ITEM ( '' )  );
#4779 = CARTESIAN_POINT ( 'NONE',  ( -25.99999999999999645, 88.65099999999999625, 10.50000000000000000 ) ) ;
#4780 = ORIENTED_EDGE ( 'NONE', *, *, #2010, .T. ) ;
#4781 = ADVANCED_FACE ( 'NONE', ( #3329 ), #3404, .F. ) ;
#4782 = DIRECTION ( 'NONE',  ( 0.000000000000000000, 0.000000000000000000, -1.000000000000000000 ) ) ;
#4783 = DIRECTION ( 'NONE',  ( -1.042677680898292906E-32, 9.842402700577632017E-17, -1.000000000000000000 ) ) ;
#4784 = CARTESIAN_POINT ( 'NONE',  ( -0.4514269561257762131, 49.90099999999997493, -8.613739454362045578 ) ) ;
#4785 = ORIENTED_EDGE ( 'NONE', *, *, #1830, .T. ) ;
#4786 = PLANE ( 'NONE',  #4155 ) ;
#4787 = CIRCLE ( 'NONE', #2093, 6.299999999999999822 ) ;
#4788 = ORIENTED_EDGE ( 'NONE', *, *, #1677, .T. ) ;
#4789 = EDGE_CURVE ( 'NONE', #3425, #3346, #4172, .T. ) ;
#4790 = DIRECTION ( 'NONE',  ( -0.000000000000000000, 0.000000000000000000, 1.000000000000000000 ) ) ;
#4791 = AXIS2_PLACEMENT_3D ( 'NONE', #2256, #4339, #234 ) ;
#4792 = CARTESIAN_POINT ( 'NONE',  ( -20.99999999999999289, 55.15099999999998914, 38.00000000000000000 ) ) ;
#4793 = ORIENTED_EDGE ( 'NONE', *, *, #1767, .T. ) ;
#4794 = PLANE ( 'NONE',  #3619 ) ;
#4795 = ORIENTED_EDGE ( 'NONE', *, *, #256, .T. ) ;
#4796 = ORIENTED_EDGE ( 'NONE', *, *, #3195, .T. ) ;
#4797 = EDGE_CURVE ( 'NONE', #2303, #2685, #5348, .T. ) ;
#4798 = CARTESIAN_POINT ( 'NONE',  ( -20.99999999999999289, 104.9529860775833185, 34.85083823599298825 ) ) ;
#4799 = DIRECTION ( 'NONE',  ( -1.000000000000000000, -3.118604001756057426E-16, 0.000000000000000000 ) ) ;
#4800 = EDGE_CURVE ( 'NONE', #585, #3338, #4662, .T. ) ;
#4801 = CARTESIAN_POINT ( 'NONE',  ( 118.0000000000000284, 71.15100000000001046, -18.19999999999999574 ) ) ;
#4802 = DIRECTION ( 'NONE',  ( 1.000000000000000000, 0.000000000000000000, 0.000000000000000000 ) ) ;
#4803 = CARTESIAN_POINT ( 'NONE',  ( -20.99999999999999645, 55.70422709037772080, 35.46734175467523897 ) ) ;
#4804 = ORIENTED_EDGE ( 'NONE', *, *, #3127, .F. ) ;
#4805 = CARTESIAN_POINT ( 'NONE',  ( 118.0000000000000284, 71.15100000000001046, -11.99999999999999467 ) ) ;
#4806 = LINE ( 'NONE', #1867, #5180 ) ;
#4807 = AXIS2_PLACEMENT_3D ( 'NONE', #4580, #3352, #2932 ) ;
#4808 = DIRECTION ( 'NONE',  ( 1.042677680898292906E-32, -9.842402700577632017E-17, 1.000000000000000000 ) ) ;
#4809 = VERTEX_POINT ( 'NONE', #2937 ) ;
#4810 = VERTEX_POINT ( 'NONE', #12 ) ;
#4811 = DIRECTION ( 'NONE',  ( 0.000000000000000000, 0.000000000000000000, 1.000000000000000000 ) ) ;
#4812 = ORIENTED_EDGE ( 'NONE', *, *, #583, .T. ) ;
#4813 =( BOUNDED_CURVE ( )  B_SPLINE_CURVE ( 3, ( #1838, #4723, #2690, #5194 ),
 .UNSPECIFIED., .F., .F. ) 
 B_SPLINE_CURVE_WITH_KNOTS ( ( 4, 4 ),
 ( 1.570796326794896780, 1.919862177193763619 ),
 .UNSPECIFIED. ) 
 CURVE ( )  GEOMETRIC_REPRESENTATION_ITEM ( )  RATIONAL_B_SPLINE_CURVE ( ( 1.000000000000000000, 0.9898718353414720506, 0.9898718353414720506, 1.000000000000000000 ) ) 
 REPRESENTATION_ITEM ( '' )  );
#4814 = AXIS2_PLACEMENT_3D ( 'NONE', #1102, #1957, #4774 ) ;
#4815 = CARTESIAN_POINT ( 'NONE',  ( -21.67604252966604506, 58.15100000000001756, 36.35906363988165424 ) ) ;
#4816 = AXIS2_PLACEMENT_3D ( 'NONE', #3204, #1119, #4950 ) ;
#4817 = CARTESIAN_POINT ( 'NONE',  ( -23.50000000000001066, 102.7051512076582185, 36.33539736841864709 ) ) ;
#4818 = VERTEX_POINT ( 'NONE', #1301 ) ;
#4819 = CARTESIAN_POINT ( 'NONE',  ( 7.121443601721749817E-15, 8.721253112156912278E-31, 55.50000000000000000 ) ) ;
#4820 = ORIENTED_EDGE ( 'NONE', *, *, #5129, .T. ) ;
#4821 = ORIENTED_EDGE ( 'NONE', *, *, #1999, .T. ) ;
#4822 = ADVANCED_FACE ( 'NONE', ( #5100 ), #2572, .F. ) ;
#4823 = EDGE_CURVE ( 'NONE', #1518, #772, #2924, .T. ) ;
#4824 = CARTESIAN_POINT ( 'NONE',  ( -23.49999999999999289, 101.3313597870304648, 35.10886665993797351 ) ) ;
#4825 = VECTOR ( 'NONE', #4549, 1000.000000000000000 ) ;
#4826 = PLANE ( 'NONE',  #377 ) ;
#4827 = DIRECTION ( 'NONE',  ( -0.000000000000000000, 1.000000000000000000, 0.000000000000000000 ) ) ;
#4828 = DIRECTION ( 'NONE',  ( -3.118604001756057426E-16, 1.000000000000000000, -0.000000000000000000 ) ) ;
#4829 = LINE ( 'NONE', #281, #4838 ) ;
#4830 = ORIENTED_EDGE ( 'NONE', *, *, #4287, .T. ) ;
#4831 = DIRECTION ( 'NONE',  ( 1.000000000000000000, 1.927470528863118802E-16, -0.000000000000000000 ) ) ;
#4832 = ADVANCED_FACE ( 'NONE', ( #4689 ), #2489, .F. ) ;
#4833 = ORIENTED_EDGE ( 'NONE', *, *, #3637, .F. ) ;
#4834 = DIRECTION ( 'NONE',  ( 0.000000000000000000, 0.000000000000000000, -1.000000000000000000 ) ) ;
#4835 = CARTESIAN_POINT ( 'NONE',  ( 47.03329130858373475, 49.97792552748203576, -11.10230808849602724 ) ) ;
#4836 = EDGE_LOOP ( 'NONE', ( #2114, #3318, #3646, #2750 ) ) ;
#4837 = ORIENTED_EDGE ( 'NONE', *, *, #4378, .T. ) ;
#4838 = VECTOR ( 'NONE', #1108, 1000.000000000000000 ) ;
#4839 = CARTESIAN_POINT ( 'NONE',  ( -23.49999999999999289, 93.65099999999999625, 7.999999999999994671 ) ) ;
#4840 = ORIENTED_EDGE ( 'NONE', *, *, #2068, .T. ) ;
#4841 = CARTESIAN_POINT ( 'NONE',  ( -23.00000000000000000, 63.89865426665610215, 30.76082302546218727 ) ) ;
#4842 = CARTESIAN_POINT ( 'NONE',  ( -23.50000000000000000, 106.7746511413253785, 38.00000000000000711 ) ) ;
#4843 = CIRCLE ( 'NONE', #2495, 2.700000000000008171 ) ;
#4844 = ORIENTED_EDGE ( 'NONE', *, *, #57, .T. ) ;
#4845 = EDGE_CURVE ( 'NONE', #733, #3570, #4996, .T. ) ;
#4846 = DIRECTION ( 'NONE',  ( -1.000000000000000000, 0.000000000000000000, 0.000000000000000000 ) ) ;
#4847 = ORIENTED_EDGE ( 'NONE', *, *, #1724, .T. ) ;
#4848 = VERTEX_POINT ( 'NONE', #1707 ) ;
#4849 = CARTESIAN_POINT ( 'NONE',  ( -20.99999999999654676, 100.8112815544929362, 34.51419495126438619 ) ) ;
#4850 = CARTESIAN_POINT ( 'NONE',  ( -36.00000000000001421, 116.4009999999999820, 8.000000000000000000 ) ) ;
#4851 = EDGE_CURVE ( 'NONE', #2813, #4595, #3356, .T. ) ;
#4852 = CARTESIAN_POINT ( 'NONE',  ( -5.000000000000000000, 81.15099999999999625, 13.99999999999999822 ) ) ;
#4853 = ORIENTED_EDGE ( 'NONE', *, *, #3577, .F. ) ;
#4854 = FACE_OUTER_BOUND ( 'NONE', #893, .T. ) ;
#4855 = CARTESIAN_POINT ( 'NONE',  ( -20.99999999999999289, 57.70999361052092524, 34.61663627084136152 ) ) ;
#4856 = VECTOR ( 'NONE', #3047, 1000.000000000000000 ) ;
#4857 = VECTOR ( 'NONE', #3389, 1000.000000000000000 ) ;
#4858 = ORIENTED_EDGE ( 'NONE', *, *, #2971, .F. ) ;
#4859 = DIRECTION ( 'NONE',  ( -1.643610237446544972E-32, -5.125769463828018969E-48, -1.000000000000000000 ) ) ;
#4860 = ORIENTED_EDGE ( 'NONE', *, *, #3383, .T. ) ;
#4861 = LINE ( 'NONE', #1571, #921 ) ;
#4862 = CARTESIAN_POINT ( 'NONE',  ( 26.50000000000000000, 61.15099999999999625, 8.000000000000000000 ) ) ;
#4863 = VERTEX_POINT ( 'NONE', #2222 ) ;
#4864 = CARTESIAN_POINT ( 'NONE',  ( 0.000000000000000000, 109.6510000000000105, 8.000000000000000000 ) ) ;
#4865 = EDGE_CURVE ( 'NONE', #2455, #1654, #1869, .T. ) ;
#4866 = VERTEX_POINT ( 'NONE', #1913 ) ;
#4867 = CARTESIAN_POINT ( 'NONE',  ( 57.56999999999999318, 104.7810000000000059, -18.50000000000001776 ) ) ;
#4868 = DIRECTION ( 'NONE',  ( 0.000000000000000000, -0.000000000000000000, -1.000000000000000000 ) ) ;
#4869 = ORIENTED_EDGE ( 'NONE', *, *, #633, .F. ) ;
#4870 = ORIENTED_EDGE ( 'NONE', *, *, #955, .T. ) ;
#4871 = DIRECTION ( 'NONE',  ( 1.000000000000000000, 0.000000000000000000, 0.000000000000000000 ) ) ;
#4872 = VECTOR ( 'NONE', #4704, 1000.000000000000000 ) ;
#4873 = CARTESIAN_POINT ( 'NONE',  ( 26.00000000000002132, 49.90099999999998914, -7.627588583212784101 ) ) ;
#4874 = CARTESIAN_POINT ( 'NONE',  ( -5.000000000000000000, 46.36350000000002325, 10.49999999999999467 ) ) ;
#4875 = DIRECTION ( 'NONE',  ( -1.000000000000000000, 0.000000000000000000, 0.000000000000000000 ) ) ;
#4876 = VECTOR ( 'NONE', #4517, 1000.000000000000000 ) ;
#4877 = ORIENTED_EDGE ( 'NONE', *, *, #4081, .F. ) ;
#4878 = DIRECTION ( 'NONE',  ( 0.000000000000000000, 1.000000000000000000, 0.000000000000000000 ) ) ;
#4879 = EDGE_CURVE ( 'NONE', #5238, #2133, #254, .T. ) ;
#4880 = CARTESIAN_POINT ( 'NONE',  ( -19.99999999999999645, 85.90099999999999625, 55.50000000000000000 ) ) ;
#4881 = ORIENTED_EDGE ( 'NONE', *, *, #1947, .F. ) ;
#4882 = CARTESIAN_POINT ( 'NONE',  ( -23.49999999999999289, 68.65100000000001046, 9.353295343180247912 ) ) ;
#4883 = VERTEX_POINT ( 'NONE', #5236 ) ;
#4884 = CARTESIAN_POINT ( 'NONE',  ( -20.99999999999999289, 107.1510000000000105, 8.000000000000000000 ) ) ;
#4885 = DIRECTION ( 'NONE',  ( 0.000000000000000000, 1.000000000000000000, 0.000000000000000000 ) ) ;
#4886 = VERTEX_POINT ( 'NONE', #4303 ) ;
#4887 = EDGE_CURVE ( 'NONE', #659, #623, #3175, .T. ) ;
#4888 = ADVANCED_FACE ( 'NONE', ( #3955 ), #229, .F. ) ;
#4889 = CARTESIAN_POINT ( 'NONE',  ( 121.0000000000000142, 113.4010000000000247, -30.00000000000000000 ) ) ;
#4890 = ORIENTED_EDGE ( 'NONE', *, *, #4190, .T. ) ;
#4891 = ADVANCED_FACE ( 'NONE', ( #4385 ), #1055, .F. ) ;
#4892 = DIRECTION ( 'NONE',  ( 0.000000000000000000, -0.000000000000000000, -1.000000000000000000 ) ) ;
#4893 = EDGE_CURVE ( 'NONE', #1518, #2354, #4644, .T. ) ;
#4894 = ADVANCED_FACE ( 'NONE', ( #1465 ), #3165, .T. ) ;
#4895 = VECTOR ( 'NONE', #559, 1000.000000000000000 ) ;
#4896 = VECTOR ( 'NONE', #4868, 1000.000000000000000 ) ;
#4897 = CARTESIAN_POINT ( 'NONE',  ( -7.500000000000000000, 45.90100000000000335, 8.000000000000000000 ) ) ;
#4898 = DIRECTION ( 'NONE',  ( 0.000000000000000000, 0.000000000000000000, 1.000000000000000000 ) ) ;
#4899 = ORIENTED_EDGE ( 'NONE', *, *, #4488, .F. ) ;
#4900 = EDGE_CURVE ( 'NONE', #3048, #3574, #3513, .T. ) ;
#4901 = EDGE_LOOP ( 'NONE', ( #4049, #498, #444, #3754 ) ) ;
#4902 = CARTESIAN_POINT ( 'NONE',  ( -20.99999999999999289, 98.98847160921653199, 25.98604953930168904 ) ) ;
#4903 = DIRECTION ( 'NONE',  ( 0.9396926207859080948, 0.3420201433256695456, 5.049449973480774093E-17 ) ) ;
#4904 = CARTESIAN_POINT ( 'NONE',  ( -25.99999999999999289, 99.31124617228019247, 38.16553272792099705 ) ) ;
#4905 = AXIS2_PLACEMENT_3D ( 'NONE', #98, #2118, #949 ) ;
#4906 = CARTESIAN_POINT ( 'NONE',  ( 62.57000000000000028, 57.52100000000000790, -30.00000000000000711 ) ) ;
#4907 = ORIENTED_EDGE ( 'NONE', *, *, #1147, .T. ) ;
#4908 = DIRECTION ( 'NONE',  ( 3.936961080231052807E-16, -1.000000000000000000, 0.000000000000000000 ) ) ;
#4909 = AXIS2_PLACEMENT_3D ( 'NONE', #4291, #525, #1744 ) ;
#4910 = PLANE ( 'NONE',  #2737 ) ;
#4911 = AXIS2_PLACEMENT_3D ( 'NONE', #620, #972, #2625 ) ;
#4912 = DIRECTION ( 'NONE',  ( -1.000000000000000000, 2.775557561562892929E-15, 0.000000000000000000 ) ) ;
#4913 = ORIENTED_EDGE ( 'NONE', *, *, #4545, .F. ) ;
#4914 = VECTOR ( 'NONE', #1272, 1000.000000000000000 ) ;
#4915 = CARTESIAN_POINT ( 'NONE',  ( -23.49999999999999289, 68.61002321563542239, 10.71072241148506698 ) ) ;
#4916 = EDGE_LOOP ( 'NONE', ( #2379, #2609, #1274, #4707 ) ) ;
#4917 = DIRECTION ( 'NONE',  ( 0.000000000000000000, -1.000000000000000000, 0.000000000000000000 ) ) ;
#4918 = CARTESIAN_POINT ( 'NONE',  ( 102.1299999999999955, 104.7810000000000059, 40.29625838435640617 ) ) ;
#4919 = VECTOR ( 'NONE', #2660, 1000.000000000000000 ) ;
#4920 = ORIENTED_EDGE ( 'NONE', *, *, #2777, .F. ) ;
#4921 = CARTESIAN_POINT ( 'NONE',  ( -23.49999999999999289, 68.65100000000001046, 7.999999999999994671 ) ) ;
#4922 = DIRECTION ( 'NONE',  ( 0.000000000000000000, 0.000000000000000000, -1.000000000000000000 ) ) ;
#4923 = ORIENTED_EDGE ( 'NONE', *, *, #3437, .F. ) ;
#4924 = ADVANCED_FACE ( 'NONE', ( #1489 ), #1805, .F. ) ;
#4925 = EDGE_CURVE ( 'NONE', #3890, #3714, #4777, .T. ) ;
#4926 = DIRECTION ( 'NONE',  ( 2.926945204235919505E-32, -1.476360405086644309E-16, 1.000000000000000000 ) ) ;
#4927 = DIRECTION ( 'NONE',  ( 0.000000000000000000, 1.000000000000000000, 0.000000000000000000 ) ) ;
#4928 = VECTOR ( 'NONE', #3406, 1000.000000000000000 ) ;
#4929 = CARTESIAN_POINT ( 'NONE',  ( -23.49999999999999289, 107.1510000000000105, 38.00000000000000000 ) ) ;
#4930 = VERTEX_POINT ( 'NONE', #5214 ) ;
#4931 = ORIENTED_EDGE ( 'NONE', *, *, #64, .T. ) ;
#4932 = VECTOR ( 'NONE', #3424, 999.9999999999998863 ) ;
#4933 = VECTOR ( 'NONE', #2773, 1000.000000000000000 ) ;
#4934 = CARTESIAN_POINT ( 'NONE',  ( -20.99999999999771205, 98.68774506387448753, 31.39658350990458047 ) ) ;
#4935 = CARTESIAN_POINT ( 'NONE',  ( -23.76271906028118508, 65.28753404296632823, -22.50000000000000355 ) ) ;
#4936 = DIRECTION ( 'NONE',  ( -0.05233595624293728432, -6.783042270805390378E-18, -0.9986295347545742773 ) ) ;
#4937 = EDGE_CURVE ( 'NONE', #3081, #2702, #2223, .T. ) ;
#4938 = AXIS2_PLACEMENT_3D ( 'NONE', #1954, #4125, #3582 ) ;
#4939 = CYLINDRICAL_SURFACE ( 'NONE', #502, 2.700000000000001066 ) ;
#4940 = DIRECTION ( 'NONE',  ( 0.000000000000000000, -0.000000000000000000, 1.000000000000000000 ) ) ;
#4941 = LINE ( 'NONE', #4436, #3776 ) ;
#4942 = DIRECTION ( 'NONE',  ( 0.000000000000000000, 0.000000000000000000, 1.000000000000000000 ) ) ;
#4943 = CARTESIAN_POINT ( 'NONE',  ( -23.00000000000000000, 101.1510000000000105, 8.000000000000000000 ) ) ;
#4944 = ORIENTED_EDGE ( 'NONE', *, *, #475, .T. ) ;
#4945 = CARTESIAN_POINT ( 'NONE',  ( -20.99999999999998934, 68.31529802164273235, 14.79511704060662503 ) ) ;
#4946 = CARTESIAN_POINT ( 'NONE',  ( -22.99999999999999645, 58.15100000000000335, 58.00000000000000000 ) ) ;
#4947 = CARTESIAN_POINT ( 'NONE',  ( 38.00000000000000711, 56.15099999999998914, -24.99999999999999289 ) ) ;
#4948 = EDGE_LOOP ( 'NONE', ( #3178, #927, #2385, #4173 ) ) ;
#4949 = VECTOR ( 'NONE', #5390, 1000.000000000000114 ) ;
#4950 = DIRECTION ( 'NONE',  ( -3.936961080231052807E-16, 1.000000000000000000, 0.000000000000000000 ) ) ;
#4951 = CARTESIAN_POINT ( 'NONE',  ( 62.57000000000000028, 60.22100000000001785, -30.00000000000000711 ) ) ;
#4952 = ORIENTED_EDGE ( 'NONE', *, *, #3328, .F. ) ;
#4953 = CARTESIAN_POINT ( 'NONE',  ( -22.99999999999999645, 0.000000000000000000, 58.00000000000000000 ) ) ;
#4954 = DIRECTION ( 'NONE',  ( -1.000000000000000000, -0.000000000000000000, -0.000000000000000000 ) ) ;
#4955 = LINE ( 'NONE', #4153, #2726 ) ;
#4956 = EDGE_CURVE ( 'NONE', #3850, #2419, #1180, .T. ) ;
#4957 = DIRECTION ( 'NONE',  ( -1.000000000000000000, -0.000000000000000000, -0.000000000000000000 ) ) ;
#4958 = ORIENTED_EDGE ( 'NONE', *, *, #4275, .T. ) ;
#4959 = CARTESIAN_POINT ( 'NONE',  ( -20.99999999999999289, 100.5609914752185858, 29.59989809709210107 ) ) ;
#4960 = CARTESIAN_POINT ( 'NONE',  ( 48.00000000000000000, 116.4009999999999962, 8.000000000000000000 ) ) ;
#4961 = CARTESIAN_POINT ( 'NONE',  ( -7.500000000000000000, 116.4009999999999962, 7.999999999999960032 ) ) ;
#4962 = AXIS2_PLACEMENT_3D ( 'NONE', #348, #1278, #4977 ) ;
#4963 = EDGE_CURVE ( 'NONE', #4353, #4352, #3925, .T. ) ;
#4964 = DIRECTION ( 'NONE',  ( 0.000000000000000000, 1.000000000000000000, 0.000000000000000000 ) ) ;
#4965 = CARTESIAN_POINT ( 'NONE',  ( 33.76989846125113104, 83.56724988903654605, -12.49855333395590407 ) ) ;
#4966 = DIRECTION ( 'NONE',  ( 0.000000000000000000, 0.000000000000000000, -1.000000000000000000 ) ) ;
#4967 = ADVANCED_FACE ( 'NONE', ( #2300 ), #4716, .F. ) ;
#4968 = VECTOR ( 'NONE', #779, 1000.000000000000114 ) ;
#4969 = CARTESIAN_POINT ( 'NONE',  ( 4.251606292599853178E-15, 1.735572012489046672E-31, 55.50000000000000000 ) ) ;
#4970 = CARTESIAN_POINT ( 'NONE',  ( -2.500000000000000000, 104.1510000000000105, 58.00000000000000000 ) ) ;
#4971 = EDGE_LOOP ( 'NONE', ( #1684, #3193 ) ) ;
#4972 = CARTESIAN_POINT ( 'NONE',  ( 48.00000000000000000, 116.4010000000000105, -13.52538256101397529 ) ) ;
#4973 = CARTESIAN_POINT ( 'NONE',  ( -36.00000000000000711, 93.65099999999999625, 8.000000000000000000 ) ) ;
#4974 = DIRECTION ( 'NONE',  ( 1.000000000000000000, -0.000000000000000000, -0.000000000000000000 ) ) ;
#4975 = EDGE_LOOP ( 'NONE', ( #1389, #3479, #1089, #3442 ) ) ;
#4976 =( NAMED_UNIT ( * ) SI_UNIT ( $, .STERADIAN. ) SOLID_ANGLE_UNIT ( ) );
#4977 = DIRECTION ( 'NONE',  ( -1.000000000000000000, -1.801018917263768674E-16, 0.000000000000000000 ) ) ;
#4978 = EDGE_LOOP ( 'NONE', ( #4214, #3160 ) ) ;
#4979 = DIRECTION ( 'NONE',  ( -1.000000000000000000, -1.801018917263768674E-16, 0.000000000000000000 ) ) ;
#4980 = LINE ( 'NONE', #3690, #1260 ) ;
#4981 = CYLINDRICAL_SURFACE ( 'NONE', #3102, 2.500000000000002220 ) ;
#4982 = DIRECTION ( 'NONE',  ( -0.000000000000000000, 1.000000000000000000, 0.000000000000000000 ) ) ;
#4983 =( BOUNDED_CURVE ( )  B_SPLINE_CURVE ( 3, ( #1220, #2851, #446, #4523 ),
 .UNSPECIFIED., .F., .F. ) 
 B_SPLINE_CURVE_WITH_KNOTS ( ( 4, 4 ),
 ( 1.570796326794896336, 2.792526803190926721 ),
 .UNSPECIFIED. ) 
 CURVE ( )  GEOMETRIC_REPRESENTATION_ITEM ( )  RATIONAL_B_SPLINE_CURVE ( ( 1.000000000000000000, 0.8794346961926612360, 0.8794346961926612360, 1.000000000000000000 ) ) 
 REPRESENTATION_ITEM ( '' )  );
#4984 = VERTEX_POINT ( 'NONE', #175 ) ;
#4985 = AXIS2_PLACEMENT_3D ( 'NONE', #197, #532, #5099 ) ;
#4986 = CARTESIAN_POINT ( 'NONE',  ( -20.99999999999999289, 95.40024801410103805, 22.85317152267170826 ) ) ;
#4987 = CARTESIAN_POINT ( 'NONE',  ( -20.99999999999998934, 105.7949860684588970, 35.25381862858579041 ) ) ;
#4988 = FACE_OUTER_BOUND ( 'NONE', #3864, .T. ) ;
#4989 = DIRECTION ( 'NONE',  ( 0.000000000000000000, 0.000000000000000000, 1.000000000000000000 ) ) ;
#4990 = ORIENTED_EDGE ( 'NONE', *, *, #264, .F. ) ;
#4991 = EDGE_CURVE ( 'NONE', #3996, #1747, #3142, .T. ) ;
#4992 = CARTESIAN_POINT ( 'NONE',  ( -7.500000000000000000, 81.15099999999999625, 10.50000000000000000 ) ) ;
#4993 = VECTOR ( 'NONE', #3208, 1000.000000000000000 ) ;
#4994 = DIRECTION ( 'NONE',  ( -1.000000000000000000, -0.000000000000000000, -0.000000000000000000 ) ) ;
#4995 = CARTESIAN_POINT ( 'NONE',  ( -23.00000000000000000, 61.15099999999999625, 5.199999999999999289 ) ) ;
#4996 = LINE ( 'NONE', #1273, #4464 ) ;
#4997 = ORIENTED_EDGE ( 'NONE', *, *, #5322, .F. ) ;
#4998 = AXIS2_PLACEMENT_3D ( 'NONE', #2326, #3978, #3567 ) ;
#4999 = CYLINDRICAL_SURFACE ( 'NONE', #2916, 2.700000000000008171 ) ;
#5000 = VECTOR ( 'NONE', #4859, 1000.000000000000000 ) ;
#5001 = EDGE_LOOP ( 'NONE', ( #2341, #4400, #4239 ) ) ;
#5002 = ADVANCED_FACE ( 'NONE', ( #1431 ), #3090, .T. ) ;
#5003 = VECTOR ( 'NONE', #2257, 1000.000000000000000 ) ;
#5004 = DIRECTION ( 'NONE',  ( 1.000000000000000000, 2.775557561562889379E-15, 2.627547755863695731E-31 ) ) ;
#5005 = CARTESIAN_POINT ( 'NONE',  ( 48.00000000000000000, 116.4009999999999962, -30.00000000000000000 ) ) ;
#5006 = DIRECTION ( 'NONE',  ( -1.000000000000000000, 0.000000000000000000, 0.000000000000000000 ) ) ;
#5007 = DIRECTION ( 'NONE',  ( 0.000000000000000000, 0.000000000000000000, 1.000000000000000000 ) ) ;
#5008 = ORIENTED_EDGE ( 'NONE', *, *, #1953, .T. ) ;
#5009 = VECTOR ( 'NONE', #3715, 1000.000000000000000 ) ;
#5010 = VECTOR ( 'NONE', #1406, 1000.000000000000000 ) ;
#5011 = CARTESIAN_POINT ( 'NONE',  ( -23.49999999999999289, 96.88510986654551971, 27.50258422131608071 ) ) ;
#5012 = FACE_OUTER_BOUND ( 'NONE', #1211, .T. ) ;
#5013 = FACE_BOUND ( 'NONE', #1343, .T. ) ;
#5014 = EDGE_CURVE ( 'NONE', #3811, #963, #4941, .T. ) ;
#5015 = DIRECTION ( 'NONE',  ( 0.000000000000000000, -0.000000000000000000, 1.000000000000000000 ) ) ;
#5016 = ORIENTED_EDGE ( 'NONE', *, *, #4347, .T. ) ;
#5017 = ORIENTED_EDGE ( 'NONE', *, *, #1410, .T. ) ;
#5018 = AXIS2_PLACEMENT_3D ( 'NONE', #4296, #5181, #4240 ) ;
#5019 = CARTESIAN_POINT ( 'NONE',  ( 42.14999999999999147, 106.1509999999999962, 40.29625838435640617 ) ) ;
#5020 = CARTESIAN_POINT ( 'NONE',  ( -25.17444911283129727, 55.78728814792420820, 37.96781154900371291 ) ) ;
#5021 = VECTOR ( 'NONE', #2198, 1000.000000000000000 ) ;
#5022 = EDGE_CURVE ( 'NONE', #2685, #2303, #2390, .T. ) ;
#5023 = AXIS2_PLACEMENT_3D ( 'NONE', #2258, #3525, #183 ) ;
#5024 = CARTESIAN_POINT ( 'NONE',  ( 28.00000000000000000, 113.4009999999999962, -29.99999999999999645 ) ) ;
#5025 = CARTESIAN_POINT ( 'NONE',  ( 0.000000000000000000, 107.1510000000000105, 58.00000000000000000 ) ) ;
#5026 = CARTESIAN_POINT ( 'NONE',  ( -25.99999999999999645, 0.000000000000000000, 58.00000000000000000 ) ) ;
#5027 = CARTESIAN_POINT ( 'NONE',  ( -22.99999999999999645, 104.1510000000000105, 58.00000000000000000 ) ) ;
#5028 = ORIENTED_EDGE ( 'NONE', *, *, #5293, .T. ) ;
#5029 = LINE ( 'NONE', #3844, #63 ) ;
#5030 = FACE_OUTER_BOUND ( 'NONE', #504, .T. ) ;
#5031 = EDGE_CURVE ( 'NONE', #4809, #4101, #215, .T. ) ;
#5032 = DIRECTION ( 'NONE',  ( 0.000000000000000000, 0.000000000000000000, 1.000000000000000000 ) ) ;
#5033 = EDGE_CURVE ( 'NONE', #3169, #1570, #4058, .T. ) ;
#5034 = AXIS2_PLACEMENT_3D ( 'NONE', #3802, #1010, #2610 ) ;
#5035 = VERTEX_POINT ( 'NONE', #4521 ) ;
#5036 = CARTESIAN_POINT ( 'NONE',  ( 27.99999999999999645, 78.17437697440742284, -25.00000000000000000 ) ) ;
#5037 = ORIENTED_EDGE ( 'NONE', *, *, #4991, .F. ) ;
#5038 = LINE ( 'NONE', #578, #2207 ) ;
#5039 = DIRECTION ( 'NONE',  ( 0.000000000000000000, -0.000000000000000000, 1.000000000000000000 ) ) ;
#5040 = DIRECTION ( 'NONE',  ( -1.000000000000000000, -1.927470528863118802E-16, 0.000000000000000000 ) ) ;
#5041 = DIRECTION ( 'NONE',  ( -0.000000000000000000, -1.000000000000000000, -0.000000000000000000 ) ) ;
#5042 = ORIENTED_EDGE ( 'NONE', *, *, #2777, .T. ) ;
#5043 = VERTEX_POINT ( 'NONE', #1992 ) ;
#5044 = CARTESIAN_POINT ( 'NONE',  ( -23.49999999999999289, 66.11875280866551918, 25.51177841278689229 ) ) ;
#5045 = DIRECTION ( 'NONE',  ( 0.000000000000000000, 0.000000000000000000, -1.000000000000000000 ) ) ;
#5046 = LINE ( 'NONE', #4972, #1356 ) ;
#5047 = CIRCLE ( 'NONE', #2443, 3.499999999999999556 ) ;
#5048 = FACE_OUTER_BOUND ( 'NONE', #3718, .T. ) ;
#5049 = DIRECTION ( 'NONE',  ( -1.000000000000000000, 0.000000000000000000, 0.000000000000000000 ) ) ;
#5050 = ORIENTED_EDGE ( 'NONE', *, *, #4318, .F. ) ;
#5051 = CARTESIAN_POINT ( 'NONE',  ( 34.00000000000000711, 78.65099999999998204, -12.00000000000000000 ) ) ;
#5052 = CYLINDRICAL_SURFACE ( 'NONE', #4905, 2.500000000000002220 ) ;
#5053 = ADVANCED_FACE ( 'NONE', ( #5371 ), #2850, .F. ) ;
#5054 = EDGE_CURVE ( 'NONE', #3688, #3739, #571, .T. ) ;
#5055 = CARTESIAN_POINT ( 'NONE',  ( -23.50000000000000000, 68.65100000000001046, 9.476907465932953301 ) ) ;
#5056 = ADVANCED_FACE ( 'NONE', ( #1937 ), #2349, .F. ) ;
#5057 = ADVANCED_FACE ( 'NONE', ( #5319 ), #802, .F. ) ;
#5058 = ORIENTED_EDGE ( 'NONE', *, *, #803, .T. ) ;
#5059 = ORIENTED_EDGE ( 'NONE', *, *, #3922, .T. ) ;
#5060 = EDGE_CURVE ( 'NONE', #4742, #735, #5291, .T. ) ;
#5061 = CARTESIAN_POINT ( 'NONE',  ( 27.99999999999999645, 48.90100000000001046, -25.00000000000000355 ) ) ;
#5062 = CARTESIAN_POINT ( 'NONE',  ( -30.00000000000000000, 101.1510000000000105, 5.199999999999999289 ) ) ;
#5063 = LINE ( 'NONE', #1015, #479 ) ;
#5064 = EDGE_LOOP ( 'NONE', ( #3594, #4435, #1485, #986, #4785, #4011, #3077 ) ) ;
#5065 = ORIENTED_EDGE ( 'NONE', *, *, #3383, .F. ) ;
#5066 = EDGE_CURVE ( 'NONE', #5274, #5265, #4408, .T. ) ;
#5067 = AXIS2_PLACEMENT_3D ( 'NONE', #1535, #3618, #1510 ) ;
#5068 = CARTESIAN_POINT ( 'NONE',  ( 81.20000000000000284, 100.6509999999999962, -30.00000000000000000 ) ) ;
#5069 = VERTEX_POINT ( 'NONE', #3647 ) ;
#5070 = ORIENTED_EDGE ( 'NONE', *, *, #4558, .T. ) ;
#5071 = CARTESIAN_POINT ( 'NONE',  ( -20.99999999999999289, 56.76506368801348401, 35.15199857285804796 ) ) ;
#5072 = CARTESIAN_POINT ( 'NONE',  ( 121.0000000000000142, 113.4010000000000247, 8.000000000000000000 ) ) ;
#5073 = AXIS2_PLACEMENT_3D ( 'NONE', #1608, #5308, #4927 ) ;
#5074 = DIRECTION ( 'NONE',  ( 0.000000000000000000, 0.000000000000000000, -1.000000000000000000 ) ) ;
#5075 = DIRECTION ( 'NONE',  ( 1.000000000000000000, 0.000000000000000000, 0.000000000000000000 ) ) ;
#5076 = DIRECTION ( 'NONE',  ( -0.000000000000000000, -0.000000000000000000, 1.000000000000000000 ) ) ;
#5077 = FILL_AREA_STYLE_COLOUR ( '', #3163 ) ;
#5078 = EDGE_LOOP ( 'NONE', ( #3228, #4890, #3521, #5318, #3182, #2226 ) ) ;
#5079 = AXIS2_PLACEMENT_3D ( 'NONE', #2065, #4954, #350 ) ;
#5080 = PLANE ( 'NONE',  #1719 ) ;
#5081 = DIRECTION ( 'NONE',  ( 1.000000000000000000, 1.059373115100340372E-16, 0.000000000000000000 ) ) ;
#5082 = DIRECTION ( 'NONE',  ( 0.000000000000000000, 1.000000000000000000, 0.000000000000000000 ) ) ;
#5083 = AXIS2_PLACEMENT_3D ( 'NONE', #1405, #1081, #2733 ) ;
#5084 = EDGE_CURVE ( 'NONE', #1049, #581, #2021, .T. ) ;
#5085 = EDGE_CURVE ( 'NONE', #3842, #249, #353, .T. ) ;
#5086 = VECTOR ( 'NONE', #1488, 1000.000000000000000 ) ;
#5087 = DIRECTION ( 'NONE',  ( 1.595148023886718822E-16, -1.000000000000000000, -0.000000000000000000 ) ) ;
#5088 = ORIENTED_EDGE ( 'NONE', *, *, #1206, .F. ) ;
#5089 = LINE ( 'NONE', #3804, #5250 ) ;
#5090 = DIRECTION ( 'NONE',  ( -1.000000000000000000, -7.796510004390144799E-17, 0.000000000000000000 ) ) ;
#5091 = FACE_BOUND ( 'NONE', #4539, .T. ) ;
#5092 = ORIENTED_EDGE ( 'NONE', *, *, #2192, .T. ) ;
#5093 = EDGE_LOOP ( 'NONE', ( #2160, #3551, #3622, #4860, #1497 ) ) ;
#5094 = LINE ( 'NONE', #4771, #1886 ) ;
#5095 = ORIENTED_EDGE ( 'NONE', *, *, #4059, .T. ) ;
#5096 = ORIENTED_EDGE ( 'NONE', *, *, #2236, .T. ) ;
#5097 = ADVANCED_FACE ( 'NONE', ( #4854 ), #3623, .F. ) ;
#5098 = CARTESIAN_POINT ( 'NONE',  ( -23.49999999999999289, 56.27604973597600946, 37.91821875534662922 ) ) ;
#5099 = DIRECTION ( 'NONE',  ( 0.000000000000000000, 1.000000000000000000, 0.000000000000000000 ) ) ;
#5100 = FACE_OUTER_BOUND ( 'NONE', #3650, .T. ) ;
#5101 = CARTESIAN_POINT ( 'NONE',  ( 23.00000000000000000, 101.1510000000000105, 0.000000000000000000 ) ) ;
#5102 = AXIS2_PLACEMENT_3D ( 'NONE', #1868, #3147, #1495 ) ;
#5103 = PLANE ( 'NONE',  #4455 ) ;
#5104 = ORIENTED_EDGE ( 'NONE', *, *, #2708, .F. ) ;
#5105 = CARTESIAN_POINT ( 'NONE',  ( -36.00000000000000000, 76.15100000000001046, 8.000000000000000000 ) ) ;
#5106 = LINE ( 'NONE', #47, #5170 ) ;
#5107 = AXIS2_PLACEMENT_3D ( 'NONE', #1434, #3321, #2844 ) ;
#5108 = CARTESIAN_POINT ( 'NONE',  ( -23.50000000000001066, 62.14882550211729750, 33.66116305531978981 ) ) ;
#5109 = EDGE_LOOP ( 'NONE', ( #60, #1978, #5088, #2348 ) ) ;
#5110 = FACE_OUTER_BOUND ( 'NONE', #4250, .T. ) ;
#5111 = ORIENTED_EDGE ( 'NONE', *, *, #3445, .F. ) ;
#5112 = EDGE_CURVE ( 'NONE', #3537, #4095, #4462, .T. ) ;
#5113 = CIRCLE ( 'NONE', #2779, 19.50000000000000355 ) ;
#5114 = CARTESIAN_POINT ( 'NONE',  ( -21.19885718696935228, 104.1510000000000105, 35.53506498066520436 ) ) ;
#5115 = AXIS2_PLACEMENT_3D ( 'NONE', #2201, #3824, #1333 ) ;
#5116 = LINE ( 'NONE', #4290, #1146 ) ;
#5117 = FACE_OUTER_BOUND ( 'NONE', #4901, .T. ) ;
#5118 = VERTEX_POINT ( 'NONE', #1964 ) ;
#5119 = CARTESIAN_POINT ( 'NONE',  ( -2.147221443858802840E-14, 111.4009999999999820, -18.50000000000001421 ) ) ;
#5120 = ORIENTED_EDGE ( 'NONE', *, *, #2108, .F. ) ;
#5121 = ORIENTED_EDGE ( 'NONE', *, *, #4727, .F. ) ;
#5122 = ORIENTED_EDGE ( 'NONE', *, *, #2164, .F. ) ;
#5123 = CARTESIAN_POINT ( 'NONE',  ( -23.49999999999999289, 55.71432483981669748, 38.00000000000000000 ) ) ;
#5124 = DIRECTION ( 'NONE',  ( 0.000000000000000000, 0.000000000000000000, -1.000000000000000000 ) ) ;
#5125 = EDGE_CURVE ( 'NONE', #1880, #3246, #364, .T. ) ;
#5126 = PLANE ( 'NONE',  #1286 ) ;
#5127 = EDGE_CURVE ( 'NONE', #3570, #4447, #3673, .T. ) ;
#5128 = DIRECTION ( 'NONE',  ( 1.000000000000000000, 0.000000000000000000, 0.000000000000000000 ) ) ;
#5129 = EDGE_CURVE ( 'NONE', #2211, #4848, #4245, .T. ) ;
#5130 = LINE ( 'NONE', #594, #5010 ) ;
#5131 = DIRECTION ( 'NONE',  ( 9.842402700577632017E-17, -1.000000000000000000, 3.201631872496236389E-18 ) ) ;
#5132 = ORIENTED_EDGE ( 'NONE', *, *, #2533, .F. ) ;
#5133 = CIRCLE ( 'NONE', #2793, 2.500000000000000444 ) ;
#5134 = CARTESIAN_POINT ( 'NONE',  ( -22.99999999999999289, 93.74199122668048290, 10.68628445892207957 ) ) ;
#5135 = CARTESIAN_POINT ( 'NONE',  ( 0.000000000000000000, 115.9384999999999764, 10.50000000000000178 ) ) ;
#5136 = LINE ( 'NONE', #4010, #1639 ) ;
#5137 = VECTOR ( 'NONE', #2154, 1000.000000000000000 ) ;
#5138 = CARTESIAN_POINT ( 'NONE',  ( 48.00000000000000711, 45.90100000000001756, -13.52538256101397529 ) ) ;
#5139 = ORIENTED_EDGE ( 'NONE', *, *, #2038, .F. ) ;
#5140 = VECTOR ( 'NONE', #3344, 1000.000000000000000 ) ;
#5141 = CARTESIAN_POINT ( 'NONE',  ( 24.96446609406728356, 50.93653390593271979, -7.026989261780966653E-16 ) ) ;
#5142 = DIRECTION ( 'NONE',  ( -1.595148023886718575E-16, 1.000000000000000000, -1.546374911546120991E-33 ) ) ;
#5143 = LINE ( 'NONE', #2999, #1813 ) ;
#5144 = CARTESIAN_POINT ( 'NONE',  ( -26.50000000000000000, 61.15099999999999625, 8.000000000000000000 ) ) ;
#5145 = ORIENTED_EDGE ( 'NONE', *, *, #3979, .F. ) ;
#5146 = VERTEX_POINT ( 'NONE', #5346 ) ;
#5147 = DIRECTION ( 'NONE',  ( -1.000000000000000000, 0.000000000000000000, -0.000000000000000000 ) ) ;
#5148 = ORIENTED_EDGE ( 'NONE', *, *, #2389, .F. ) ;
#5149 = ORIENTED_EDGE ( 'NONE', *, *, #5285, .F. ) ;
#5150 = ORIENTED_EDGE ( 'NONE', *, *, #825, .T. ) ;
#5151 = CARTESIAN_POINT ( 'NONE',  ( -20.99999999999999645, 63.95741114620485490, 30.75814963647404809 ) ) ;
#5152 = CARTESIAN_POINT ( 'NONE',  ( -23.49999999999999645, 107.1510000000000105, 58.00000000000000000 ) ) ;
#5153 = EDGE_CURVE ( 'NONE', #1796, #138, #2483, .T. ) ;
#5154 = CARTESIAN_POINT ( 'NONE',  ( 34.00000000000000711, 86.31144443118978415, 0.000000000000000000 ) ) ;
#5155 = DIRECTION ( 'NONE',  ( 0.000000000000000000, 1.000000000000000000, -0.000000000000000000 ) ) ;
#5156 = ORIENTED_EDGE ( 'NONE', *, *, #1236, .T. ) ;
#5157 =( BOUNDED_CURVE ( )  B_SPLINE_CURVE ( 3, ( #1295, #4215, #3732, #2956 ),
 .UNSPECIFIED., .F., .T. ) 
 B_SPLINE_CURVE_WITH_KNOTS ( ( 4, 4 ),
 ( 3.141592653589793116, 4.712388980384689674 ),
 .UNSPECIFIED. ) 
 CURVE ( )  GEOMETRIC_REPRESENTATION_ITEM ( )  RATIONAL_B_SPLINE_CURVE ( ( 1.000000000000000000, 0.8047378541243649375, 0.8047378541243649375, 1.000000000000000000 ) ) 
 REPRESENTATION_ITEM ( '' )  );
#5158 = VECTOR ( 'NONE', #1829, 1000.000000000000000 ) ;
#5159 = VECTOR ( 'NONE', #1579, 1000.000000000000000 ) ;
#5160 = DIRECTION ( 'NONE',  ( 0.000000000000000000, 0.000000000000000000, 1.000000000000000000 ) ) ;
#5161 = DIRECTION ( 'NONE',  ( 9.842402700577632017E-17, -1.000000000000000000, 1.634166268253291139E-18 ) ) ;
#5162 = ORIENTED_EDGE ( 'NONE', *, *, #19, .T. ) ;
#5163 = DIRECTION ( 'NONE',  ( -1.000000000000000000, 0.000000000000000000, 0.000000000000000000 ) ) ;
#5164 = AXIS2_PLACEMENT_3D ( 'NONE', #303, #1130, #4277 ) ;
#5165 = LINE ( 'NONE', #3146, #4581 ) ;
#5166 = LINE ( 'NONE', #5219, #3366 ) ;
#5167 = ORIENTED_EDGE ( 'NONE', *, *, #2468, .F. ) ;
#5168 = CARTESIAN_POINT ( 'NONE',  ( 48.00000000000000711, 88.74658327972683480, -2.499999999999998668 ) ) ;
#5169 = EDGE_CURVE ( 'NONE', #1072, #4863, #2888, .T. ) ;
#5170 = VECTOR ( 'NONE', #2199, 1000.000000000000000 ) ;
#5171 = ORIENTED_EDGE ( 'NONE', *, *, #4727, .T. ) ;
#5172 = DIRECTION ( 'NONE',  ( 0.000000000000000000, 0.000000000000000000, -1.000000000000000000 ) ) ;
#5173 = AXIS2_PLACEMENT_3D ( 'NONE', #4603, #4936, #3701 ) ;
#5174 = VECTOR ( 'NONE', #890, 1000.000000000000000 ) ;
#5175 = CARTESIAN_POINT ( 'NONE',  ( 26.50000000000000000, 61.15099999999999625, 0.000000000000000000 ) ) ;
#5176 = DIRECTION ( 'NONE',  ( -9.842402700577632017E-17, 1.000000000000000000, 0.000000000000000000 ) ) ;
#5177 = ORIENTED_EDGE ( 'NONE', *, *, #543, .F. ) ;
#5178 = CIRCLE ( 'NONE', #3515, 2.899999999999999911 ) ;
#5179 = EDGE_LOOP ( 'NONE', ( #4600, #4145, #262, #3302 ) ) ;
#5180 = VECTOR ( 'NONE', #1087, 1000.000000000000000 ) ;
#5181 = DIRECTION ( 'NONE',  ( -2.775557561562888984E-15, -1.000000000000000000, 0.000000000000000000 ) ) ;
#5182 = EDGE_LOOP ( 'NONE', ( #1161, #3677, #1372 ) ) ;
#5183 = ORIENTED_EDGE ( 'NONE', *, *, #929, .T. ) ;
#5184 = CARTESIAN_POINT ( 'NONE',  ( -20.99999999999999289, 107.1510000000000105, 35.50000000000000000 ) ) ;
#5185 = ADVANCED_FACE ( 'NONE', ( #1242 ), #3564, .F. ) ;
#5186 = CARTESIAN_POINT ( 'NONE',  ( -25.99999999999999645, 104.6509999999999962, 37.48110924760354834 ) ) ;
#5187 = DIRECTION ( 'NONE',  ( 0.000000000000000000, 0.000000000000000000, -1.000000000000000000 ) ) ;
#5188 = DIRECTION ( 'NONE',  ( 1.595148023886718822E-16, -1.000000000000000000, 0.000000000000000000 ) ) ;
#5189 = EDGE_CURVE ( 'NONE', #910, #246, #3138, .T. ) ;
#5190 = VECTOR ( 'NONE', #5215, 1000.000000000000000 ) ;
#5191 = LINE ( 'NONE', #4779, #841 ) ;
#5192 = DIRECTION ( 'NONE',  ( 0.000000000000000000, 1.000000000000000000, 0.000000000000000000 ) ) ;
#5193 = ORIENTED_EDGE ( 'NONE', *, *, #2863, .T. ) ;
#5194 = CARTESIAN_POINT ( 'NONE',  ( 48.00000000000000711, 90.49710212525111785, -24.84923155196476685 ) ) ;
#5195 = CARTESIAN_POINT ( 'NONE',  ( 45.50000000000000000, 109.9009999999999962, -2.500000000000000000 ) ) ;
#5196 = CARTESIAN_POINT ( 'NONE',  ( 109.8300000000000125, 57.52099999999999369, -30.00000000000000711 ) ) ;
#5197 = EDGE_LOOP ( 'NONE', ( #3547, #796, #1696, #4710, #4329, #3812 ) ) ;
#5198 = CARTESIAN_POINT ( 'NONE',  ( -25.99999999999999645, 0.000000000000000000, 58.00000000000000000 ) ) ;
#5199 = ORIENTED_EDGE ( 'NONE', *, *, #803, .F. ) ;
#5200 = AXIS2_PLACEMENT_3D ( 'NONE', #3313, #4427, #816 ) ;
#5201 = CARTESIAN_POINT ( 'NONE',  ( -22.99999999999999645, 58.15100000000000335, 37.19321514473028856 ) ) ;
#5202 = EDGE_CURVE ( 'NONE', #3917, #3971, #4813, .T. ) ;
#5203 = AXIS2_PLACEMENT_3D ( 'NONE', #3642, #1292, #3728 ) ;
#5204 = EDGE_CURVE ( 'NONE', #4344, #2205, #4000, .T. ) ;
#5205 = CARTESIAN_POINT ( 'NONE',  ( 38.00000000000000000, 106.1509999999999962, 40.29625838435640617 ) ) ;
#5206 = VERTEX_POINT ( 'NONE', #2227 ) ;
#5207 = ORIENTED_EDGE ( 'NONE', *, *, #3964, .F. ) ;
#5208 = CARTESIAN_POINT ( 'NONE',  ( -22.99999999999999645, 68.60048974278318212, 8.000000000000000000 ) ) ;
#5209 = ORIENTED_EDGE ( 'NONE', *, *, #1364, .F. ) ;
#5210 = ORIENTED_EDGE ( 'NONE', *, *, #1508, .F. ) ;
#5211 = CARTESIAN_POINT ( 'NONE',  ( -5.000000000000000000, 55.15099999999998914, 58.00000000000000000 ) ) ;
#5212 = CARTESIAN_POINT ( 'NONE',  ( -35.99999999999998579, 45.90100000000000335, 8.000000000000000000 ) ) ;
#5213 = DIRECTION ( 'NONE',  ( -0.7071067811865474617, 8.659560562354932858E-17, -0.7071067811865474617 ) ) ;
#5214 = CARTESIAN_POINT ( 'NONE',  ( 53.00000000000000711, 50.90099999999998914, 8.000000000000000000 ) ) ;
#5215 = DIRECTION ( 'NONE',  ( 1.968480540115525171E-16, -1.000000000000000000, 0.000000000000000000 ) ) ;
#5216 = ORIENTED_EDGE ( 'NONE', *, *, #1933, .F. ) ;
#5217 = CARTESIAN_POINT ( 'NONE',  ( -22.99999999999999289, 99.05747706859322932, 31.93073280850014584 ) ) ;
#5218 = CARTESIAN_POINT ( 'NONE',  ( -23.49999999999998934, 68.65099999999999625, 25.70520066485318722 ) ) ;
#5219 = CARTESIAN_POINT ( 'NONE',  ( 28.00000000000000000, 116.4010000000000105, -29.99999999999999645 ) ) ;
#5220 = ORIENTED_EDGE ( 'NONE', *, *, #3034, .T. ) ;
#5221 = DIRECTION ( 'NONE',  ( -0.1961161351381837947, -0.000000000000000000, -0.9805806756909202226 ) ) ;
#5222 = EDGE_LOOP ( 'NONE', ( #790, #3349, #3606, #4392, #2805, #1740 ) ) ;
#5223 = ADVANCED_FACE ( 'NONE', ( #4755 ), #3959, .T. ) ;
#5224 = ADVANCED_FACE ( 'NONE', ( #3875 ), #2713, .F. ) ;
#5225 = CYLINDRICAL_SURFACE ( 'NONE', #3505, 2.500000000000001776 ) ;
#5226 = VECTOR ( 'NONE', #1601, 1000.000000000000000 ) ;
#5227 = CARTESIAN_POINT ( 'NONE',  ( -23.50000000000000000, 93.89760941789862159, 13.89911010609537989 ) ) ;
#5228 = ORIENTED_EDGE ( 'NONE', *, *, #5112, .T. ) ;
#5229 = DIRECTION ( 'NONE',  ( -0.000000000000000000, 1.000000000000000000, 0.000000000000000000 ) ) ;
#5230 = ORIENTED_EDGE ( 'NONE', *, *, #70, .F. ) ;
#5231 = ORIENTED_EDGE ( 'NONE', *, *, #1995, .F. ) ;
#5232 = DIRECTION ( 'NONE',  ( -0.000000000000000000, -0.000000000000000000, 1.000000000000000000 ) ) ;
#5233 = CARTESIAN_POINT ( 'NONE',  ( -25.99999999999999645, 107.2782326188474542, 37.99866761326849485 ) ) ;
#5234 = EDGE_CURVE ( 'NONE', #4866, #2215, #2280, .T. ) ;
#5235 = FACE_OUTER_BOUND ( 'NONE', #1329, .T. ) ;
#5236 = CARTESIAN_POINT ( 'NONE',  ( 29.15384615384614975, 81.88714424932530278, -22.50000000000001066 ) ) ;
#5237 = DIRECTION ( 'NONE',  ( -1.000000000000000000, 0.000000000000000000, 0.000000000000000000 ) ) ;
#5238 = VERTEX_POINT ( 'NONE', #3121 ) ;
#5239 = CARTESIAN_POINT ( 'NONE',  ( -22.99999999999999645, 100.1745777982593921, 33.61906040976767684 ) ) ;
#5240 = ORIENTED_EDGE ( 'NONE', *, *, #4879, .T. ) ;
#5241 = DIRECTION ( 'NONE',  ( 0.000000000000000000, 1.000000000000000000, 0.000000000000000000 ) ) ;
#5242 = AXIS2_PLACEMENT_3D ( 'NONE', #3033, #3511, #2219 ) ;
#5243 = CARTESIAN_POINT ( 'NONE',  ( 48.00000000000001421, 50.99662393343287903, -12.12100649444685452 ) ) ;
#5244 = B_SPLINE_CURVE_WITH_KNOTS ( 'NONE', 3,
 ( #2362, #1525, #2316, #3967, #268, #4369, #2667, #1845, #4815, #1925, #1093, #2698, #1121, #686, #5251, #1903 ),
 .UNSPECIFIED., .F., .F.,
 ( 4, 2, 2, 2, 2, 2, 2, 4 ),
 ( 0.000000000000000000, 0.0009464956119407539259, 0.001419743417911130835, 0.001892991223881507852, 0.002366239029851884869, 0.002839486835822261669, 0.003312734641792638903, 0.003785982447763015703 ),
 .UNSPECIFIED. ) ;
#5245 = EDGE_LOOP ( 'NONE', ( #964, #1201, #3240, #3796 ) ) ;
#5246 = ORIENTED_EDGE ( 'NONE', *, *, #3787, .T. ) ;
#5247 = CARTESIAN_POINT ( 'NONE',  ( -36.00000000000001421, 116.4009999999999820, 8.000000000000000000 ) ) ;
#5248 = EDGE_CURVE ( 'NONE', #4773, #403, #3096, .T. ) ;
#5249 = ORIENTED_EDGE ( 'NONE', *, *, #4485, .F. ) ;
#5250 = VECTOR ( 'NONE', #159, 1000.000000000000000 ) ;
#5251 = CARTESIAN_POINT ( 'NONE',  ( -22.84303146117642669, 58.15100000000001756, 37.15723936010873274 ) ) ;
#5252 = VECTOR ( 'NONE', #3384, 1000.000000000000000 ) ;
#5253 = AXIS2_PLACEMENT_3D ( 'NONE', #4669, #456, #3845 ) ;
#5254 = DIRECTION ( 'NONE',  ( 9.842402700577632017E-17, -1.000000000000000000, 0.000000000000000000 ) ) ;
#5255 = EDGE_CURVE ( 'NONE', #4595, #2833, #3983, .T. ) ;
#5256 = ORIENTED_EDGE ( 'NONE', *, *, #4991, .T. ) ;
#5257 = CARTESIAN_POINT ( 'NONE',  ( 23.50000000000002842, 3.045735758108709569E-15, 0.000000000000000000 ) ) ;
#5258 = ORIENTED_EDGE ( 'NONE', *, *, #76, .F. ) ;
#5259 = EDGE_LOOP ( 'NONE', ( #3555, #2618 ) ) ;
#5260 = CARTESIAN_POINT ( 'NONE',  ( -21.00000000000227374, 104.5237814785048585, 37.44237572010002424 ) ) ;
#5261 = VECTOR ( 'NONE', #1821, 1000.000000000000000 ) ;
#5262 = DIRECTION ( 'NONE',  ( 1.000000000000000000, 0.000000000000000000, 0.000000000000000000 ) ) ;
#5263 = AXIS2_PLACEMENT_3D ( 'NONE', #2985, #2112, #2166 ) ;
#5264 = FACE_OUTER_BOUND ( 'NONE', #3371, .T. ) ;
#5265 = VERTEX_POINT ( 'NONE', #2738 ) ;
#5266 = CARTESIAN_POINT ( 'NONE',  ( 45.50000000000000711, 49.90099999999998204, -11.15297114422675762 ) ) ;
#5267 = EDGE_CURVE ( 'NONE', #858, #2435, #3865, .T. ) ;
#5268 = CYLINDRICAL_SURFACE ( 'NONE', #1536, 3.499999999999999556 ) ;
#5269 = ORIENTED_EDGE ( 'NONE', *, *, #162, .T. ) ;
#5270 = CARTESIAN_POINT ( 'NONE',  ( -20.99999999999998934, 66.11154144629436757, 10.60908309126061155 ) ) ;
#5271 = ORIENTED_EDGE ( 'NONE', *, *, #4963, .T. ) ;
#5272 = CARTESIAN_POINT ( 'NONE',  ( 118.0000000000000284, 71.15100000000001046, -9.099999999999996092 ) ) ;
#5273 = FACE_OUTER_BOUND ( 'NONE', #1120, .T. ) ;
#5274 = VERTEX_POINT ( 'NONE', #3464 ) ;
#5275 = CARTESIAN_POINT ( 'NONE',  ( 118.0000000000000142, 91.15099999999999625, -11.99999999999998046 ) ) ;
#5276 = ORIENTED_EDGE ( 'NONE', *, *, #2365, .T. ) ;
#5277 = VECTOR ( 'NONE', #1105, 1000.000000000000000 ) ;
#5278 = LINE ( 'NONE', #604, #2213 ) ;
#5279 = CARTESIAN_POINT ( 'NONE',  ( -23.50000000000000355, 95.70152706859666125, 23.98759243715210232 ) ) ;
#5280 = VECTOR ( 'NONE', #1907, 1000.000000000000000 ) ;
#5281 = VECTOR ( 'NONE', #397, 1000.000000000000000 ) ;
#5282 = CARTESIAN_POINT ( 'NONE',  ( -19.99999999999999645, 81.15099999999999625, 40.89999999999999858 ) ) ;
#5283 = ORIENTED_EDGE ( 'NONE', *, *, #2674, .T. ) ;
#5284 = ORIENTED_EDGE ( 'NONE', *, *, #5255, .F. ) ;
#5285 = EDGE_CURVE ( 'NONE', #4217, #274, #1411, .T. ) ;
#5286 = CARTESIAN_POINT ( 'NONE',  ( -20.99999999999999645, 104.9878875704726227, 37.63518045482495467 ) ) ;
#5287 = FACE_OUTER_BOUND ( 'NONE', #609, .T. ) ;
#5288 = CYLINDRICAL_SURFACE ( 'NONE', #2544, 2.500000000000002220 ) ;
#5289 = DIRECTION ( 'NONE',  ( 0.000000000000000000, 0.000000000000000000, -1.000000000000000000 ) ) ;
#5290 = ORIENTED_EDGE ( 'NONE', *, *, #2295, .T. ) ;
#5291 = LINE ( 'NONE', #724, #4968 ) ;
#5292 = ADVANCED_FACE ( 'NONE', ( #3333 ), #3716, .T. ) ;
#5293 = EDGE_CURVE ( 'NONE', #582, #2367, #5047, .T. ) ;
#5294 = LINE ( 'NONE', #3218, #1022 ) ;
#5295 = VECTOR ( 'NONE', #2070, 1000.000000000000000 ) ;
#5296 = ORIENTED_EDGE ( 'NONE', *, *, #883, .T. ) ;
#5297 = EDGE_CURVE ( 'NONE', #2215, #1747, #4175, .T. ) ;
#5298 = CARTESIAN_POINT ( 'NONE',  ( 28.00000000000000000, 113.4009999999999962, -29.99999999999999645 ) ) ;
#5299 = VERTEX_POINT ( 'NONE', #4951 ) ;
#5300 = EDGE_CURVE ( 'NONE', #547, #2376, #4522, .T. ) ;
#5301 = LINE ( 'NONE', #4442, #1874 ) ;
#5302 = SPHERICAL_SURFACE ( 'NONE', #1118, 2.500000000000000000 ) ;
#5303 = VERTEX_POINT ( 'NONE', #2887 ) ;
#5304 = CARTESIAN_POINT ( 'NONE',  ( 48.00000000000000711, 73.55541672027314348, -22.50000000000000000 ) ) ;
#5305 = ORIENTED_EDGE ( 'NONE', *, *, #1995, .T. ) ;
#5306 = EDGE_CURVE ( 'NONE', #3451, #1941, #868, .T. ) ;
#5307 = CARTESIAN_POINT ( 'NONE',  ( 33.92209026778527203, 83.62264317651417400, -12.16880441979859029 ) ) ;
#5308 = DIRECTION ( 'NONE',  ( -1.042677680898292906E-32, 9.842402700577632017E-17, -1.000000000000000000 ) ) ;
#5309 = AXIS2_PLACEMENT_3D ( 'NONE', #374, #2493, #2113 ) ;
#5310 = DIRECTION ( 'NONE',  ( 1.296057769407959998E-16, -1.000000000000000000, 0.000000000000000000 ) ) ;
#5311 = ORIENTED_EDGE ( 'NONE', *, *, #878, .T. ) ;
#5312 = ORIENTED_EDGE ( 'NONE', *, *, #3952, .F. ) ;
#5313 = CARTESIAN_POINT ( 'NONE',  ( -21.00000000000344258, 99.86548206524962268, 33.28565411577863387 ) ) ;
#5314 = DIRECTION ( 'NONE',  ( -0.000000000000000000, -0.000000000000000000, 1.000000000000000000 ) ) ;
#5315 = DIRECTION ( 'NONE',  ( -0.000000000000000000, -0.000000000000000000, -1.000000000000000000 ) ) ;
#5316 = DIRECTION ( 'NONE',  ( -1.000000000000000000, -2.775557561562888984E-15, 0.000000000000000000 ) ) ;
#5317 = CIRCLE ( 'NONE', #631, 2.899999999999999911 ) ;
#5318 = ORIENTED_EDGE ( 'NONE', *, *, #2573, .T. ) ;
#5319 = FACE_OUTER_BOUND ( 'NONE', #2643, .T. ) ;
#5320 = CARTESIAN_POINT ( 'NONE',  ( 124.0000000000000284, 48.90100000000001756, -30.00000000000000711 ) ) ;
#5321 = EDGE_CURVE ( 'NONE', #3246, #897, #838, .T. ) ;
#5322 = EDGE_CURVE ( 'NONE', #4395, #317, #4787, .T. ) ;
#5323 = ORIENTED_EDGE ( 'NONE', *, *, #354, .F. ) ;
#5324 = CYLINDRICAL_SURFACE ( 'NONE', #3007, 2.899999999999999911 ) ;
#5325 = ORIENTED_EDGE ( 'NONE', *, *, #2126, .T. ) ;
#5326 = LINE ( 'NONE', #835, #45 ) ;
#5327 = DIRECTION ( 'NONE',  ( 0.3420201433256693235, 0.9396926207859082059, 0.000000000000000000 ) ) ;
#5328 = ORIENTED_EDGE ( 'NONE', *, *, #4322, .F. ) ;
#5329 = CARTESIAN_POINT ( 'NONE',  ( 57.57000000000000028, 57.52099999999999369, 40.29625838435640617 ) ) ;
#5330 = CARTESIAN_POINT ( 'NONE',  ( 28.50000000000001776, 49.90099999999998914, -7.627588583212784101 ) ) ;
#5331 = ORIENTED_EDGE ( 'NONE', *, *, #5189, .F. ) ;
#5332 = CARTESIAN_POINT ( 'NONE',  ( 28.50000000000001776, 45.90100000000001046, -7.627588583212784101 ) ) ;
#5333 =( BOUNDED_CURVE ( )  B_SPLINE_CURVE ( 3, ( #157, #577, #2994, #982 ),
 .UNSPECIFIED., .F., .F. ) 
 B_SPLINE_CURVE_WITH_KNOTS ( ( 4, 4 ),
 ( 1.570796326794895892, 3.141592653589792672 ),
 .UNSPECIFIED. ) 
 CURVE ( )  GEOMETRIC_REPRESENTATION_ITEM ( )  RATIONAL_B_SPLINE_CURVE ( ( 1.000000000000000000, 0.8047378541243649375, 0.8047378541243649375, 1.000000000000000000 ) ) 
 REPRESENTATION_ITEM ( '' )  );
#5334 = ADVANCED_FACE ( 'NONE', ( #4562 ), #453, .F. ) ;
#5335 = DIRECTION ( 'NONE',  ( 0.000000000000000000, -1.000000000000000000, 0.000000000000000000 ) ) ;
#5336 = CARTESIAN_POINT ( 'NONE',  ( 81.20000000000000284, 81.15099999999998204, -30.00000000000000355 ) ) ;
#5337 = ORIENTED_EDGE ( 'NONE', *, *, #878, .F. ) ;
#5338 = EDGE_LOOP ( 'NONE', ( #1436, #5228, #4758, #1192, #5246, #1522, #284, #4441, #4870, #1786, #5323, #5337, #743, #1279, #4796 ) ) ;
#5339 = AXIS2_PLACEMENT_3D ( 'NONE', #1276, #1733, #5049 ) ;
#5340 = CARTESIAN_POINT ( 'NONE',  ( -20.99999999999999289, 97.00993969695507246, 18.41309878920764120 ) ) ;
#5341 = CARTESIAN_POINT ( 'NONE',  ( 62.57000000000000028, 54.82100000000000506, -30.00000000000000711 ) ) ;
#5342 = PLANE ( 'NONE',  #3002 ) ;
#5343 = AXIS2_PLACEMENT_3D ( 'NONE', #3821, #154, #1359 ) ;
#5344 = LINE ( 'NONE', #3593, #1117 ) ;
#5345 = EDGE_LOOP ( 'NONE', ( #1085, #4324, #5050, #4119, #5042 ) ) ;
#5346 = CARTESIAN_POINT ( 'NONE',  ( 102.1299999999999955, 57.52100000000000080, -30.00000000000000711 ) ) ;
#5347 = DIRECTION ( 'NONE',  ( 1.000000000000000000, 0.000000000000000000, 0.000000000000000000 ) ) ;
#5348 = CIRCLE ( 'NONE', #3087, 4.150000000000001243 ) ;
#5349 = DIRECTION ( 'NONE',  ( -1.643610237446544972E-32, -1.281442365957004894E-48, -1.000000000000000000 ) ) ;
#5350 = ORIENTED_EDGE ( 'NONE', *, *, #3822, .T. ) ;
#5351 = CARTESIAN_POINT ( 'NONE',  ( -20.99999999999998934, 68.61002321571186258, 10.71072241149092186 ) ) ;
#5352 = CARTESIAN_POINT ( 'NONE',  ( 48.00000000000000000, 116.4009999999999962, -24.99999999999999289 ) ) ;
#5353 = CARTESIAN_POINT ( 'NONE',  ( 109.8300000000000125, 60.22100000000001785, -18.50000000000001776 ) ) ;
#5354 = ORIENTED_EDGE ( 'NONE', *, *, #2708, .T. ) ;
#5355 = ORIENTED_EDGE ( 'NONE', *, *, #2188, .T. ) ;
#5356 = EDGE_CURVE ( 'NONE', #2564, #2435, #3686, .T. ) ;
#5357 = LINE ( 'NONE', #2006, #2233 ) ;
#5358 = ORIENTED_EDGE ( 'NONE', *, *, #2164, .T. ) ;
#5359 = CARTESIAN_POINT ( 'NONE',  ( 31.00000000000000000, 113.4009999999999962, -24.99999999999999289 ) ) ;
#5360 = FACE_OUTER_BOUND ( 'NONE', #4292, .T. ) ;
#5361 = ADVANCED_FACE ( 'NONE', ( #3255, #789, #2007 ), #1306, .T. ) ;
#5362 = LINE ( 'NONE', #436, #2598 ) ;
#5363 = ORIENTED_EDGE ( 'NONE', *, *, #3893, .T. ) ;
#5364 = ORIENTED_EDGE ( 'NONE', *, *, #1737, .F. ) ;
#5365 = CONICAL_SURFACE ( 'NONE', #2248, 6.299999999999996270, 0.7853981633974473908 ) ;
#5366 = CARTESIAN_POINT ( 'NONE',  ( -20.99999999999997868, 97.42192618686465266, 28.81721251289636498 ) ) ;
#5367 = CARTESIAN_POINT ( 'NONE',  ( -20.99999999999999289, 106.0559987201383194, 35.34352358838890495 ) ) ;
#5368 = FACE_OUTER_BOUND ( 'NONE', #597, .T. ) ;
#5369 = CARTESIAN_POINT ( 'NONE',  ( 104.8300000000000125, 104.7810000000000059, -18.50000000000001776 ) ) ;
#5370 = EDGE_LOOP ( 'NONE', ( #3915, #937, #4264, #2423 ) ) ;
#5371 = FACE_OUTER_BOUND ( 'NONE', #5109, .T. ) ;
#5372 = DIRECTION ( 'NONE',  ( 0.000000000000000000, 1.000000000000000000, 0.000000000000000000 ) ) ;
#5373 = DIRECTION ( 'NONE',  ( 0.000000000000000000, 0.000000000000000000, 1.000000000000000000 ) ) ;
#5374 = ORIENTED_EDGE ( 'NONE', *, *, #4845, .T. ) ;
#5375 = FACE_BOUND ( 'NONE', #2981, .T. ) ;
#5376 = DIRECTION ( 'NONE',  ( 0.000000000000000000, 0.000000000000000000, -1.000000000000000000 ) ) ;
#5377 = CARTESIAN_POINT ( 'NONE',  ( 45.50000000000000711, 71.80489787474886043, -2.500000000000000000 ) ) ;
#5378 = ORIENTED_EDGE ( 'NONE', *, *, #3242, .T. ) ;
#5379 = VECTOR ( 'NONE', #4159, 1000.000000000000000 ) ;
#5380 = AXIS2_PLACEMENT_3D ( 'NONE', #3554, #3125, #3068 ) ;
#5381 = CARTESIAN_POINT ( 'NONE',  ( 46.35505035831418041, 88.14787057328634035, -22.50000000000000000 ) ) ;
#5382 =( NAMED_UNIT ( * ) SI_UNIT ( $, .STERADIAN. ) SOLID_ANGLE_UNIT ( ) );
#5383 = EDGE_LOOP ( 'NONE', ( #5220, #3507, #1573, #2700, #2535 ) ) ;
#5384 = ORIENTED_EDGE ( 'NONE', *, *, #4146, .F. ) ;
#5385 = DIRECTION ( 'NONE',  ( 0.000000000000000000, 0.1819131996109805138, -0.9833145924917902070 ) ) ;
#5386 = CARTESIAN_POINT ( 'NONE',  ( 47.37651249194234282, 88.51965238535704827, -23.58701729803290803 ) ) ;
#5387 = CARTESIAN_POINT ( 'NONE',  ( 23.50000000000001066, 109.9009999999999962, 0.000000000000000000 ) ) ;
#5388 = EDGE_CURVE ( 'NONE', #4352, #2959, #3, .T. ) ;
#5389 = EDGE_CURVE ( 'NONE', #78, #403, #5133, .T. ) ;
#5390 = DIRECTION ( 'NONE',  ( 0.4142671703051469256, 0.1507809190247614839, 0.8975788689944826926 ) ) ;
#5391 = ORIENTED_EDGE ( 'NONE', *, *, #8, .F. ) ;
#5392 = CARTESIAN_POINT ( 'NONE',  ( -23.49999999999999289, 93.65099999999999625, 7.999999999999994671 ) ) ;
ENDSEC;
END-ISO-10303-21;
